match_id,season,phase,match_no,date,venue,batting_team,bowling_team,innings,over,striker,bowler,runs_of_bat,extras,wide,legbyes,byes,noballs,wicket_type,player_dismissed,fielder
202603,2026,Group Stage,3,"Mar 30, 2026","Barsapara Cricket Stadium, Guwahati",CSK,RR,1,0.1,Sanju Samson,Jofra Archer,0,0,0,0,0,0,,,
202603,2026,Group Stage,3,"Mar 30, 2026","Barsapara Cricket Stadium, Guwahati",CSK,RR,1,0.2,Sanju Samson,Jofra Archer,0,1,0,1,0,0,,,
202603,2026,Group Stage,3,"Mar 30, 2026","Barsapara Cricket Stadium, Guwahati",CSK,RR,1,0.3,Ruturaj Gaikwad,Jofra Archer,1,0,0,0,0,0,,,
202603,2026,Group Stage,3,"Mar 30, 2026","Barsapara Cricket Stadium, Guwahati",CSK,RR,1,0.4,Sanju Samson,Jofra Archer,0,0,0,0,0,0,,,
202603,2026,Group Stage,3,"Mar 30, 2026","Barsapara Cricket Stadium, Guwahati",CSK,RR,1,0.5,Sanju Samson,Jofra Archer,4,0,0,0,0,0,,,
202603,2026,Group Stage,3,"Mar 30, 2026","Barsapara Cricket Stadium, Guwahati",CSK,RR,1,0.6,Sanju Samson,Jofra Archer,1,0,0,0,0,0,,,
202603,2026,Group Stage,3,"Mar 30, 2026","Barsapara Cricket Stadium, Guwahati",CSK,RR,1,1.1,Sanju Samson,Nandre Burger,1,0,0,0,0,0,,,
202603,2026,Group Stage,3,"Mar 30, 2026","Barsapara Cricket Stadium, Guwahati",CSK,RR,1,1.2,Ruturaj Gaikwad,Nandre Burger,0,0,0,0,0,0,,,
202603,2026,Group Stage,3,"Mar 30, 2026","Barsapara Cricket Stadium, Guwahati",CSK,RR,1,1.3,Ruturaj Gaikwad,Nandre Burger,0,4,0,1,0,0,,,
202603,2026,Group Stage,3,"Mar 30, 2026","Barsapara Cricket Stadium, Guwahati",CSK,RR,1,1.4,Ruturaj Gaikwad,Nandre Burger,0,0,0,0,0,0,,,
202603,2026,Group Stage,3,"Mar 30, 2026","Barsapara Cricket Stadium, Guwahati",CSK,RR,1,1.5,Ruturaj Gaikwad,Nandre Burger,0,1,1,0,0,0,,,
202603,2026,Group Stage,3,"Mar 30, 2026","Barsapara Cricket Stadium, Guwahati",CSK,RR,1,1.5,Ruturaj Gaikwad,Nandre Burger,1,0,0,0,0,0,,,
202603,2026,Group Stage,3,"Mar 30, 2026","Barsapara Cricket Stadium, Guwahati",CSK,RR,1,1.6,Sanju Samson,Nandre Burger,0,0,0,0,0,0,bowled,Sanju Samson,
202603,2026,Group Stage,3,"Mar 30, 2026","Barsapara Cricket Stadium, Guwahati",CSK,RR,1,2.1,Ruturaj Gaikwad,Jofra Archer,0,0,0,0,0,0,,,
202603,2026,Group Stage,3,"Mar 30, 2026","Barsapara Cricket Stadium, Guwahati",CSK,RR,1,2.2,Ruturaj Gaikwad,Jofra Archer,0,0,0,0,0,0,,,
202603,2026,Group Stage,3,"Mar 30, 2026","Barsapara Cricket Stadium, Guwahati",CSK,RR,1,2.3,Ruturaj Gaikwad,Jofra Archer,0,0,0,0,0,0,,,
202603,2026,Group Stage,3,"Mar 30, 2026","Barsapara Cricket Stadium, Guwahati",CSK,RR,1,2.4,Ruturaj Gaikwad,Jofra Archer,0,0,0,0,0,0,,,
202603,2026,Group Stage,3,"Mar 30, 2026","Barsapara Cricket Stadium, Guwahati",CSK,RR,1,2.5,Ruturaj Gaikwad,Jofra Archer,4,0,0,0,0,0,,,
202603,2026,Group Stage,3,"Mar 30, 2026","Barsapara Cricket Stadium, Guwahati",CSK,RR,1,2.6,Ruturaj Gaikwad,Jofra Archer,0,0,0,0,0,0,bowled,Ruturaj Gaikwad,
202603,2026,Group Stage,3,"Mar 30, 2026","Barsapara Cricket Stadium, Guwahati",CSK,RR,1,2.6,Ruturaj Gaikwad,Jofra Archer,0,1,1,0,0,0,,,
202603,2026,Group Stage,3,"Mar 30, 2026","Barsapara Cricket Stadium, Guwahati",CSK,RR,1,3.1,Ayush Mhatre,Nandre Burger,0,0,0,0,0,0,caught,Ayush Mhatre,Dhruv Jurel
202603,2026,Group Stage,3,"Mar 30, 2026","Barsapara Cricket Stadium, Guwahati",CSK,RR,1,3.2,Sarfaraz Khan,Nandre Burger,0,0,0,0,0,0,,,
202603,2026,Group Stage,3,"Mar 30, 2026","Barsapara Cricket Stadium, Guwahati",CSK,RR,1,3.3,Sarfaraz Khan,Nandre Burger,0,0,0,0,0,0,,,
202603,2026,Group Stage,3,"Mar 30, 2026","Barsapara Cricket Stadium, Guwahati",CSK,RR,1,3.4,Sarfaraz Khan,Nandre Burger,4,0,0,0,0,0,,,
202603,2026,Group Stage,3,"Mar 30, 2026","Barsapara Cricket Stadium, Guwahati",CSK,RR,1,3.5,Sarfaraz Khan,Nandre Burger,6,0,0,0,0,0,,,
202603,2026,Group Stage,3,"Mar 30, 2026","Barsapara Cricket Stadium, Guwahati",CSK,RR,1,3.6,Sarfaraz Khan,Nandre Burger,0,0,0,0,0,0,,,
202603,2026,Group Stage,3,"Mar 30, 2026","Barsapara Cricket Stadium, Guwahati",CSK,RR,1,3.6,Sarfaraz Khan,Nandre Burger,0,1,1,0,0,0,,,
202603,2026,Group Stage,3,"Mar 30, 2026","Barsapara Cricket Stadium, Guwahati",CSK,RR,1,4.1,Matthew Short,Brijesh Sharma,0,0,0,0,0,0,,,
202603,2026,Group Stage,3,"Mar 30, 2026","Barsapara Cricket Stadium, Guwahati",CSK,RR,1,4.2,Matthew Short,Brijesh Sharma,0,0,0,0,0,0,,,
202603,2026,Group Stage,3,"Mar 30, 2026","Barsapara Cricket Stadium, Guwahati",CSK,RR,1,4.2,Matthew Short,Brijesh Sharma,0,1,1,0,0,0,,,
202603,2026,Group Stage,3,"Mar 30, 2026","Barsapara Cricket Stadium, Guwahati",CSK,RR,1,4.3,Matthew Short,Brijesh Sharma,0,0,0,0,0,0,,,
202603,2026,Group Stage,3,"Mar 30, 2026","Barsapara Cricket Stadium, Guwahati",CSK,RR,1,4.4,Matthew Short,Brijesh Sharma,0,0,0,0,0,0,,,
202603,2026,Group Stage,3,"Mar 30, 2026","Barsapara Cricket Stadium, Guwahati",CSK,RR,1,4.5,Matthew Short,Brijesh Sharma,1,0,0,0,0,0,,,
202603,2026,Group Stage,3,"Mar 30, 2026","Barsapara Cricket Stadium, Guwahati",CSK,RR,1,4.6,Sarfaraz Khan,Brijesh Sharma,4,0,0,0,0,0,,,
202603,2026,Group Stage,3,"Mar 30, 2026","Barsapara Cricket Stadium, Guwahati",CSK,RR,1,5.1,Matthew Short,Sandeep Sharma,1,0,0,0,0,0,,,
202603,2026,Group Stage,3,"Mar 30, 2026","Barsapara Cricket Stadium, Guwahati",CSK,RR,1,5.2,Sarfaraz Khan,Sandeep Sharma,1,0,0,0,0,0,,,
202603,2026,Group Stage,3,"Mar 30, 2026","Barsapara Cricket Stadium, Guwahati",CSK,RR,1,5.3,Matthew Short,Sandeep Sharma,0,0,0,0,0,0,caught,Matthew Short,Yashasvi Jaiswal
202603,2026,Group Stage,3,"Mar 30, 2026","Barsapara Cricket Stadium, Guwahati",CSK,RR,1,5.4,Kartik Sharma,Sandeep Sharma,2,0,0,0,0,0,,,
202603,2026,Group Stage,3,"Mar 30, 2026","Barsapara Cricket Stadium, Guwahati",CSK,RR,1,5.5,Kartik Sharma,Sandeep Sharma,1,0,0,0,0,0,,,
202603,2026,Group Stage,3,"Mar 30, 2026","Barsapara Cricket Stadium, Guwahati",CSK,RR,1,5.6,Sarfaraz Khan,Sandeep Sharma,0,0,0,0,0,0,,,
202603,2026,Group Stage,3,"Mar 30, 2026","Barsapara Cricket Stadium, Guwahati",CSK,RR,1,6.1,Kartik Sharma,Ravi Bishnoi,0,0,0,0,0,0,,,
202603,2026,Group Stage,3,"Mar 30, 2026","Barsapara Cricket Stadium, Guwahati",CSK,RR,1,6.2,Kartik Sharma,Ravi Bishnoi,1,0,0,0,0,0,,,
202603,2026,Group Stage,3,"Mar 30, 2026","Barsapara Cricket Stadium, Guwahati",CSK,RR,1,6.3,Sarfaraz Khan,Ravi Bishnoi,1,0,0,0,0,0,,,
202603,2026,Group Stage,3,"Mar 30, 2026","Barsapara Cricket Stadium, Guwahati",CSK,RR,1,6.4,Kartik Sharma,Ravi Bishnoi,1,0,0,0,0,0,,,
202603,2026,Group Stage,3,"Mar 30, 2026","Barsapara Cricket Stadium, Guwahati",CSK,RR,1,6.5,Sarfaraz Khan,Ravi Bishnoi,1,0,0,0,0,0,,,
202603,2026,Group Stage,3,"Mar 30, 2026","Barsapara Cricket Stadium, Guwahati",CSK,RR,1,6.6,Kartik Sharma,Ravi Bishnoi,6,0,0,0,0,0,,,
202603,2026,Group Stage,3,"Mar 30, 2026","Barsapara Cricket Stadium, Guwahati",CSK,RR,1,7.1,Sarfaraz Khan,Ravindra Jadeja,0,0,0,0,0,0,,,
202603,2026,Group Stage,3,"Mar 30, 2026","Barsapara Cricket Stadium, Guwahati",CSK,RR,1,7.2,Sarfaraz Khan,Ravindra Jadeja,0,0,0,0,0,0,lbw,Sarfaraz Khan,
202603,2026,Group Stage,3,"Mar 30, 2026","Barsapara Cricket Stadium, Guwahati",CSK,RR,1,7.3,Shivam Dube,Ravindra Jadeja,6,0,0,0,0,0,,,
202603,2026,Group Stage,3,"Mar 30, 2026","Barsapara Cricket Stadium, Guwahati",CSK,RR,1,7.4,Shivam Dube,Ravindra Jadeja,0,0,0,0,0,0,,,
202603,2026,Group Stage,3,"Mar 30, 2026","Barsapara Cricket Stadium, Guwahati",CSK,RR,1,7.5,Shivam Dube,Ravindra Jadeja,0,0,0,0,0,0,,,
202603,2026,Group Stage,3,"Mar 30, 2026","Barsapara Cricket Stadium, Guwahati",CSK,RR,1,7.6,Shivam Dube,Ravindra Jadeja,0,0,0,0,0,0,caught,Shivam Dube,Ravi Bishnoi
202603,2026,Group Stage,3,"Mar 30, 2026","Barsapara Cricket Stadium, Guwahati",CSK,RR,1,8.1,Kartik Sharma,Ravi Bishnoi,2,0,0,0,0,0,,,
202603,2026,Group Stage,3,"Mar 30, 2026","Barsapara Cricket Stadium, Guwahati",CSK,RR,1,8.2,Kartik Sharma,Ravi Bishnoi,0,0,0,0,0,0,,,
202603,2026,Group Stage,3,"Mar 30, 2026","Barsapara Cricket Stadium, Guwahati",CSK,RR,1,8.3,Kartik Sharma,Ravi Bishnoi,1,0,0,0,0,0,,,
202603,2026,Group Stage,3,"Mar 30, 2026","Barsapara Cricket Stadium, Guwahati",CSK,RR,1,8.4,Jamie Overton,Ravi Bishnoi,0,0,0,0,0,0,,,
202603,2026,Group Stage,3,"Mar 30, 2026","Barsapara Cricket Stadium, Guwahati",CSK,RR,1,8.5,Jamie Overton,Ravi Bishnoi,1,0,0,0,0,0,,,
202603,2026,Group Stage,3,"Mar 30, 2026","Barsapara Cricket Stadium, Guwahati",CSK,RR,1,8.6,Kartik Sharma,Ravi Bishnoi,1,0,0,0,0,0,,,
202603,2026,Group Stage,3,"Mar 30, 2026","Barsapara Cricket Stadium, Guwahati",CSK,RR,1,9.1,Kartik Sharma,Ravindra Jadeja,0,0,0,0,0,0,,,
202603,2026,Group Stage,3,"Mar 30, 2026","Barsapara Cricket Stadium, Guwahati",CSK,RR,1,9.2,Kartik Sharma,Ravindra Jadeja,0,0,0,0,0,0,,,
202603,2026,Group Stage,3,"Mar 30, 2026","Barsapara Cricket Stadium, Guwahati",CSK,RR,1,9.3,Kartik Sharma,Ravindra Jadeja,1,0,0,0,0,0,,,
202603,2026,Group Stage,3,"Mar 30, 2026","Barsapara Cricket Stadium, Guwahati",CSK,RR,1,9.4,Jamie Overton,Ravindra Jadeja,0,0,0,0,0,0,,,
202603,2026,Group Stage,3,"Mar 30, 2026","Barsapara Cricket Stadium, Guwahati",CSK,RR,1,9.5,Jamie Overton,Ravindra Jadeja,6,0,0,0,0,0,,,
202603,2026,Group Stage,3,"Mar 30, 2026","Barsapara Cricket Stadium, Guwahati",CSK,RR,1,9.6,Jamie Overton,Ravindra Jadeja,1,0,0,0,0,0,,,
202603,2026,Group Stage,3,"Mar 30, 2026","Barsapara Cricket Stadium, Guwahati",CSK,RR,1,10.1,Jamie Overton,Brijesh Sharma,1,0,0,0,0,0,,,
202603,2026,Group Stage,3,"Mar 30, 2026","Barsapara Cricket Stadium, Guwahati",CSK,RR,1,10.2,Kartik Sharma,Brijesh Sharma,0,1,1,0,0,0,,,
202603,2026,Group Stage,3,"Mar 30, 2026","Barsapara Cricket Stadium, Guwahati",CSK,RR,1,10.2,Kartik Sharma,Brijesh Sharma,2,0,0,0,0,0,,,
202603,2026,Group Stage,3,"Mar 30, 2026","Barsapara Cricket Stadium, Guwahati",CSK,RR,1,10.3,Kartik Sharma,Brijesh Sharma,0,0,0,0,0,0,lbw,Kartik Sharma,
202603,2026,Group Stage,3,"Mar 30, 2026","Barsapara Cricket Stadium, Guwahati",CSK,RR,1,10.4,Noor Ahmad,Brijesh Sharma,0,0,0,0,0,0,,,
202603,2026,Group Stage,3,"Mar 30, 2026","Barsapara Cricket Stadium, Guwahati",CSK,RR,1,10.5,Noor Ahmad,Brijesh Sharma,0,0,0,0,0,0,,,
202603,2026,Group Stage,3,"Mar 30, 2026","Barsapara Cricket Stadium, Guwahati",CSK,RR,1,10.6,Noor Ahmad,Brijesh Sharma,0,0,0,0,0,0,,,
202603,2026,Group Stage,3,"Mar 30, 2026","Barsapara Cricket Stadium, Guwahati",CSK,RR,1,11.1,Jamie Overton,Ravindra Jadeja,1,0,0,0,0,0,,,
202603,2026,Group Stage,3,"Mar 30, 2026","Barsapara Cricket Stadium, Guwahati",CSK,RR,1,11.2,Noor Ahmad,Ravindra Jadeja,1,0,0,0,0,0,,,
202603,2026,Group Stage,3,"Mar 30, 2026","Barsapara Cricket Stadium, Guwahati",CSK,RR,1,11.3,Jamie Overton,Ravindra Jadeja,0,0,0,0,0,0,,,
202603,2026,Group Stage,3,"Mar 30, 2026","Barsapara Cricket Stadium, Guwahati",CSK,RR,1,11.4,Jamie Overton,Ravindra Jadeja,2,0,0,0,0,0,,,
202603,2026,Group Stage,3,"Mar 30, 2026","Barsapara Cricket Stadium, Guwahati",CSK,RR,1,11.5,Jamie Overton,Ravindra Jadeja,0,1,0,1,0,0,,,
202603,2026,Group Stage,3,"Mar 30, 2026","Barsapara Cricket Stadium, Guwahati",CSK,RR,1,11.6,Noor Ahmad,Ravindra Jadeja,0,0,0,0,0,0,,,
202603,2026,Group Stage,3,"Mar 30, 2026","Barsapara Cricket Stadium, Guwahati",CSK,RR,1,12.1,Jamie Overton,Jofra Archer,3,0,0,0,0,0,,,
202603,2026,Group Stage,3,"Mar 30, 2026","Barsapara Cricket Stadium, Guwahati",CSK,RR,1,12.2,Noor Ahmad,Jofra Archer,0,0,0,0,0,0,,,
202603,2026,Group Stage,3,"Mar 30, 2026","Barsapara Cricket Stadium, Guwahati",CSK,RR,1,12.3,Noor Ahmad,Jofra Archer,0,0,0,0,0,0,,,
202603,2026,Group Stage,3,"Mar 30, 2026","Barsapara Cricket Stadium, Guwahati",CSK,RR,1,12.4,Noor Ahmad,Jofra Archer,0,0,0,0,0,0,,,
202603,2026,Group Stage,3,"Mar 30, 2026","Barsapara Cricket Stadium, Guwahati",CSK,RR,1,12.5,Noor Ahmad,Jofra Archer,0,0,0,0,0,0,bowled,Noor Ahmad,
202603,2026,Group Stage,3,"Mar 30, 2026","Barsapara Cricket Stadium, Guwahati",CSK,RR,1,12.6,Matt Henry,Jofra Archer,0,0,0,0,0,0,,,
202603,2026,Group Stage,3,"Mar 30, 2026","Barsapara Cricket Stadium, Guwahati",CSK,RR,1,13.1,Jamie Overton,Nandre Burger,2,0,0,0,0,0,,,
202603,2026,Group Stage,3,"Mar 30, 2026","Barsapara Cricket Stadium, Guwahati",CSK,RR,1,13.2,Jamie Overton,Nandre Burger,0,0,0,0,0,0,,,
202603,2026,Group Stage,3,"Mar 30, 2026","Barsapara Cricket Stadium, Guwahati",CSK,RR,1,13.3,Jamie Overton,Nandre Burger,0,0,0,0,0,0,,,
202603,2026,Group Stage,3,"Mar 30, 2026","Barsapara Cricket Stadium, Guwahati",CSK,RR,1,13.4,Jamie Overton,Nandre Burger,0,0,0,0,0,0,,,
202603,2026,Group Stage,3,"Mar 30, 2026","Barsapara Cricket Stadium, Guwahati",CSK,RR,1,13.5,Jamie Overton,Nandre Burger,0,0,0,0,0,0,,,
202603,2026,Group Stage,3,"Mar 30, 2026","Barsapara Cricket Stadium, Guwahati",CSK,RR,1,13.5,Jamie Overton,Nandre Burger,0,1,1,0,0,0,,,
202603,2026,Group Stage,3,"Mar 30, 2026","Barsapara Cricket Stadium, Guwahati",CSK,RR,1,13.6,Jamie Overton,Nandre Burger,1,0,0,0,0,0,,,
202603,2026,Group Stage,3,"Mar 30, 2026","Barsapara Cricket Stadium, Guwahati",CSK,RR,1,14.1,Jamie Overton,Brijesh Sharma,1,0,0,0,0,0,,,
202603,2026,Group Stage,3,"Mar 30, 2026","Barsapara Cricket Stadium, Guwahati",CSK,RR,1,14.2,Matt Henry,Brijesh Sharma,0,0,0,0,0,0,,,
202603,2026,Group Stage,3,"Mar 30, 2026","Barsapara Cricket Stadium, Guwahati",CSK,RR,1,14.3,Matt Henry,Brijesh Sharma,0,0,0,0,0,0,,,
202603,2026,Group Stage,3,"Mar 30, 2026","Barsapara Cricket Stadium, Guwahati",CSK,RR,1,14.4,Matt Henry,Brijesh Sharma,4,0,0,0,0,0,,,
202603,2026,Group Stage,3,"Mar 30, 2026","Barsapara Cricket Stadium, Guwahati",CSK,RR,1,14.5,Matt Henry,Brijesh Sharma,1,0,0,0,0,0,,,
202603,2026,Group Stage,3,"Mar 30, 2026","Barsapara Cricket Stadium, Guwahati",CSK,RR,1,14.6,Jamie Overton,Brijesh Sharma,1,0,0,0,0,0,,,
202603,2026,Group Stage,3,"Mar 30, 2026","Barsapara Cricket Stadium, Guwahati",CSK,RR,1,15.1,Jamie Overton,Ravi Bishnoi,1,0,0,0,0,0,,,
202603,2026,Group Stage,3,"Mar 30, 2026","Barsapara Cricket Stadium, Guwahati",CSK,RR,1,15.2,Matt Henry,Ravi Bishnoi,0,0,0,0,0,0,,,
202603,2026,Group Stage,3,"Mar 30, 2026","Barsapara Cricket Stadium, Guwahati",CSK,RR,1,15.3,Matt Henry,Ravi Bishnoi,0,0,0,0,0,0,caught,Matt Henry,Ravi Bishnoi
202603,2026,Group Stage,3,"Mar 30, 2026","Barsapara Cricket Stadium, Guwahati",CSK,RR,1,15.4,Anshul Kamboj,Ravi Bishnoi,0,0,0,0,0,0,,,
202603,2026,Group Stage,3,"Mar 30, 2026","Barsapara Cricket Stadium, Guwahati",CSK,RR,1,15.5,Anshul Kamboj,Ravi Bishnoi,0,0,0,0,0,0,,,
202603,2026,Group Stage,3,"Mar 30, 2026","Barsapara Cricket Stadium, Guwahati",CSK,RR,1,15.6,Anshul Kamboj,Ravi Bishnoi,0,0,0,0,0,0,,,
202603,2026,Group Stage,3,"Mar 30, 2026","Barsapara Cricket Stadium, Guwahati",CSK,RR,1,16.1,Jamie Overton,Jofra Archer,0,0,0,0,0,0,,,
202603,2026,Group Stage,3,"Mar 30, 2026","Barsapara Cricket Stadium, Guwahati",CSK,RR,1,16.2,Jamie Overton,Jofra Archer,0,0,0,0,0,0,,,
202603,2026,Group Stage,3,"Mar 30, 2026","Barsapara Cricket Stadium, Guwahati",CSK,RR,1,16.3,Jamie Overton,Jofra Archer,0,0,0,0,0,0,,,
202603,2026,Group Stage,3,"Mar 30, 2026","Barsapara Cricket Stadium, Guwahati",CSK,RR,1,16.4,Jamie Overton,Jofra Archer,0,0,0,0,0,0,,,
202603,2026,Group Stage,3,"Mar 30, 2026","Barsapara Cricket Stadium, Guwahati",CSK,RR,1,16.5,Jamie Overton,Jofra Archer,4,0,0,0,0,0,,,
202603,2026,Group Stage,3,"Mar 30, 2026","Barsapara Cricket Stadium, Guwahati",CSK,RR,1,16.6,Jamie Overton,Jofra Archer,1,0,0,0,0,0,,,
202603,2026,Group Stage,3,"Mar 30, 2026","Barsapara Cricket Stadium, Guwahati",CSK,RR,1,17.1,Jamie Overton,Sandeep Sharma,4,0,0,0,0,0,,,
202603,2026,Group Stage,3,"Mar 30, 2026","Barsapara Cricket Stadium, Guwahati",CSK,RR,1,17.2,Jamie Overton,Sandeep Sharma,1,0,0,0,0,0,,,
202603,2026,Group Stage,3,"Mar 30, 2026","Barsapara Cricket Stadium, Guwahati",CSK,RR,1,17.3,Anshul Kamboj,Sandeep Sharma,0,1,0,1,0,0,,,
202603,2026,Group Stage,3,"Mar 30, 2026","Barsapara Cricket Stadium, Guwahati",CSK,RR,1,17.4,Jamie Overton,Sandeep Sharma,1,0,0,0,0,0,,,
202603,2026,Group Stage,3,"Mar 30, 2026","Barsapara Cricket Stadium, Guwahati",CSK,RR,1,17.5,Anshul Kamboj,Sandeep Sharma,1,0,0,0,0,0,,,
202603,2026,Group Stage,3,"Mar 30, 2026","Barsapara Cricket Stadium, Guwahati",CSK,RR,1,17.6,Jamie Overton,Sandeep Sharma,1,0,0,0,0,0,,,
202603,2026,Group Stage,3,"Mar 30, 2026","Barsapara Cricket Stadium, Guwahati",CSK,RR,1,18.1,Jamie Overton,Nandre Burger,1,0,0,0,0,0,,,
202603,2026,Group Stage,3,"Mar 30, 2026","Barsapara Cricket Stadium, Guwahati",CSK,RR,1,18.2,Anshul Kamboj,Nandre Burger,1,1,0,0,0,1,,,
202603,2026,Group Stage,3,"Mar 30, 2026","Barsapara Cricket Stadium, Guwahati",CSK,RR,1,18.2,Anshul Kamboj,Nandre Burger,4,0,0,0,0,0,,,
202603,2026,Group Stage,3,"Mar 30, 2026","Barsapara Cricket Stadium, Guwahati",CSK,RR,1,18.3,Anshul Kamboj,Nandre Burger,0,1,0,1,0,0,,,
202603,2026,Group Stage,3,"Mar 30, 2026","Barsapara Cricket Stadium, Guwahati",CSK,RR,1,18.4,Jamie Overton,Nandre Burger,1,0,0,0,0,0,,,
202603,2026,Group Stage,3,"Mar 30, 2026","Barsapara Cricket Stadium, Guwahati",CSK,RR,1,18.5,Anshul Kamboj,Nandre Burger,1,0,0,0,0,0,,,
202603,2026,Group Stage,3,"Mar 30, 2026","Barsapara Cricket Stadium, Guwahati",CSK,RR,1,18.6,Jamie Overton,Nandre Burger,0,1,0,1,0,0,,,
202603,2026,Group Stage,3,"Mar 30, 2026","Barsapara Cricket Stadium, Guwahati",CSK,RR,1,19.1,Jamie Overton,Sandeep Sharma,6,0,0,0,0,0,,,
202603,2026,Group Stage,3,"Mar 30, 2026","Barsapara Cricket Stadium, Guwahati",CSK,RR,1,19.2,Jamie Overton,Sandeep Sharma,1,0,0,0,0,0,,,
202603,2026,Group Stage,3,"Mar 30, 2026","Barsapara Cricket Stadium, Guwahati",CSK,RR,1,19.3,Anshul Kamboj,Sandeep Sharma,1,0,0,0,0,0,,,
202603,2026,Group Stage,3,"Mar 30, 2026","Barsapara Cricket Stadium, Guwahati",CSK,RR,1,19.4,Jamie Overton,Sandeep Sharma,1,0,0,0,0,0,runout,Jamie Overton,Shimron Hetmyer/Dhruv Jurel
202607,2026,Group Stage,7,"Apr 3, 2026","MA Chidambaram Stadium, Chennai",CSK,PBKS,1,0.1,Sanju Samson,Arshdeep Singh,0,0,0,0,0,0,,,
202607,2026,Group Stage,7,"Apr 3, 2026","MA Chidambaram Stadium, Chennai",CSK,PBKS,1,0.1,Sanju Samson,Arshdeep Singh,0,1,1,0,0,0,,,
202607,2026,Group Stage,7,"Apr 3, 2026","MA Chidambaram Stadium, Chennai",CSK,PBKS,1,0.2,Sanju Samson,Arshdeep Singh,3,0,0,0,0,0,,,
202607,2026,Group Stage,7,"Apr 3, 2026","MA Chidambaram Stadium, Chennai",CSK,PBKS,1,0.3,Ruturaj Gaikwad,Arshdeep Singh,0,0,0,0,0,0,,,
202607,2026,Group Stage,7,"Apr 3, 2026","MA Chidambaram Stadium, Chennai",CSK,PBKS,1,0.4,Ruturaj Gaikwad,Arshdeep Singh,1,0,0,0,0,0,,,
202607,2026,Group Stage,7,"Apr 3, 2026","MA Chidambaram Stadium, Chennai",CSK,PBKS,1,0.5,Sanju Samson,Arshdeep Singh,0,0,0,0,0,0,,,
202607,2026,Group Stage,7,"Apr 3, 2026","MA Chidambaram Stadium, Chennai",CSK,PBKS,1,0.6,Sanju Samson,Arshdeep Singh,0,0,0,0,0,0,,,
202607,2026,Group Stage,7,"Apr 3, 2026","MA Chidambaram Stadium, Chennai",CSK,PBKS,1,1.1,Ruturaj Gaikwad,Xavier Bartlett,4,0,0,0,0,0,,,
202607,2026,Group Stage,7,"Apr 3, 2026","MA Chidambaram Stadium, Chennai",CSK,PBKS,1,1.2,Ruturaj Gaikwad,Xavier Bartlett,0,0,0,0,0,0,,,
202607,2026,Group Stage,7,"Apr 3, 2026","MA Chidambaram Stadium, Chennai",CSK,PBKS,1,1.3,Ruturaj Gaikwad,Xavier Bartlett,1,0,0,0,0,0,,,
202607,2026,Group Stage,7,"Apr 3, 2026","MA Chidambaram Stadium, Chennai",CSK,PBKS,1,1.4,Sanju Samson,Xavier Bartlett,0,0,0,0,0,0,,,
202607,2026,Group Stage,7,"Apr 3, 2026","MA Chidambaram Stadium, Chennai",CSK,PBKS,1,1.5,Sanju Samson,Xavier Bartlett,4,0,0,0,0,0,,,
202607,2026,Group Stage,7,"Apr 3, 2026","MA Chidambaram Stadium, Chennai",CSK,PBKS,1,1.6,Sanju Samson,Xavier Bartlett,0,0,0,0,0,0,caught,Sanju Samson,Prabhsimran Singh
202607,2026,Group Stage,7,"Apr 3, 2026","MA Chidambaram Stadium, Chennai",CSK,PBKS,1,2.1,Ruturaj Gaikwad,Marco Jansen,4,0,0,0,0,0,,,
202607,2026,Group Stage,7,"Apr 3, 2026","MA Chidambaram Stadium, Chennai",CSK,PBKS,1,2.2,Ruturaj Gaikwad,Marco Jansen,1,0,0,0,0,0,,,
202607,2026,Group Stage,7,"Apr 3, 2026","MA Chidambaram Stadium, Chennai",CSK,PBKS,1,2.3,Ayush Mhatre,Marco Jansen,0,0,0,0,0,0,,,
202607,2026,Group Stage,7,"Apr 3, 2026","MA Chidambaram Stadium, Chennai",CSK,PBKS,1,2.4,Ayush Mhatre,Marco Jansen,0,0,0,0,0,0,,,
202607,2026,Group Stage,7,"Apr 3, 2026","MA Chidambaram Stadium, Chennai",CSK,PBKS,1,2.5,Ayush Mhatre,Marco Jansen,0,0,0,0,0,0,,,
202607,2026,Group Stage,7,"Apr 3, 2026","MA Chidambaram Stadium, Chennai",CSK,PBKS,1,2.5,Ayush Mhatre,Marco Jansen,0,5,1,0,0,0,,,
202607,2026,Group Stage,7,"Apr 3, 2026","MA Chidambaram Stadium, Chennai",CSK,PBKS,1,2.6,Ayush Mhatre,Marco Jansen,0,0,0,0,0,0,,,
202607,2026,Group Stage,7,"Apr 3, 2026","MA Chidambaram Stadium, Chennai",CSK,PBKS,1,3.1,Ruturaj Gaikwad,Xavier Bartlett,1,0,0,0,0,0,,,
202607,2026,Group Stage,7,"Apr 3, 2026","MA Chidambaram Stadium, Chennai",CSK,PBKS,1,3.2,Ayush Mhatre,Xavier Bartlett,4,0,0,0,0,0,,,
202607,2026,Group Stage,7,"Apr 3, 2026","MA Chidambaram Stadium, Chennai",CSK,PBKS,1,3.3,Ayush Mhatre,Xavier Bartlett,4,0,0,0,0,0,,,
202607,2026,Group Stage,7,"Apr 3, 2026","MA Chidambaram Stadium, Chennai",CSK,PBKS,1,3.4,Ayush Mhatre,Xavier Bartlett,4,0,0,0,0,0,,,
202607,2026,Group Stage,7,"Apr 3, 2026","MA Chidambaram Stadium, Chennai",CSK,PBKS,1,3.5,Ayush Mhatre,Xavier Bartlett,2,0,0,0,0,0,,,
202607,2026,Group Stage,7,"Apr 3, 2026","MA Chidambaram Stadium, Chennai",CSK,PBKS,1,3.6,Ayush Mhatre,Xavier Bartlett,0,0,0,0,0,0,,,
202607,2026,Group Stage,7,"Apr 3, 2026","MA Chidambaram Stadium, Chennai",CSK,PBKS,1,4.1,Ruturaj Gaikwad,Vijaykumar Vyshak,1,0,0,0,0,0,,,
202607,2026,Group Stage,7,"Apr 3, 2026","MA Chidambaram Stadium, Chennai",CSK,PBKS,1,4.2,Ayush Mhatre,Vijaykumar Vyshak,0,0,0,0,0,0,,,
202607,2026,Group Stage,7,"Apr 3, 2026","MA Chidambaram Stadium, Chennai",CSK,PBKS,1,4.3,Ayush Mhatre,Vijaykumar Vyshak,6,0,0,0,0,0,,,
202607,2026,Group Stage,7,"Apr 3, 2026","MA Chidambaram Stadium, Chennai",CSK,PBKS,1,4.4,Ayush Mhatre,Vijaykumar Vyshak,2,0,0,0,0,0,,,
202607,2026,Group Stage,7,"Apr 3, 2026","MA Chidambaram Stadium, Chennai",CSK,PBKS,1,4.5,Ayush Mhatre,Vijaykumar Vyshak,0,0,0,0,0,0,,,
202607,2026,Group Stage,7,"Apr 3, 2026","MA Chidambaram Stadium, Chennai",CSK,PBKS,1,4.6,Ayush Mhatre,Vijaykumar Vyshak,1,0,0,0,0,0,,,
202607,2026,Group Stage,7,"Apr 3, 2026","MA Chidambaram Stadium, Chennai",CSK,PBKS,1,5.1,Ayush Mhatre,Arshdeep Singh,0,0,0,0,0,0,,,
202607,2026,Group Stage,7,"Apr 3, 2026","MA Chidambaram Stadium, Chennai",CSK,PBKS,1,5.2,Ayush Mhatre,Arshdeep Singh,0,1,1,0,0,0,,,
202607,2026,Group Stage,7,"Apr 3, 2026","MA Chidambaram Stadium, Chennai",CSK,PBKS,1,5.2,Ayush Mhatre,Arshdeep Singh,4,0,0,0,0,0,,,
202607,2026,Group Stage,7,"Apr 3, 2026","MA Chidambaram Stadium, Chennai",CSK,PBKS,1,5.3,Ayush Mhatre,Arshdeep Singh,1,0,0,0,0,0,,,
202607,2026,Group Stage,7,"Apr 3, 2026","MA Chidambaram Stadium, Chennai",CSK,PBKS,1,5.4,Ruturaj Gaikwad,Arshdeep Singh,1,0,0,0,0,0,,,
202607,2026,Group Stage,7,"Apr 3, 2026","MA Chidambaram Stadium, Chennai",CSK,PBKS,1,5.5,Ayush Mhatre,Arshdeep Singh,0,0,0,0,0,0,,,
202607,2026,Group Stage,7,"Apr 3, 2026","MA Chidambaram Stadium, Chennai",CSK,PBKS,1,5.6,Ayush Mhatre,Arshdeep Singh,1,0,0,0,0,0,,,
202607,2026,Group Stage,7,"Apr 3, 2026","MA Chidambaram Stadium, Chennai",CSK,PBKS,1,6.1,Ayush Mhatre,Marco Jansen,6,0,0,0,0,0,,,
202607,2026,Group Stage,7,"Apr 3, 2026","MA Chidambaram Stadium, Chennai",CSK,PBKS,1,6.2,Ayush Mhatre,Marco Jansen,0,0,0,0,0,0,,,
202607,2026,Group Stage,7,"Apr 3, 2026","MA Chidambaram Stadium, Chennai",CSK,PBKS,1,6.3,Ayush Mhatre,Marco Jansen,2,0,0,0,0,0,,,
202607,2026,Group Stage,7,"Apr 3, 2026","MA Chidambaram Stadium, Chennai",CSK,PBKS,1,6.4,Ayush Mhatre,Marco Jansen,0,0,0,0,0,0,,,
202607,2026,Group Stage,7,"Apr 3, 2026","MA Chidambaram Stadium, Chennai",CSK,PBKS,1,6.5,Ayush Mhatre,Marco Jansen,6,0,0,0,0,0,,,
202607,2026,Group Stage,7,"Apr 3, 2026","MA Chidambaram Stadium, Chennai",CSK,PBKS,1,6.6,Ayush Mhatre,Marco Jansen,0,0,0,0,0,0,,,
202607,2026,Group Stage,7,"Apr 3, 2026","MA Chidambaram Stadium, Chennai",CSK,PBKS,1,7.1,Ruturaj Gaikwad,Yuzvendra Chahal,1,0,0,0,0,0,,,
202607,2026,Group Stage,7,"Apr 3, 2026","MA Chidambaram Stadium, Chennai",CSK,PBKS,1,7.2,Ayush Mhatre,Yuzvendra Chahal,1,0,0,0,0,0,,,
202607,2026,Group Stage,7,"Apr 3, 2026","MA Chidambaram Stadium, Chennai",CSK,PBKS,1,7.3,Ruturaj Gaikwad,Yuzvendra Chahal,1,0,0,0,0,0,,,
202607,2026,Group Stage,7,"Apr 3, 2026","MA Chidambaram Stadium, Chennai",CSK,PBKS,1,7.4,Ayush Mhatre,Yuzvendra Chahal,1,0,0,0,0,0,,,
202607,2026,Group Stage,7,"Apr 3, 2026","MA Chidambaram Stadium, Chennai",CSK,PBKS,1,7.5,Ruturaj Gaikwad,Yuzvendra Chahal,1,0,0,0,0,0,,,
202607,2026,Group Stage,7,"Apr 3, 2026","MA Chidambaram Stadium, Chennai",CSK,PBKS,1,7.6,Ayush Mhatre,Yuzvendra Chahal,1,0,0,0,0,0,,,
202607,2026,Group Stage,7,"Apr 3, 2026","MA Chidambaram Stadium, Chennai",CSK,PBKS,1,8.1,Ayush Mhatre,Marcus Stoinis,6,0,0,0,0,0,,,
202607,2026,Group Stage,7,"Apr 3, 2026","MA Chidambaram Stadium, Chennai",CSK,PBKS,1,8.2,Ayush Mhatre,Marcus Stoinis,6,0,0,0,0,0,,,
202607,2026,Group Stage,7,"Apr 3, 2026","MA Chidambaram Stadium, Chennai",CSK,PBKS,1,8.3,Ayush Mhatre,Marcus Stoinis,0,1,1,0,0,0,,,
202607,2026,Group Stage,7,"Apr 3, 2026","MA Chidambaram Stadium, Chennai",CSK,PBKS,1,8.3,Ayush Mhatre,Marcus Stoinis,1,0,0,0,0,0,,,
202607,2026,Group Stage,7,"Apr 3, 2026","MA Chidambaram Stadium, Chennai",CSK,PBKS,1,8.4,Ruturaj Gaikwad,Marcus Stoinis,2,0,0,0,0,0,,,
202607,2026,Group Stage,7,"Apr 3, 2026","MA Chidambaram Stadium, Chennai",CSK,PBKS,1,8.5,Ruturaj Gaikwad,Marcus Stoinis,1,0,0,0,0,0,,,
202607,2026,Group Stage,7,"Apr 3, 2026","MA Chidambaram Stadium, Chennai",CSK,PBKS,1,8.6,Ayush Mhatre,Marcus Stoinis,0,0,0,0,0,0,,,
202607,2026,Group Stage,7,"Apr 3, 2026","MA Chidambaram Stadium, Chennai",CSK,PBKS,1,9.1,Ruturaj Gaikwad,Yuzvendra Chahal,1,0,0,0,0,0,,,
202607,2026,Group Stage,7,"Apr 3, 2026","MA Chidambaram Stadium, Chennai",CSK,PBKS,1,9.2,Ayush Mhatre,Yuzvendra Chahal,0,0,0,0,0,0,,,
202607,2026,Group Stage,7,"Apr 3, 2026","MA Chidambaram Stadium, Chennai",CSK,PBKS,1,9.3,Ayush Mhatre,Yuzvendra Chahal,2,0,0,0,0,0,,,
202607,2026,Group Stage,7,"Apr 3, 2026","MA Chidambaram Stadium, Chennai",CSK,PBKS,1,9.4,Ayush Mhatre,Yuzvendra Chahal,1,0,0,0,0,0,,,
202607,2026,Group Stage,7,"Apr 3, 2026","MA Chidambaram Stadium, Chennai",CSK,PBKS,1,9.5,Ruturaj Gaikwad,Yuzvendra Chahal,2,0,0,0,0,0,,,
202607,2026,Group Stage,7,"Apr 3, 2026","MA Chidambaram Stadium, Chennai",CSK,PBKS,1,9.6,Ruturaj Gaikwad,Yuzvendra Chahal,1,0,0,0,0,0,,,
202607,2026,Group Stage,7,"Apr 3, 2026","MA Chidambaram Stadium, Chennai",CSK,PBKS,1,10.1,Ruturaj Gaikwad,Vijaykumar Vyshak,1,0,0,0,0,0,,,
202607,2026,Group Stage,7,"Apr 3, 2026","MA Chidambaram Stadium, Chennai",CSK,PBKS,1,10.2,Ayush Mhatre,Vijaykumar Vyshak,1,0,0,0,0,0,,,
202607,2026,Group Stage,7,"Apr 3, 2026","MA Chidambaram Stadium, Chennai",CSK,PBKS,1,10.3,Ruturaj Gaikwad,Vijaykumar Vyshak,2,0,0,0,0,0,,,
202607,2026,Group Stage,7,"Apr 3, 2026","MA Chidambaram Stadium, Chennai",CSK,PBKS,1,10.4,Ruturaj Gaikwad,Vijaykumar Vyshak,1,0,0,0,0,0,,,
202607,2026,Group Stage,7,"Apr 3, 2026","MA Chidambaram Stadium, Chennai",CSK,PBKS,1,10.5,Ayush Mhatre,Vijaykumar Vyshak,4,0,0,0,0,0,,,
202607,2026,Group Stage,7,"Apr 3, 2026","MA Chidambaram Stadium, Chennai",CSK,PBKS,1,10.6,Ayush Mhatre,Vijaykumar Vyshak,0,0,0,0,0,0,,,
202607,2026,Group Stage,7,"Apr 3, 2026","MA Chidambaram Stadium, Chennai",CSK,PBKS,1,11.1,Ruturaj Gaikwad,Yuzvendra Chahal,0,0,0,0,0,0,bowled,Ruturaj Gaikwad,
202607,2026,Group Stage,7,"Apr 3, 2026","MA Chidambaram Stadium, Chennai",CSK,PBKS,1,11.2,Shivam Dube,Yuzvendra Chahal,1,0,0,0,0,0,,,
202607,2026,Group Stage,7,"Apr 3, 2026","MA Chidambaram Stadium, Chennai",CSK,PBKS,1,11.3,Ayush Mhatre,Yuzvendra Chahal,0,0,0,0,0,0,,,
202607,2026,Group Stage,7,"Apr 3, 2026","MA Chidambaram Stadium, Chennai",CSK,PBKS,1,11.4,Ayush Mhatre,Yuzvendra Chahal,1,0,0,0,0,0,,,
202607,2026,Group Stage,7,"Apr 3, 2026","MA Chidambaram Stadium, Chennai",CSK,PBKS,1,11.5,Shivam Dube,Yuzvendra Chahal,0,0,0,0,0,0,,,
202607,2026,Group Stage,7,"Apr 3, 2026","MA Chidambaram Stadium, Chennai",CSK,PBKS,1,11.6,Shivam Dube,Yuzvendra Chahal,0,1,1,0,0,0,,,
202607,2026,Group Stage,7,"Apr 3, 2026","MA Chidambaram Stadium, Chennai",CSK,PBKS,1,11.6,Shivam Dube,Yuzvendra Chahal,0,2,1,0,0,0,,,
202607,2026,Group Stage,7,"Apr 3, 2026","MA Chidambaram Stadium, Chennai",CSK,PBKS,1,11.6,Shivam Dube,Yuzvendra Chahal,1,0,0,0,0,0,,,
202607,2026,Group Stage,7,"Apr 3, 2026","MA Chidambaram Stadium, Chennai",CSK,PBKS,1,11.6,Ayush Mhatre,Yuzvendra Chahal,1,1,0,0,0,1,,,
202607,2026,Group Stage,7,"Apr 3, 2026","MA Chidambaram Stadium, Chennai",CSK,PBKS,1,12.1,Shivam Dube,Vijaykumar Vyshak,1,0,0,0,0,0,,,
202607,2026,Group Stage,7,"Apr 3, 2026","MA Chidambaram Stadium, Chennai",CSK,PBKS,1,12.2,Ayush Mhatre,Vijaykumar Vyshak,4,0,0,0,0,0,,,
202607,2026,Group Stage,7,"Apr 3, 2026","MA Chidambaram Stadium, Chennai",CSK,PBKS,1,12.3,Ayush Mhatre,Vijaykumar Vyshak,0,0,0,0,0,0,caught,Ayush Mhatre,Yuzvendra Chahal
202607,2026,Group Stage,7,"Apr 3, 2026","MA Chidambaram Stadium, Chennai",CSK,PBKS,1,12.4,Kartik Sharma,Vijaykumar Vyshak,0,0,0,0,0,0,,,
202607,2026,Group Stage,7,"Apr 3, 2026","MA Chidambaram Stadium, Chennai",CSK,PBKS,1,12.5,Kartik Sharma,Vijaykumar Vyshak,1,0,0,0,0,0,,,
202607,2026,Group Stage,7,"Apr 3, 2026","MA Chidambaram Stadium, Chennai",CSK,PBKS,1,12.6,Shivam Dube,Vijaykumar Vyshak,1,0,0,0,0,0,,,
202607,2026,Group Stage,7,"Apr 3, 2026","MA Chidambaram Stadium, Chennai",CSK,PBKS,1,13.1,Shivam Dube,Marco Jansen,2,0,0,0,0,0,,,
202607,2026,Group Stage,7,"Apr 3, 2026","MA Chidambaram Stadium, Chennai",CSK,PBKS,1,13.2,Shivam Dube,Marco Jansen,2,0,0,0,0,0,,,
202607,2026,Group Stage,7,"Apr 3, 2026","MA Chidambaram Stadium, Chennai",CSK,PBKS,1,13.3,Shivam Dube,Marco Jansen,1,0,0,0,0,0,,,
202607,2026,Group Stage,7,"Apr 3, 2026","MA Chidambaram Stadium, Chennai",CSK,PBKS,1,13.4,Kartik Sharma,Marco Jansen,0,0,0,0,0,0,lbw,Kartik Sharma,
202607,2026,Group Stage,7,"Apr 3, 2026","MA Chidambaram Stadium, Chennai",CSK,PBKS,1,13.5,Sarfaraz Khan,Marco Jansen,0,0,0,0,0,0,,,
202607,2026,Group Stage,7,"Apr 3, 2026","MA Chidambaram Stadium, Chennai",CSK,PBKS,1,13.6,Sarfaraz Khan,Marco Jansen,0,0,0,0,0,0,,,
202607,2026,Group Stage,7,"Apr 3, 2026","MA Chidambaram Stadium, Chennai",CSK,PBKS,1,14.1,Shivam Dube,Arshdeep Singh,1,0,0,0,0,0,,,
202607,2026,Group Stage,7,"Apr 3, 2026","MA Chidambaram Stadium, Chennai",CSK,PBKS,1,14.2,Sarfaraz Khan,Arshdeep Singh,4,0,0,0,0,0,,,
202607,2026,Group Stage,7,"Apr 3, 2026","MA Chidambaram Stadium, Chennai",CSK,PBKS,1,14.3,Sarfaraz Khan,Arshdeep Singh,4,0,0,0,0,0,,,
202607,2026,Group Stage,7,"Apr 3, 2026","MA Chidambaram Stadium, Chennai",CSK,PBKS,1,14.4,Sarfaraz Khan,Arshdeep Singh,4,0,0,0,0,0,,,
202607,2026,Group Stage,7,"Apr 3, 2026","MA Chidambaram Stadium, Chennai",CSK,PBKS,1,14.5,Sarfaraz Khan,Arshdeep Singh,1,0,0,0,0,0,,,
202607,2026,Group Stage,7,"Apr 3, 2026","MA Chidambaram Stadium, Chennai",CSK,PBKS,1,14.6,Shivam Dube,Arshdeep Singh,1,0,0,0,0,0,,,
202607,2026,Group Stage,7,"Apr 3, 2026","MA Chidambaram Stadium, Chennai",CSK,PBKS,1,15.1,Shivam Dube,Xavier Bartlett,2,0,0,0,0,0,,,
202607,2026,Group Stage,7,"Apr 3, 2026","MA Chidambaram Stadium, Chennai",CSK,PBKS,1,15.2,Shivam Dube,Xavier Bartlett,0,0,0,0,0,0,,,
202607,2026,Group Stage,7,"Apr 3, 2026","MA Chidambaram Stadium, Chennai",CSK,PBKS,1,15.3,Shivam Dube,Xavier Bartlett,0,0,0,0,0,0,,,
202607,2026,Group Stage,7,"Apr 3, 2026","MA Chidambaram Stadium, Chennai",CSK,PBKS,1,15.4,Shivam Dube,Xavier Bartlett,1,0,0,0,0,0,,,
202607,2026,Group Stage,7,"Apr 3, 2026","MA Chidambaram Stadium, Chennai",CSK,PBKS,1,15.5,Sarfaraz Khan,Xavier Bartlett,0,1,1,0,0,0,,,
202607,2026,Group Stage,7,"Apr 3, 2026","MA Chidambaram Stadium, Chennai",CSK,PBKS,1,15.5,Sarfaraz Khan,Xavier Bartlett,6,0,0,0,0,0,,,
202607,2026,Group Stage,7,"Apr 3, 2026","MA Chidambaram Stadium, Chennai",CSK,PBKS,1,15.6,Sarfaraz Khan,Xavier Bartlett,1,0,0,0,0,0,,,
202607,2026,Group Stage,7,"Apr 3, 2026","MA Chidambaram Stadium, Chennai",CSK,PBKS,1,16.1,Sarfaraz Khan,Vijaykumar Vyshak,4,0,0,0,0,0,,,
202607,2026,Group Stage,7,"Apr 3, 2026","MA Chidambaram Stadium, Chennai",CSK,PBKS,1,16.2,Sarfaraz Khan,Vijaykumar Vyshak,4,0,0,0,0,0,,,
202607,2026,Group Stage,7,"Apr 3, 2026","MA Chidambaram Stadium, Chennai",CSK,PBKS,1,16.3,Sarfaraz Khan,Vijaykumar Vyshak,4,0,0,0,0,0,,,
202607,2026,Group Stage,7,"Apr 3, 2026","MA Chidambaram Stadium, Chennai",CSK,PBKS,1,16.4,Sarfaraz Khan,Vijaykumar Vyshak,0,0,0,0,0,0,caught,Sarfaraz Khan,Nehal Wadhera
202607,2026,Group Stage,7,"Apr 3, 2026","MA Chidambaram Stadium, Chennai",CSK,PBKS,1,16.5,Prashant Veer,Vijaykumar Vyshak,0,0,0,0,0,0,,,
202607,2026,Group Stage,7,"Apr 3, 2026","MA Chidambaram Stadium, Chennai",CSK,PBKS,1,16.6,Prashant Veer,Vijaykumar Vyshak,0,0,0,0,0,0,,,
202607,2026,Group Stage,7,"Apr 3, 2026","MA Chidambaram Stadium, Chennai",CSK,PBKS,1,17.1,Shivam Dube,Marco Jansen,0,1,1,0,0,0,,,
202607,2026,Group Stage,7,"Apr 3, 2026","MA Chidambaram Stadium, Chennai",CSK,PBKS,1,17.1,Shivam Dube,Marco Jansen,6,0,0,0,0,0,,,
202607,2026,Group Stage,7,"Apr 3, 2026","MA Chidambaram Stadium, Chennai",CSK,PBKS,1,17.2,Shivam Dube,Marco Jansen,1,0,0,0,0,0,,,
202607,2026,Group Stage,7,"Apr 3, 2026","MA Chidambaram Stadium, Chennai",CSK,PBKS,1,17.3,Prashant Veer,Marco Jansen,4,0,0,0,0,0,,,
202607,2026,Group Stage,7,"Apr 3, 2026","MA Chidambaram Stadium, Chennai",CSK,PBKS,1,17.4,Prashant Veer,Marco Jansen,0,0,0,0,0,0,,,
202607,2026,Group Stage,7,"Apr 3, 2026","MA Chidambaram Stadium, Chennai",CSK,PBKS,1,17.5,Prashant Veer,Marco Jansen,1,0,0,0,0,0,,,
202607,2026,Group Stage,7,"Apr 3, 2026","MA Chidambaram Stadium, Chennai",CSK,PBKS,1,17.6,Shivam Dube,Marco Jansen,1,0,0,0,0,0,,,
202607,2026,Group Stage,7,"Apr 3, 2026","MA Chidambaram Stadium, Chennai",CSK,PBKS,1,18.1,Shivam Dube,Xavier Bartlett,4,0,0,0,0,0,,,
202607,2026,Group Stage,7,"Apr 3, 2026","MA Chidambaram Stadium, Chennai",CSK,PBKS,1,18.2,Shivam Dube,Xavier Bartlett,2,0,0,0,0,0,,,
202607,2026,Group Stage,7,"Apr 3, 2026","MA Chidambaram Stadium, Chennai",CSK,PBKS,1,18.3,Shivam Dube,Xavier Bartlett,1,0,0,0,0,0,,,
202607,2026,Group Stage,7,"Apr 3, 2026","MA Chidambaram Stadium, Chennai",CSK,PBKS,1,18.4,Prashant Veer,Xavier Bartlett,1,0,0,0,0,0,,,
202607,2026,Group Stage,7,"Apr 3, 2026","MA Chidambaram Stadium, Chennai",CSK,PBKS,1,18.5,Shivam Dube,Xavier Bartlett,4,0,0,0,0,0,,,
202607,2026,Group Stage,7,"Apr 3, 2026","MA Chidambaram Stadium, Chennai",CSK,PBKS,1,18.6,Shivam Dube,Xavier Bartlett,0,0,0,0,0,0,,,
202607,2026,Group Stage,7,"Apr 3, 2026","MA Chidambaram Stadium, Chennai",CSK,PBKS,1,18.6,Shivam Dube,Xavier Bartlett,0,1,1,0,0,0,,,
202607,2026,Group Stage,7,"Apr 3, 2026","MA Chidambaram Stadium, Chennai",CSK,PBKS,1,19.1,Prashant Veer,Arshdeep Singh,0,1,0,0,1,0,,,
202607,2026,Group Stage,7,"Apr 3, 2026","MA Chidambaram Stadium, Chennai",CSK,PBKS,1,19.2,Shivam Dube,Arshdeep Singh,0,1,1,0,0,0,,,
202607,2026,Group Stage,7,"Apr 3, 2026","MA Chidambaram Stadium, Chennai",CSK,PBKS,1,19.2,Shivam Dube,Arshdeep Singh,4,0,0,0,0,0,,,
202607,2026,Group Stage,7,"Apr 3, 2026","MA Chidambaram Stadium, Chennai",CSK,PBKS,1,19.3,Shivam Dube,Arshdeep Singh,0,0,0,0,0,0,,,
202607,2026,Group Stage,7,"Apr 3, 2026","MA Chidambaram Stadium, Chennai",CSK,PBKS,1,19.4,Shivam Dube,Arshdeep Singh,0,0,0,0,0,0,,,
202607,2026,Group Stage,7,"Apr 3, 2026","MA Chidambaram Stadium, Chennai",CSK,PBKS,1,19.5,Shivam Dube,Arshdeep Singh,4,0,0,0,0,0,,,
202607,2026,Group Stage,7,"Apr 3, 2026","MA Chidambaram Stadium, Chennai",CSK,PBKS,1,19.6,Shivam Dube,Arshdeep Singh,4,0,0,0,0,0,,,
202611,2026,Group Stage,11,"Apr 5, 2026","M.Chinnaswamy Stadium, Bengaluru",CSK,RCB,2,0.1,Sanju Samson,Jacob Duffy,1,0,0,0,0,0,,,
202611,2026,Group Stage,11,"Apr 5, 2026","M.Chinnaswamy Stadium, Bengaluru",CSK,RCB,2,0.2,Ruturaj Gaikwad,Jacob Duffy,1,0,0,0,0,0,,,
202611,2026,Group Stage,11,"Apr 5, 2026","M.Chinnaswamy Stadium, Bengaluru",CSK,RCB,2,0.3,Sanju Samson,Jacob Duffy,1,0,0,0,0,0,,,
202611,2026,Group Stage,11,"Apr 5, 2026","M.Chinnaswamy Stadium, Bengaluru",CSK,RCB,2,0.4,Ruturaj Gaikwad,Jacob Duffy,6,0,0,0,0,0,,,
202611,2026,Group Stage,11,"Apr 5, 2026","M.Chinnaswamy Stadium, Bengaluru",CSK,RCB,2,0.5,Ruturaj Gaikwad,Jacob Duffy,0,0,0,0,0,0,caught,Ruturaj Gaikwad,Devdutt Padikkal
202611,2026,Group Stage,11,"Apr 5, 2026","M.Chinnaswamy Stadium, Bengaluru",CSK,RCB,2,0.6,Ayush Mhatre,Jacob Duffy,1,0,0,0,0,0,,,
202611,2026,Group Stage,11,"Apr 5, 2026","M.Chinnaswamy Stadium, Bengaluru",CSK,RCB,2,1.1,Ayush Mhatre,Bhuvneshwar Kumar,0,0,0,0,0,0,,,
202611,2026,Group Stage,11,"Apr 5, 2026","M.Chinnaswamy Stadium, Bengaluru",CSK,RCB,2,1.2,Ayush Mhatre,Bhuvneshwar Kumar,0,0,0,0,0,0,caught,Ayush Mhatre,Rajat Patidar
202611,2026,Group Stage,11,"Apr 5, 2026","M.Chinnaswamy Stadium, Bengaluru",CSK,RCB,2,1.3,Sarfaraz Khan,Bhuvneshwar Kumar,4,0,0,0,0,0,,,
202611,2026,Group Stage,11,"Apr 5, 2026","M.Chinnaswamy Stadium, Bengaluru",CSK,RCB,2,1.4,Sarfaraz Khan,Bhuvneshwar Kumar,0,0,0,0,0,0,,,
202611,2026,Group Stage,11,"Apr 5, 2026","M.Chinnaswamy Stadium, Bengaluru",CSK,RCB,2,1.5,Sarfaraz Khan,Bhuvneshwar Kumar,0,0,0,0,0,0,,,
202611,2026,Group Stage,11,"Apr 5, 2026","M.Chinnaswamy Stadium, Bengaluru",CSK,RCB,2,1.6,Sarfaraz Khan,Bhuvneshwar Kumar,4,0,0,0,0,0,,,
202611,2026,Group Stage,11,"Apr 5, 2026","M.Chinnaswamy Stadium, Bengaluru",CSK,RCB,2,2.1,Sanju Samson,Jacob Duffy,1,0,0,0,0,0,,,
202611,2026,Group Stage,11,"Apr 5, 2026","M.Chinnaswamy Stadium, Bengaluru",CSK,RCB,2,2.2,Sarfaraz Khan,Jacob Duffy,4,0,0,0,0,0,,,
202611,2026,Group Stage,11,"Apr 5, 2026","M.Chinnaswamy Stadium, Bengaluru",CSK,RCB,2,2.3,Sarfaraz Khan,Jacob Duffy,0,1,0,1,0,0,,,
202611,2026,Group Stage,11,"Apr 5, 2026","M.Chinnaswamy Stadium, Bengaluru",CSK,RCB,2,2.4,Sanju Samson,Jacob Duffy,6,0,0,0,0,0,,,
202611,2026,Group Stage,11,"Apr 5, 2026","M.Chinnaswamy Stadium, Bengaluru",CSK,RCB,2,2.5,Sanju Samson,Jacob Duffy,0,0,0,0,0,0,caught,Sanju Samson,Devdutt Padikkal
202611,2026,Group Stage,11,"Apr 5, 2026","M.Chinnaswamy Stadium, Bengaluru",CSK,RCB,2,2.6,Kartik Sharma,Jacob Duffy,0,0,0,0,0,0,,,
202611,2026,Group Stage,11,"Apr 5, 2026","M.Chinnaswamy Stadium, Bengaluru",CSK,RCB,2,3.1,Sarfaraz Khan,Bhuvneshwar Kumar,0,0,0,0,0,0,,,
202611,2026,Group Stage,11,"Apr 5, 2026","M.Chinnaswamy Stadium, Bengaluru",CSK,RCB,2,3.2,Sarfaraz Khan,Bhuvneshwar Kumar,4,0,0,0,0,0,,,
202611,2026,Group Stage,11,"Apr 5, 2026","M.Chinnaswamy Stadium, Bengaluru",CSK,RCB,2,3.3,Sarfaraz Khan,Bhuvneshwar Kumar,0,0,0,0,0,0,,,
202611,2026,Group Stage,11,"Apr 5, 2026","M.Chinnaswamy Stadium, Bengaluru",CSK,RCB,2,3.4,Sarfaraz Khan,Bhuvneshwar Kumar,0,0,0,0,0,0,,,
202611,2026,Group Stage,11,"Apr 5, 2026","M.Chinnaswamy Stadium, Bengaluru",CSK,RCB,2,3.5,Sarfaraz Khan,Bhuvneshwar Kumar,6,0,0,0,0,0,,,
202611,2026,Group Stage,11,"Apr 5, 2026","M.Chinnaswamy Stadium, Bengaluru",CSK,RCB,2,3.6,Sarfaraz Khan,Bhuvneshwar Kumar,0,1,0,1,0,0,,,
202611,2026,Group Stage,11,"Apr 5, 2026","M.Chinnaswamy Stadium, Bengaluru",CSK,RCB,2,4.1,Sarfaraz Khan,Jacob Duffy,0,0,0,0,0,0,,,
202611,2026,Group Stage,11,"Apr 5, 2026","M.Chinnaswamy Stadium, Bengaluru",CSK,RCB,2,4.2,Sarfaraz Khan,Jacob Duffy,6,0,0,0,0,0,,,
202611,2026,Group Stage,11,"Apr 5, 2026","M.Chinnaswamy Stadium, Bengaluru",CSK,RCB,2,4.3,Sarfaraz Khan,Jacob Duffy,0,1,1,0,0,0,,,
202611,2026,Group Stage,11,"Apr 5, 2026","M.Chinnaswamy Stadium, Bengaluru",CSK,RCB,2,4.3,Sarfaraz Khan,Jacob Duffy,4,0,0,0,0,0,,,
202611,2026,Group Stage,11,"Apr 5, 2026","M.Chinnaswamy Stadium, Bengaluru",CSK,RCB,2,4.4,Sarfaraz Khan,Jacob Duffy,0,0,0,0,0,0,,,
202611,2026,Group Stage,11,"Apr 5, 2026","M.Chinnaswamy Stadium, Bengaluru",CSK,RCB,2,4.5,Sarfaraz Khan,Jacob Duffy,1,0,0,0,0,0,,,
202611,2026,Group Stage,11,"Apr 5, 2026","M.Chinnaswamy Stadium, Bengaluru",CSK,RCB,2,4.5,Sarfaraz Khan,Jacob Duffy,4,1,0,0,0,1,,,
202611,2026,Group Stage,11,"Apr 5, 2026","M.Chinnaswamy Stadium, Bengaluru",CSK,RCB,2,4.6,Kartik Sharma,Jacob Duffy,6,0,0,0,0,0,,,
202611,2026,Group Stage,11,"Apr 5, 2026","M.Chinnaswamy Stadium, Bengaluru",CSK,RCB,2,5.1,Sarfaraz Khan,Abhinandan Singh,0,0,0,0,0,0,,,
202611,2026,Group Stage,11,"Apr 5, 2026","M.Chinnaswamy Stadium, Bengaluru",CSK,RCB,2,5.2,Sarfaraz Khan,Abhinandan Singh,2,0,0,0,0,0,,,
202611,2026,Group Stage,11,"Apr 5, 2026","M.Chinnaswamy Stadium, Bengaluru",CSK,RCB,2,5.3,Sarfaraz Khan,Abhinandan Singh,4,0,0,0,0,0,,,
202611,2026,Group Stage,11,"Apr 5, 2026","M.Chinnaswamy Stadium, Bengaluru",CSK,RCB,2,5.4,Sarfaraz Khan,Abhinandan Singh,4,0,0,0,0,0,,,
202611,2026,Group Stage,11,"Apr 5, 2026","M.Chinnaswamy Stadium, Bengaluru",CSK,RCB,2,5.5,Sarfaraz Khan,Abhinandan Singh,2,0,0,0,0,0,,,
202611,2026,Group Stage,11,"Apr 5, 2026","M.Chinnaswamy Stadium, Bengaluru",CSK,RCB,2,5.6,Sarfaraz Khan,Abhinandan Singh,1,0,0,0,0,0,,,
202611,2026,Group Stage,11,"Apr 5, 2026","M.Chinnaswamy Stadium, Bengaluru",CSK,RCB,2,6.1,Sarfaraz Khan,Krunal Pandya,0,0,0,0,0,0,stumped,Sarfaraz Khan,
202611,2026,Group Stage,11,"Apr 5, 2026","M.Chinnaswamy Stadium, Bengaluru",CSK,RCB,2,6.2,Shivam Dube,Krunal Pandya,6,0,0,0,0,0,,,
202611,2026,Group Stage,11,"Apr 5, 2026","M.Chinnaswamy Stadium, Bengaluru",CSK,RCB,2,6.3,Shivam Dube,Krunal Pandya,0,0,0,0,0,0,,,
202611,2026,Group Stage,11,"Apr 5, 2026","M.Chinnaswamy Stadium, Bengaluru",CSK,RCB,2,6.4,Shivam Dube,Krunal Pandya,1,0,0,0,0,0,,,
202611,2026,Group Stage,11,"Apr 5, 2026","M.Chinnaswamy Stadium, Bengaluru",CSK,RCB,2,6.5,Kartik Sharma,Krunal Pandya,0,0,0,0,0,0,caught,Kartik Sharma,Abhinandan Singh
202611,2026,Group Stage,11,"Apr 5, 2026","M.Chinnaswamy Stadium, Bengaluru",CSK,RCB,2,6.6,Prashant Veer,Krunal Pandya,0,0,0,0,0,0,,,
202611,2026,Group Stage,11,"Apr 5, 2026","M.Chinnaswamy Stadium, Bengaluru",CSK,RCB,2,7.1,Shivam Dube,Abhinandan Singh,1,0,0,0,0,0,,,
202611,2026,Group Stage,11,"Apr 5, 2026","M.Chinnaswamy Stadium, Bengaluru",CSK,RCB,2,7.2,Prashant Veer,Abhinandan Singh,4,0,0,0,0,0,,,
202611,2026,Group Stage,11,"Apr 5, 2026","M.Chinnaswamy Stadium, Bengaluru",CSK,RCB,2,7.3,Prashant Veer,Abhinandan Singh,1,0,0,0,0,0,,,
202611,2026,Group Stage,11,"Apr 5, 2026","M.Chinnaswamy Stadium, Bengaluru",CSK,RCB,2,7.4,Shivam Dube,Abhinandan Singh,4,0,0,0,0,0,,,
202611,2026,Group Stage,11,"Apr 5, 2026","M.Chinnaswamy Stadium, Bengaluru",CSK,RCB,2,7.5,Shivam Dube,Abhinandan Singh,0,0,0,0,0,0,,,
202611,2026,Group Stage,11,"Apr 5, 2026","M.Chinnaswamy Stadium, Bengaluru",CSK,RCB,2,7.6,Shivam Dube,Abhinandan Singh,0,0,0,0,0,0,,,
202611,2026,Group Stage,11,"Apr 5, 2026","M.Chinnaswamy Stadium, Bengaluru",CSK,RCB,2,8.1,Prashant Veer,Krunal Pandya,4,0,0,0,0,0,,,
202611,2026,Group Stage,11,"Apr 5, 2026","M.Chinnaswamy Stadium, Bengaluru",CSK,RCB,2,8.2,Prashant Veer,Krunal Pandya,1,0,0,0,0,0,,,
202611,2026,Group Stage,11,"Apr 5, 2026","M.Chinnaswamy Stadium, Bengaluru",CSK,RCB,2,8.3,Shivam Dube,Krunal Pandya,0,0,0,0,0,0,,,
202611,2026,Group Stage,11,"Apr 5, 2026","M.Chinnaswamy Stadium, Bengaluru",CSK,RCB,2,8.4,Shivam Dube,Krunal Pandya,1,0,0,0,0,0,,,
202611,2026,Group Stage,11,"Apr 5, 2026","M.Chinnaswamy Stadium, Bengaluru",CSK,RCB,2,8.5,Prashant Veer,Krunal Pandya,1,0,0,0,0,0,,,
202611,2026,Group Stage,11,"Apr 5, 2026","M.Chinnaswamy Stadium, Bengaluru",CSK,RCB,2,8.6,Shivam Dube,Krunal Pandya,4,0,0,0,0,0,,,
202611,2026,Group Stage,11,"Apr 5, 2026","M.Chinnaswamy Stadium, Bengaluru",CSK,RCB,2,9.1,Prashant Veer,Abhinandan Singh,1,0,0,0,0,0,,,
202611,2026,Group Stage,11,"Apr 5, 2026","M.Chinnaswamy Stadium, Bengaluru",CSK,RCB,2,9.2,Shivam Dube,Abhinandan Singh,1,0,0,0,0,0,,,
202611,2026,Group Stage,11,"Apr 5, 2026","M.Chinnaswamy Stadium, Bengaluru",CSK,RCB,2,9.3,Prashant Veer,Abhinandan Singh,1,0,0,0,0,0,,,
202611,2026,Group Stage,11,"Apr 5, 2026","M.Chinnaswamy Stadium, Bengaluru",CSK,RCB,2,9.4,Shivam Dube,Abhinandan Singh,0,0,0,0,0,0,,,
202611,2026,Group Stage,11,"Apr 5, 2026","M.Chinnaswamy Stadium, Bengaluru",CSK,RCB,2,9.5,Shivam Dube,Abhinandan Singh,0,0,0,0,0,0,caught,Shivam Dube,Jitesh Sharma
202611,2026,Group Stage,11,"Apr 5, 2026","M.Chinnaswamy Stadium, Bengaluru",CSK,RCB,2,9.6,Jamie Overton,Abhinandan Singh,1,0,0,0,0,0,,,
202611,2026,Group Stage,11,"Apr 5, 2026","M.Chinnaswamy Stadium, Bengaluru",CSK,RCB,2,10.1,Jamie Overton,Suyash Sharma,1,0,0,0,0,0,,,
202611,2026,Group Stage,11,"Apr 5, 2026","M.Chinnaswamy Stadium, Bengaluru",CSK,RCB,2,10.2,Prashant Veer,Suyash Sharma,1,0,0,0,0,0,,,
202611,2026,Group Stage,11,"Apr 5, 2026","M.Chinnaswamy Stadium, Bengaluru",CSK,RCB,2,10.3,Jamie Overton,Suyash Sharma,4,0,0,0,0,0,,,
202611,2026,Group Stage,11,"Apr 5, 2026","M.Chinnaswamy Stadium, Bengaluru",CSK,RCB,2,10.4,Jamie Overton,Suyash Sharma,1,0,0,0,0,0,,,
202611,2026,Group Stage,11,"Apr 5, 2026","M.Chinnaswamy Stadium, Bengaluru",CSK,RCB,2,10.5,Prashant Veer,Suyash Sharma,0,0,0,0,0,0,,,
202611,2026,Group Stage,11,"Apr 5, 2026","M.Chinnaswamy Stadium, Bengaluru",CSK,RCB,2,10.6,Prashant Veer,Suyash Sharma,1,0,0,0,0,0,,,
202611,2026,Group Stage,11,"Apr 5, 2026","M.Chinnaswamy Stadium, Bengaluru",CSK,RCB,2,11.1,Prashant Veer,Romario Shepherd,1,0,0,0,0,0,,,
202611,2026,Group Stage,11,"Apr 5, 2026","M.Chinnaswamy Stadium, Bengaluru",CSK,RCB,2,11.2,Jamie Overton,Romario Shepherd,6,0,0,0,0,0,,,
202611,2026,Group Stage,11,"Apr 5, 2026","M.Chinnaswamy Stadium, Bengaluru",CSK,RCB,2,11.3,Jamie Overton,Romario Shepherd,6,0,0,0,0,0,,,
202611,2026,Group Stage,11,"Apr 5, 2026","M.Chinnaswamy Stadium, Bengaluru",CSK,RCB,2,11.4,Jamie Overton,Romario Shepherd,4,0,0,0,0,0,,,
202611,2026,Group Stage,11,"Apr 5, 2026","M.Chinnaswamy Stadium, Bengaluru",CSK,RCB,2,11.5,Jamie Overton,Romario Shepherd,1,0,0,0,0,0,,,
202611,2026,Group Stage,11,"Apr 5, 2026","M.Chinnaswamy Stadium, Bengaluru",CSK,RCB,2,11.6,Prashant Veer,Romario Shepherd,1,0,0,0,0,0,,,
202611,2026,Group Stage,11,"Apr 5, 2026","M.Chinnaswamy Stadium, Bengaluru",CSK,RCB,2,12.1,Prashant Veer,Suyash Sharma,0,0,0,0,0,0,,,
202611,2026,Group Stage,11,"Apr 5, 2026","M.Chinnaswamy Stadium, Bengaluru",CSK,RCB,2,12.2,Prashant Veer,Suyash Sharma,0,0,0,0,0,0,,,
202611,2026,Group Stage,11,"Apr 5, 2026","M.Chinnaswamy Stadium, Bengaluru",CSK,RCB,2,12.3,Prashant Veer,Suyash Sharma,1,0,0,0,0,0,,,
202611,2026,Group Stage,11,"Apr 5, 2026","M.Chinnaswamy Stadium, Bengaluru",CSK,RCB,2,12.4,Jamie Overton,Suyash Sharma,1,0,0,0,0,0,,,
202611,2026,Group Stage,11,"Apr 5, 2026","M.Chinnaswamy Stadium, Bengaluru",CSK,RCB,2,12.5,Prashant Veer,Suyash Sharma,0,0,0,0,0,0,,,
202611,2026,Group Stage,11,"Apr 5, 2026","M.Chinnaswamy Stadium, Bengaluru",CSK,RCB,2,12.6,Prashant Veer,Suyash Sharma,1,0,0,0,0,0,,,
202611,2026,Group Stage,11,"Apr 5, 2026","M.Chinnaswamy Stadium, Bengaluru",CSK,RCB,2,13.1,Prashant Veer,Krunal Pandya,4,0,0,0,0,0,,,
202611,2026,Group Stage,11,"Apr 5, 2026","M.Chinnaswamy Stadium, Bengaluru",CSK,RCB,2,13.2,Prashant Veer,Krunal Pandya,6,0,0,0,0,0,,,
202611,2026,Group Stage,11,"Apr 5, 2026","M.Chinnaswamy Stadium, Bengaluru",CSK,RCB,2,13.3,Prashant Veer,Krunal Pandya,4,0,0,0,0,0,,,
202611,2026,Group Stage,11,"Apr 5, 2026","M.Chinnaswamy Stadium, Bengaluru",CSK,RCB,2,13.4,Prashant Veer,Krunal Pandya,0,0,0,0,0,0,,,
202611,2026,Group Stage,11,"Apr 5, 2026","M.Chinnaswamy Stadium, Bengaluru",CSK,RCB,2,13.5,Prashant Veer,Krunal Pandya,4,0,0,0,0,0,,,
202611,2026,Group Stage,11,"Apr 5, 2026","M.Chinnaswamy Stadium, Bengaluru",CSK,RCB,2,13.6,Prashant Veer,Krunal Pandya,0,0,0,0,0,0,,,
202611,2026,Group Stage,11,"Apr 5, 2026","M.Chinnaswamy Stadium, Bengaluru",CSK,RCB,2,14.1,Jamie Overton,Suyash Sharma,1,0,0,0,0,0,,,
202611,2026,Group Stage,11,"Apr 5, 2026","M.Chinnaswamy Stadium, Bengaluru",CSK,RCB,2,14.2,Prashant Veer,Suyash Sharma,1,0,0,0,0,0,,,
202611,2026,Group Stage,11,"Apr 5, 2026","M.Chinnaswamy Stadium, Bengaluru",CSK,RCB,2,14.3,Jamie Overton,Suyash Sharma,1,0,0,0,0,0,,,
202611,2026,Group Stage,11,"Apr 5, 2026","M.Chinnaswamy Stadium, Bengaluru",CSK,RCB,2,14.4,Prashant Veer,Suyash Sharma,4,0,0,0,0,0,,,
202611,2026,Group Stage,11,"Apr 5, 2026","M.Chinnaswamy Stadium, Bengaluru",CSK,RCB,2,14.5,Prashant Veer,Suyash Sharma,0,0,0,0,0,0,,,
202611,2026,Group Stage,11,"Apr 5, 2026","M.Chinnaswamy Stadium, Bengaluru",CSK,RCB,2,14.6,Prashant Veer,Suyash Sharma,1,0,0,0,0,0,,,
202611,2026,Group Stage,11,"Apr 5, 2026","M.Chinnaswamy Stadium, Bengaluru",CSK,RCB,2,15.1,Prashant Veer,Bhuvneshwar Kumar,0,0,0,0,0,0,caught,Prashant Veer,Rajat Patidar
202611,2026,Group Stage,11,"Apr 5, 2026","M.Chinnaswamy Stadium, Bengaluru",CSK,RCB,2,15.2,Anshul Kamboj,Bhuvneshwar Kumar,1,0,0,0,0,0,,,
202611,2026,Group Stage,11,"Apr 5, 2026","M.Chinnaswamy Stadium, Bengaluru",CSK,RCB,2,15.3,Jamie Overton,Bhuvneshwar Kumar,4,0,0,0,0,0,,,
202611,2026,Group Stage,11,"Apr 5, 2026","M.Chinnaswamy Stadium, Bengaluru",CSK,RCB,2,15.4,Jamie Overton,Bhuvneshwar Kumar,1,0,0,0,0,0,,,
202611,2026,Group Stage,11,"Apr 5, 2026","M.Chinnaswamy Stadium, Bengaluru",CSK,RCB,2,15.4,Jamie Overton,Bhuvneshwar Kumar,4,1,0,0,0,1,,,
202611,2026,Group Stage,11,"Apr 5, 2026","M.Chinnaswamy Stadium, Bengaluru",CSK,RCB,2,15.5,Anshul Kamboj,Bhuvneshwar Kumar,1,0,0,0,0,0,,,
202611,2026,Group Stage,11,"Apr 5, 2026","M.Chinnaswamy Stadium, Bengaluru",CSK,RCB,2,15.6,Jamie Overton,Bhuvneshwar Kumar,1,0,0,0,0,0,,,
202611,2026,Group Stage,11,"Apr 5, 2026","M.Chinnaswamy Stadium, Bengaluru",CSK,RCB,2,16.1,Jamie Overton,Suyash Sharma,0,0,0,0,0,0,caught,Jamie Overton,(sub)Jacob Bethell
202611,2026,Group Stage,11,"Apr 5, 2026","M.Chinnaswamy Stadium, Bengaluru",CSK,RCB,2,16.2,Noor Ahmad,Suyash Sharma,1,0,0,0,0,0,,,
202611,2026,Group Stage,11,"Apr 5, 2026","M.Chinnaswamy Stadium, Bengaluru",CSK,RCB,2,16.3,Anshul Kamboj,Suyash Sharma,1,0,0,0,0,0,,,
202611,2026,Group Stage,11,"Apr 5, 2026","M.Chinnaswamy Stadium, Bengaluru",CSK,RCB,2,16.4,Noor Ahmad,Suyash Sharma,0,0,0,0,0,0,,,
202611,2026,Group Stage,11,"Apr 5, 2026","M.Chinnaswamy Stadium, Bengaluru",CSK,RCB,2,16.5,Noor Ahmad,Suyash Sharma,0,0,0,0,0,0,,,
202611,2026,Group Stage,11,"Apr 5, 2026","M.Chinnaswamy Stadium, Bengaluru",CSK,RCB,2,16.6,Noor Ahmad,Suyash Sharma,0,0,0,0,0,0,,,
202611,2026,Group Stage,11,"Apr 5, 2026","M.Chinnaswamy Stadium, Bengaluru",CSK,RCB,2,17.1,Anshul Kamboj,Bhuvneshwar Kumar,1,0,0,0,0,0,,,
202611,2026,Group Stage,11,"Apr 5, 2026","M.Chinnaswamy Stadium, Bengaluru",CSK,RCB,2,17.2,Noor Ahmad,Bhuvneshwar Kumar,0,0,0,0,0,0,,,
202611,2026,Group Stage,11,"Apr 5, 2026","M.Chinnaswamy Stadium, Bengaluru",CSK,RCB,2,17.3,Noor Ahmad,Bhuvneshwar Kumar,6,0,0,0,0,0,,,
202611,2026,Group Stage,11,"Apr 5, 2026","M.Chinnaswamy Stadium, Bengaluru",CSK,RCB,2,17.4,Noor Ahmad,Bhuvneshwar Kumar,1,0,0,0,0,0,,,
202611,2026,Group Stage,11,"Apr 5, 2026","M.Chinnaswamy Stadium, Bengaluru",CSK,RCB,2,17.5,Anshul Kamboj,Bhuvneshwar Kumar,1,0,0,0,0,0,,,
202611,2026,Group Stage,11,"Apr 5, 2026","M.Chinnaswamy Stadium, Bengaluru",CSK,RCB,2,17.6,Noor Ahmad,Bhuvneshwar Kumar,0,0,0,0,0,0,caught,Noor Ahmad,Virat Kohli
202611,2026,Group Stage,11,"Apr 5, 2026","M.Chinnaswamy Stadium, Bengaluru",CSK,RCB,2,17.6,Noor Ahmad,Bhuvneshwar Kumar,0,1,1,0,0,0,,,
202611,2026,Group Stage,11,"Apr 5, 2026","M.Chinnaswamy Stadium, Bengaluru",CSK,RCB,2,18.1,Anshul Kamboj,Jacob Duffy,0,1,1,0,0,0,,,
202611,2026,Group Stage,11,"Apr 5, 2026","M.Chinnaswamy Stadium, Bengaluru",CSK,RCB,2,18.1,Anshul Kamboj,Jacob Duffy,4,0,0,0,0,0,,,
202611,2026,Group Stage,11,"Apr 5, 2026","M.Chinnaswamy Stadium, Bengaluru",CSK,RCB,2,18.2,Anshul Kamboj,Jacob Duffy,0,0,0,0,0,0,,,
202611,2026,Group Stage,11,"Apr 5, 2026","M.Chinnaswamy Stadium, Bengaluru",CSK,RCB,2,18.3,Anshul Kamboj,Jacob Duffy,1,0,0,0,0,0,,,
202611,2026,Group Stage,11,"Apr 5, 2026","M.Chinnaswamy Stadium, Bengaluru",CSK,RCB,2,18.4,Matt Henry,Jacob Duffy,1,0,0,0,0,0,,,
202611,2026,Group Stage,11,"Apr 5, 2026","M.Chinnaswamy Stadium, Bengaluru",CSK,RCB,2,18.5,Anshul Kamboj,Jacob Duffy,6,0,0,0,0,0,,,
202611,2026,Group Stage,11,"Apr 5, 2026","M.Chinnaswamy Stadium, Bengaluru",CSK,RCB,2,18.6,Anshul Kamboj,Jacob Duffy,1,0,0,0,0,0,,,
202611,2026,Group Stage,11,"Apr 5, 2026","M.Chinnaswamy Stadium, Bengaluru",CSK,RCB,2,19.1,Anshul Kamboj,Abhinandan Singh,1,0,0,0,0,0,,,
202611,2026,Group Stage,11,"Apr 5, 2026","M.Chinnaswamy Stadium, Bengaluru",CSK,RCB,2,19.2,Matt Henry,Abhinandan Singh,1,0,0,0,0,0,,,
202611,2026,Group Stage,11,"Apr 5, 2026","M.Chinnaswamy Stadium, Bengaluru",CSK,RCB,2,19.3,Anshul Kamboj,Abhinandan Singh,1,0,0,0,0,0,,,
202611,2026,Group Stage,11,"Apr 5, 2026","M.Chinnaswamy Stadium, Bengaluru",CSK,RCB,2,19.4,Matt Henry,Abhinandan Singh,0,0,0,0,0,0,caught,Matt Henry,Phil Salt
202618,2026,Group Stage,18,"Apr 11, 2026","MA Chidambaram Stadium, Chennai",CSK,DC,1,0.1,Sanju Samson,Auqib Nabi,3,0,0,0,0,0,,,
202618,2026,Group Stage,18,"Apr 11, 2026","MA Chidambaram Stadium, Chennai",CSK,DC,1,0.2,Ruturaj Gaikwad,Auqib Nabi,0,0,0,0,0,0,,,
202618,2026,Group Stage,18,"Apr 11, 2026","MA Chidambaram Stadium, Chennai",CSK,DC,1,0.3,Ruturaj Gaikwad,Auqib Nabi,1,0,0,0,0,0,,,
202618,2026,Group Stage,18,"Apr 11, 2026","MA Chidambaram Stadium, Chennai",CSK,DC,1,0.4,Sanju Samson,Auqib Nabi,4,0,0,0,0,0,,,
202618,2026,Group Stage,18,"Apr 11, 2026","MA Chidambaram Stadium, Chennai",CSK,DC,1,0.5,Sanju Samson,Auqib Nabi,0,0,0,0,0,0,,,
202618,2026,Group Stage,18,"Apr 11, 2026","MA Chidambaram Stadium, Chennai",CSK,DC,1,0.6,Sanju Samson,Auqib Nabi,0,1,1,0,0,0,,,
202618,2026,Group Stage,18,"Apr 11, 2026","MA Chidambaram Stadium, Chennai",CSK,DC,1,0.6,Sanju Samson,Auqib Nabi,1,0,0,0,0,0,,,
202618,2026,Group Stage,18,"Apr 11, 2026","MA Chidambaram Stadium, Chennai",CSK,DC,1,1.1,Sanju Samson,Mukesh Kumar,1,0,0,0,0,0,,,
202618,2026,Group Stage,18,"Apr 11, 2026","MA Chidambaram Stadium, Chennai",CSK,DC,1,1.2,Ruturaj Gaikwad,Mukesh Kumar,0,0,0,0,0,0,,,
202618,2026,Group Stage,18,"Apr 11, 2026","MA Chidambaram Stadium, Chennai",CSK,DC,1,1.3,Ruturaj Gaikwad,Mukesh Kumar,0,0,0,0,0,0,,,
202618,2026,Group Stage,18,"Apr 11, 2026","MA Chidambaram Stadium, Chennai",CSK,DC,1,1.4,Ruturaj Gaikwad,Mukesh Kumar,1,0,0,0,0,0,,,
202618,2026,Group Stage,18,"Apr 11, 2026","MA Chidambaram Stadium, Chennai",CSK,DC,1,1.5,Sanju Samson,Mukesh Kumar,4,0,0,0,0,0,,,
202618,2026,Group Stage,18,"Apr 11, 2026","MA Chidambaram Stadium, Chennai",CSK,DC,1,1.6,Sanju Samson,Mukesh Kumar,4,0,0,0,0,0,,,
202618,2026,Group Stage,18,"Apr 11, 2026","MA Chidambaram Stadium, Chennai",CSK,DC,1,2.1,Ruturaj Gaikwad,Auqib Nabi,1,0,0,0,0,0,,,
202618,2026,Group Stage,18,"Apr 11, 2026","MA Chidambaram Stadium, Chennai",CSK,DC,1,2.2,Sanju Samson,Auqib Nabi,4,0,0,0,0,0,,,
202618,2026,Group Stage,18,"Apr 11, 2026","MA Chidambaram Stadium, Chennai",CSK,DC,1,2.3,Sanju Samson,Auqib Nabi,1,0,0,0,0,0,,,
202618,2026,Group Stage,18,"Apr 11, 2026","MA Chidambaram Stadium, Chennai",CSK,DC,1,2.4,Ruturaj Gaikwad,Auqib Nabi,0,0,0,0,0,0,,,
202618,2026,Group Stage,18,"Apr 11, 2026","MA Chidambaram Stadium, Chennai",CSK,DC,1,2.5,Ruturaj Gaikwad,Auqib Nabi,0,0,0,0,0,0,,,
202618,2026,Group Stage,18,"Apr 11, 2026","MA Chidambaram Stadium, Chennai",CSK,DC,1,2.6,Ruturaj Gaikwad,Auqib Nabi,1,0,0,0,0,0,,,
202618,2026,Group Stage,18,"Apr 11, 2026","MA Chidambaram Stadium, Chennai",CSK,DC,1,3.1,Ruturaj Gaikwad,Axar Patel,4,0,0,0,0,0,,,
202618,2026,Group Stage,18,"Apr 11, 2026","MA Chidambaram Stadium, Chennai",CSK,DC,1,3.2,Ruturaj Gaikwad,Axar Patel,0,0,0,0,0,0,,,
202618,2026,Group Stage,18,"Apr 11, 2026","MA Chidambaram Stadium, Chennai",CSK,DC,1,3.3,Ruturaj Gaikwad,Axar Patel,1,0,0,0,0,0,,,
202618,2026,Group Stage,18,"Apr 11, 2026","MA Chidambaram Stadium, Chennai",CSK,DC,1,3.4,Sanju Samson,Axar Patel,4,0,0,0,0,0,,,
202618,2026,Group Stage,18,"Apr 11, 2026","MA Chidambaram Stadium, Chennai",CSK,DC,1,3.5,Sanju Samson,Axar Patel,0,0,0,0,0,0,,,
202618,2026,Group Stage,18,"Apr 11, 2026","MA Chidambaram Stadium, Chennai",CSK,DC,1,3.6,Sanju Samson,Axar Patel,4,0,0,0,0,0,,,
202618,2026,Group Stage,18,"Apr 11, 2026","MA Chidambaram Stadium, Chennai",CSK,DC,1,4.1,Ruturaj Gaikwad,Natarajan,0,0,0,0,0,0,,,
202618,2026,Group Stage,18,"Apr 11, 2026","MA Chidambaram Stadium, Chennai",CSK,DC,1,4.2,Ruturaj Gaikwad,Natarajan,3,0,0,0,0,0,,,
202618,2026,Group Stage,18,"Apr 11, 2026","MA Chidambaram Stadium, Chennai",CSK,DC,1,4.3,Sanju Samson,Natarajan,1,0,0,0,0,0,,,
202618,2026,Group Stage,18,"Apr 11, 2026","MA Chidambaram Stadium, Chennai",CSK,DC,1,4.4,Ruturaj Gaikwad,Natarajan,1,0,0,0,0,0,,,
202618,2026,Group Stage,18,"Apr 11, 2026","MA Chidambaram Stadium, Chennai",CSK,DC,1,4.5,Sanju Samson,Natarajan,4,0,0,0,0,0,,,
202618,2026,Group Stage,18,"Apr 11, 2026","MA Chidambaram Stadium, Chennai",CSK,DC,1,4.6,Sanju Samson,Natarajan,0,0,0,0,0,0,,,
202618,2026,Group Stage,18,"Apr 11, 2026","MA Chidambaram Stadium, Chennai",CSK,DC,1,5.1,Ruturaj Gaikwad,Lungi Ngidi,1,0,0,0,0,0,,,
202618,2026,Group Stage,18,"Apr 11, 2026","MA Chidambaram Stadium, Chennai",CSK,DC,1,5.2,Sanju Samson,Lungi Ngidi,4,0,0,0,0,0,,,
202618,2026,Group Stage,18,"Apr 11, 2026","MA Chidambaram Stadium, Chennai",CSK,DC,1,5.3,Sanju Samson,Lungi Ngidi,1,0,0,0,0,0,,,
202618,2026,Group Stage,18,"Apr 11, 2026","MA Chidambaram Stadium, Chennai",CSK,DC,1,5.4,Ruturaj Gaikwad,Lungi Ngidi,1,0,0,0,0,0,,,
202618,2026,Group Stage,18,"Apr 11, 2026","MA Chidambaram Stadium, Chennai",CSK,DC,1,5.5,Sanju Samson,Lungi Ngidi,4,0,0,0,0,0,,,
202618,2026,Group Stage,18,"Apr 11, 2026","MA Chidambaram Stadium, Chennai",CSK,DC,1,5.6,Sanju Samson,Lungi Ngidi,1,0,0,0,0,0,,,
202618,2026,Group Stage,18,"Apr 11, 2026","MA Chidambaram Stadium, Chennai",CSK,DC,1,6.1,Sanju Samson,Axar Patel,1,0,0,0,0,0,,,
202618,2026,Group Stage,18,"Apr 11, 2026","MA Chidambaram Stadium, Chennai",CSK,DC,1,6.2,Ruturaj Gaikwad,Axar Patel,0,0,0,0,0,0,caught,Ruturaj Gaikwad,Pathum Nissanka
202618,2026,Group Stage,18,"Apr 11, 2026","MA Chidambaram Stadium, Chennai",CSK,DC,1,6.3,Ayush Mhatre,Axar Patel,1,0,0,0,0,0,,,
202618,2026,Group Stage,18,"Apr 11, 2026","MA Chidambaram Stadium, Chennai",CSK,DC,1,6.4,Sanju Samson,Axar Patel,0,0,0,0,0,0,,,
202618,2026,Group Stage,18,"Apr 11, 2026","MA Chidambaram Stadium, Chennai",CSK,DC,1,6.5,Sanju Samson,Axar Patel,1,0,0,0,0,0,,,
202618,2026,Group Stage,18,"Apr 11, 2026","MA Chidambaram Stadium, Chennai",CSK,DC,1,6.6,Ayush Mhatre,Axar Patel,1,0,0,0,0,0,,,
202618,2026,Group Stage,18,"Apr 11, 2026","MA Chidambaram Stadium, Chennai",CSK,DC,1,7.1,Ayush Mhatre,Kuldeep Yadav,1,0,0,0,0,0,,,
202618,2026,Group Stage,18,"Apr 11, 2026","MA Chidambaram Stadium, Chennai",CSK,DC,1,7.2,Sanju Samson,Kuldeep Yadav,0,0,0,0,0,0,,,
202618,2026,Group Stage,18,"Apr 11, 2026","MA Chidambaram Stadium, Chennai",CSK,DC,1,7.3,Sanju Samson,Kuldeep Yadav,1,0,0,0,0,0,,,
202618,2026,Group Stage,18,"Apr 11, 2026","MA Chidambaram Stadium, Chennai",CSK,DC,1,7.4,Ayush Mhatre,Kuldeep Yadav,1,0,0,0,0,0,,,
202618,2026,Group Stage,18,"Apr 11, 2026","MA Chidambaram Stadium, Chennai",CSK,DC,1,7.5,Sanju Samson,Kuldeep Yadav,1,0,0,0,0,0,,,
202618,2026,Group Stage,18,"Apr 11, 2026","MA Chidambaram Stadium, Chennai",CSK,DC,1,7.6,Ayush Mhatre,Kuldeep Yadav,4,0,0,0,0,0,,,
202618,2026,Group Stage,18,"Apr 11, 2026","MA Chidambaram Stadium, Chennai",CSK,DC,1,8.1,Sanju Samson,Mukesh Kumar,1,0,0,0,0,0,,,
202618,2026,Group Stage,18,"Apr 11, 2026","MA Chidambaram Stadium, Chennai",CSK,DC,1,8.2,Ayush Mhatre,Mukesh Kumar,0,0,0,0,0,0,,,
202618,2026,Group Stage,18,"Apr 11, 2026","MA Chidambaram Stadium, Chennai",CSK,DC,1,8.3,Ayush Mhatre,Mukesh Kumar,1,0,0,0,0,0,,,
202618,2026,Group Stage,18,"Apr 11, 2026","MA Chidambaram Stadium, Chennai",CSK,DC,1,8.4,Sanju Samson,Mukesh Kumar,2,0,0,0,0,0,,,
202618,2026,Group Stage,18,"Apr 11, 2026","MA Chidambaram Stadium, Chennai",CSK,DC,1,8.5,Sanju Samson,Mukesh Kumar,0,0,0,0,0,0,,,
202618,2026,Group Stage,18,"Apr 11, 2026","MA Chidambaram Stadium, Chennai",CSK,DC,1,8.6,Sanju Samson,Mukesh Kumar,0,0,0,0,0,0,,,
202618,2026,Group Stage,18,"Apr 11, 2026","MA Chidambaram Stadium, Chennai",CSK,DC,1,9.1,Ayush Mhatre,Axar Patel,0,0,0,0,0,0,,,
202618,2026,Group Stage,18,"Apr 11, 2026","MA Chidambaram Stadium, Chennai",CSK,DC,1,9.2,Ayush Mhatre,Axar Patel,1,0,0,0,0,0,,,
202618,2026,Group Stage,18,"Apr 11, 2026","MA Chidambaram Stadium, Chennai",CSK,DC,1,9.3,Sanju Samson,Axar Patel,4,0,0,0,0,0,,,
202618,2026,Group Stage,18,"Apr 11, 2026","MA Chidambaram Stadium, Chennai",CSK,DC,1,9.4,Sanju Samson,Axar Patel,4,0,0,0,0,0,,,
202618,2026,Group Stage,18,"Apr 11, 2026","MA Chidambaram Stadium, Chennai",CSK,DC,1,9.5,Sanju Samson,Axar Patel,1,0,0,0,0,0,,,
202618,2026,Group Stage,18,"Apr 11, 2026","MA Chidambaram Stadium, Chennai",CSK,DC,1,9.6,Ayush Mhatre,Axar Patel,1,0,0,0,0,0,,,
202618,2026,Group Stage,18,"Apr 11, 2026","MA Chidambaram Stadium, Chennai",CSK,DC,1,10.1,Ayush Mhatre,Natarajan,4,0,0,0,0,0,,,
202618,2026,Group Stage,18,"Apr 11, 2026","MA Chidambaram Stadium, Chennai",CSK,DC,1,10.2,Ayush Mhatre,Natarajan,1,0,0,0,0,0,,,
202618,2026,Group Stage,18,"Apr 11, 2026","MA Chidambaram Stadium, Chennai",CSK,DC,1,10.3,Sanju Samson,Natarajan,6,0,0,0,0,0,,,
202618,2026,Group Stage,18,"Apr 11, 2026","MA Chidambaram Stadium, Chennai",CSK,DC,1,10.4,Sanju Samson,Natarajan,1,0,0,0,0,0,,,
202618,2026,Group Stage,18,"Apr 11, 2026","MA Chidambaram Stadium, Chennai",CSK,DC,1,10.5,Ayush Mhatre,Natarajan,1,0,0,0,0,0,,,
202618,2026,Group Stage,18,"Apr 11, 2026","MA Chidambaram Stadium, Chennai",CSK,DC,1,10.6,Sanju Samson,Natarajan,0,1,1,0,0,0,,,
202618,2026,Group Stage,18,"Apr 11, 2026","MA Chidambaram Stadium, Chennai",CSK,DC,1,10.6,Sanju Samson,Natarajan,1,0,0,0,0,0,,,
202618,2026,Group Stage,18,"Apr 11, 2026","MA Chidambaram Stadium, Chennai",CSK,DC,1,11.1,Sanju Samson,Kuldeep Yadav,1,0,0,0,0,0,,,
202618,2026,Group Stage,18,"Apr 11, 2026","MA Chidambaram Stadium, Chennai",CSK,DC,1,11.2,Ayush Mhatre,Kuldeep Yadav,6,0,0,0,0,0,,,
202618,2026,Group Stage,18,"Apr 11, 2026","MA Chidambaram Stadium, Chennai",CSK,DC,1,11.3,Ayush Mhatre,Kuldeep Yadav,1,0,0,0,0,0,,,
202618,2026,Group Stage,18,"Apr 11, 2026","MA Chidambaram Stadium, Chennai",CSK,DC,1,11.4,Sanju Samson,Kuldeep Yadav,1,0,0,0,0,0,,,
202618,2026,Group Stage,18,"Apr 11, 2026","MA Chidambaram Stadium, Chennai",CSK,DC,1,11.5,Ayush Mhatre,Kuldeep Yadav,1,0,0,0,0,0,,,
202618,2026,Group Stage,18,"Apr 11, 2026","MA Chidambaram Stadium, Chennai",CSK,DC,1,11.6,Sanju Samson,Kuldeep Yadav,6,0,0,0,0,0,,,
202618,2026,Group Stage,18,"Apr 11, 2026","MA Chidambaram Stadium, Chennai",CSK,DC,1,12.1,Ayush Mhatre,Lungi Ngidi,0,0,0,0,0,0,,,
202618,2026,Group Stage,18,"Apr 11, 2026","MA Chidambaram Stadium, Chennai",CSK,DC,1,12.2,Ayush Mhatre,Lungi Ngidi,4,0,0,0,0,0,,,
202618,2026,Group Stage,18,"Apr 11, 2026","MA Chidambaram Stadium, Chennai",CSK,DC,1,12.3,Ayush Mhatre,Lungi Ngidi,6,0,0,0,0,0,,,
202618,2026,Group Stage,18,"Apr 11, 2026","MA Chidambaram Stadium, Chennai",CSK,DC,1,12.4,Ayush Mhatre,Lungi Ngidi,0,0,0,0,0,0,,,
202618,2026,Group Stage,18,"Apr 11, 2026","MA Chidambaram Stadium, Chennai",CSK,DC,1,12.5,Ayush Mhatre,Lungi Ngidi,0,0,0,0,0,0,,,
202618,2026,Group Stage,18,"Apr 11, 2026","MA Chidambaram Stadium, Chennai",CSK,DC,1,12.6,Ayush Mhatre,Lungi Ngidi,1,0,0,0,0,0,,,
202618,2026,Group Stage,18,"Apr 11, 2026","MA Chidambaram Stadium, Chennai",CSK,DC,1,13.1,Ayush Mhatre,Axar Patel,1,0,0,0,0,0,,,
202618,2026,Group Stage,18,"Apr 11, 2026","MA Chidambaram Stadium, Chennai",CSK,DC,1,13.2,Sanju Samson,Axar Patel,1,0,0,0,0,0,,,
202618,2026,Group Stage,18,"Apr 11, 2026","MA Chidambaram Stadium, Chennai",CSK,DC,1,13.3,Ayush Mhatre,Axar Patel,1,0,0,0,0,0,,,
202618,2026,Group Stage,18,"Apr 11, 2026","MA Chidambaram Stadium, Chennai",CSK,DC,1,13.4,Sanju Samson,Axar Patel,1,0,0,0,0,0,,,
202618,2026,Group Stage,18,"Apr 11, 2026","MA Chidambaram Stadium, Chennai",CSK,DC,1,13.5,Ayush Mhatre,Axar Patel,6,0,0,0,0,0,,,
202618,2026,Group Stage,18,"Apr 11, 2026","MA Chidambaram Stadium, Chennai",CSK,DC,1,13.6,Ayush Mhatre,Axar Patel,1,0,0,0,0,0,,,
202618,2026,Group Stage,18,"Apr 11, 2026","MA Chidambaram Stadium, Chennai",CSK,DC,1,14.1,Ayush Mhatre,Natarajan,6,0,0,0,0,0,,,
202618,2026,Group Stage,18,"Apr 11, 2026","MA Chidambaram Stadium, Chennai",CSK,DC,1,14.2,Ayush Mhatre,Natarajan,1,0,0,0,0,0,,,
202618,2026,Group Stage,18,"Apr 11, 2026","MA Chidambaram Stadium, Chennai",CSK,DC,1,14.3,Sanju Samson,Natarajan,6,0,0,0,0,0,,,
202618,2026,Group Stage,18,"Apr 11, 2026","MA Chidambaram Stadium, Chennai",CSK,DC,1,14.4,Sanju Samson,Natarajan,4,0,0,0,0,0,,,
202618,2026,Group Stage,18,"Apr 11, 2026","MA Chidambaram Stadium, Chennai",CSK,DC,1,14.5,Sanju Samson,Natarajan,1,0,0,0,0,0,,,
202618,2026,Group Stage,18,"Apr 11, 2026","MA Chidambaram Stadium, Chennai",CSK,DC,1,14.6,Ayush Mhatre,Natarajan,1,0,0,0,0,0,,,
202618,2026,Group Stage,18,"Apr 11, 2026","MA Chidambaram Stadium, Chennai",CSK,DC,1,15.1,Ayush Mhatre,Mukesh Kumar,1,0,0,0,0,0,,,
202618,2026,Group Stage,18,"Apr 11, 2026","MA Chidambaram Stadium, Chennai",CSK,DC,1,15.2,Sanju Samson,Mukesh Kumar,0,0,0,0,0,0,,,
202618,2026,Group Stage,18,"Apr 11, 2026","MA Chidambaram Stadium, Chennai",CSK,DC,1,15.3,Sanju Samson,Mukesh Kumar,1,0,0,0,0,0,,,
202618,2026,Group Stage,18,"Apr 11, 2026","MA Chidambaram Stadium, Chennai",CSK,DC,1,15.4,Ayush Mhatre,Mukesh Kumar,0,0,0,0,0,0,,,
202618,2026,Group Stage,18,"Apr 11, 2026","MA Chidambaram Stadium, Chennai",CSK,DC,1,15.5,Ayush Mhatre,Mukesh Kumar,1,0,0,0,0,0,,,
202618,2026,Group Stage,18,"Apr 11, 2026","MA Chidambaram Stadium, Chennai",CSK,DC,1,15.6,Sanju Samson,Mukesh Kumar,0,1,1,0,0,0,,,
202618,2026,Group Stage,18,"Apr 11, 2026","MA Chidambaram Stadium, Chennai",CSK,DC,1,15.6,Sanju Samson,Mukesh Kumar,4,0,0,0,0,0,,,
202618,2026,Group Stage,18,"Apr 11, 2026","MA Chidambaram Stadium, Chennai",CSK,DC,1,16.1,Ayush Mhatre,Lungi Ngidi,1,0,0,0,0,0,,,
202618,2026,Group Stage,18,"Apr 11, 2026","MA Chidambaram Stadium, Chennai",CSK,DC,1,16.2,Sanju Samson,Lungi Ngidi,1,0,0,0,0,0,,,
202618,2026,Group Stage,18,"Apr 11, 2026","MA Chidambaram Stadium, Chennai",CSK,DC,1,16.3,Ayush Mhatre,Lungi Ngidi,1,0,0,0,0,0,,,
202618,2026,Group Stage,18,"Apr 11, 2026","MA Chidambaram Stadium, Chennai",CSK,DC,1,16.4,Sanju Samson,Lungi Ngidi,1,0,0,0,0,0,,,
202618,2026,Group Stage,18,"Apr 11, 2026","MA Chidambaram Stadium, Chennai",CSK,DC,1,16.5,Ayush Mhatre,Lungi Ngidi,1,0,0,0,0,0,,,
202618,2026,Group Stage,18,"Apr 11, 2026","MA Chidambaram Stadium, Chennai",CSK,DC,1,16.6,Sanju Samson,Lungi Ngidi,0,0,0,0,0,0,,,
202618,2026,Group Stage,18,"Apr 11, 2026","MA Chidambaram Stadium, Chennai",CSK,DC,1,17.1,Ayush Mhatre,Natarajan,1,0,0,0,0,0,,,
202618,2026,Group Stage,18,"Apr 11, 2026","MA Chidambaram Stadium, Chennai",CSK,DC,1,17.2,Sanju Samson,Natarajan,0,0,0,0,0,0,,,
202618,2026,Group Stage,18,"Apr 11, 2026","MA Chidambaram Stadium, Chennai",CSK,DC,1,17.3,Sanju Samson,Natarajan,1,0,0,0,0,0,,,
202618,2026,Group Stage,18,"Apr 11, 2026","MA Chidambaram Stadium, Chennai",CSK,DC,1,17.4,Shivam Dube,Natarajan,1,0,0,0,0,0,,,
202618,2026,Group Stage,18,"Apr 11, 2026","MA Chidambaram Stadium, Chennai",CSK,DC,1,17.5,Sanju Samson,Natarajan,4,0,0,0,0,0,,,
202618,2026,Group Stage,18,"Apr 11, 2026","MA Chidambaram Stadium, Chennai",CSK,DC,1,17.6,Sanju Samson,Natarajan,4,0,0,0,0,0,,,
202618,2026,Group Stage,18,"Apr 11, 2026","MA Chidambaram Stadium, Chennai",CSK,DC,1,18.1,Shivam Dube,Lungi Ngidi,4,0,0,0,0,0,,,
202618,2026,Group Stage,18,"Apr 11, 2026","MA Chidambaram Stadium, Chennai",CSK,DC,1,18.2,Shivam Dube,Lungi Ngidi,0,0,0,0,0,0,,,
202618,2026,Group Stage,18,"Apr 11, 2026","MA Chidambaram Stadium, Chennai",CSK,DC,1,18.3,Shivam Dube,Lungi Ngidi,0,0,0,0,0,0,,,
202618,2026,Group Stage,18,"Apr 11, 2026","MA Chidambaram Stadium, Chennai",CSK,DC,1,18.4,Shivam Dube,Lungi Ngidi,2,0,0,0,0,0,,,
202618,2026,Group Stage,18,"Apr 11, 2026","MA Chidambaram Stadium, Chennai",CSK,DC,1,18.5,Shivam Dube,Lungi Ngidi,1,0,0,0,0,0,,,
202618,2026,Group Stage,18,"Apr 11, 2026","MA Chidambaram Stadium, Chennai",CSK,DC,1,18.6,Sanju Samson,Lungi Ngidi,6,0,0,0,0,0,,,
202618,2026,Group Stage,18,"Apr 11, 2026","MA Chidambaram Stadium, Chennai",CSK,DC,1,19.1,Shivam Dube,Mukesh Kumar,6,0,0,0,0,0,,,
202618,2026,Group Stage,18,"Apr 11, 2026","MA Chidambaram Stadium, Chennai",CSK,DC,1,19.2,Shivam Dube,Mukesh Kumar,1,0,0,0,0,0,,,
202618,2026,Group Stage,18,"Apr 11, 2026","MA Chidambaram Stadium, Chennai",CSK,DC,1,19.3,Sanju Samson,Mukesh Kumar,1,0,0,0,0,0,,,
202618,2026,Group Stage,18,"Apr 11, 2026","MA Chidambaram Stadium, Chennai",CSK,DC,1,19.4,Shivam Dube,Mukesh Kumar,4,0,0,0,0,0,,,
202618,2026,Group Stage,18,"Apr 11, 2026","MA Chidambaram Stadium, Chennai",CSK,DC,1,19.5,Shivam Dube,Mukesh Kumar,1,0,0,0,0,0,,,
202618,2026,Group Stage,18,"Apr 11, 2026","MA Chidambaram Stadium, Chennai",CSK,DC,1,19.6,Sanju Samson,Mukesh Kumar,2,0,0,0,0,0,,,
202622,2026,Group Stage,22,"Apr 14, 2026","MA Chidambaram Stadium, Chennai",CSK,KKR,1,0.1,Sanju Samson,Vaibhav Arora,4,0,0,0,0,0,,,
202622,2026,Group Stage,22,"Apr 14, 2026","MA Chidambaram Stadium, Chennai",CSK,KKR,1,0.2,Sanju Samson,Vaibhav Arora,4,0,0,0,0,0,,,
202622,2026,Group Stage,22,"Apr 14, 2026","MA Chidambaram Stadium, Chennai",CSK,KKR,1,0.3,Sanju Samson,Vaibhav Arora,4,0,0,0,0,0,,,
202622,2026,Group Stage,22,"Apr 14, 2026","MA Chidambaram Stadium, Chennai",CSK,KKR,1,0.4,Sanju Samson,Vaibhav Arora,1,0,0,0,0,0,,,
202622,2026,Group Stage,22,"Apr 14, 2026","MA Chidambaram Stadium, Chennai",CSK,KKR,1,0.5,Ruturaj Gaikwad,Vaibhav Arora,1,0,0,0,0,0,,,
202622,2026,Group Stage,22,"Apr 14, 2026","MA Chidambaram Stadium, Chennai",CSK,KKR,1,0.6,Sanju Samson,Vaibhav Arora,0,0,0,0,0,0,,,
202622,2026,Group Stage,22,"Apr 14, 2026","MA Chidambaram Stadium, Chennai",CSK,KKR,1,1.1,Ruturaj Gaikwad,Cameron Green,0,2,1,0,0,0,,,
202622,2026,Group Stage,22,"Apr 14, 2026","MA Chidambaram Stadium, Chennai",CSK,KKR,1,1.1,Sanju Samson,Cameron Green,1,0,0,0,0,0,,,
202622,2026,Group Stage,22,"Apr 14, 2026","MA Chidambaram Stadium, Chennai",CSK,KKR,1,1.2,Ruturaj Gaikwad,Cameron Green,4,0,0,0,0,0,,,
202622,2026,Group Stage,22,"Apr 14, 2026","MA Chidambaram Stadium, Chennai",CSK,KKR,1,1.3,Ruturaj Gaikwad,Cameron Green,1,0,0,0,0,0,,,
202622,2026,Group Stage,22,"Apr 14, 2026","MA Chidambaram Stadium, Chennai",CSK,KKR,1,1.4,Sanju Samson,Cameron Green,0,0,0,0,0,0,,,
202622,2026,Group Stage,22,"Apr 14, 2026","MA Chidambaram Stadium, Chennai",CSK,KKR,1,1.5,Sanju Samson,Cameron Green,0,1,0,1,0,0,,,
202622,2026,Group Stage,22,"Apr 14, 2026","MA Chidambaram Stadium, Chennai",CSK,KKR,1,1.6,Ruturaj Gaikwad,Cameron Green,1,0,0,0,0,0,,,
202622,2026,Group Stage,22,"Apr 14, 2026","MA Chidambaram Stadium, Chennai",CSK,KKR,1,2.1,Ruturaj Gaikwad,Anukul Roy,0,0,0,0,0,0,,,
202622,2026,Group Stage,22,"Apr 14, 2026","MA Chidambaram Stadium, Chennai",CSK,KKR,1,2.1,Ruturaj Gaikwad,Anukul Roy,0,1,1,0,0,0,,,
202622,2026,Group Stage,22,"Apr 14, 2026","MA Chidambaram Stadium, Chennai",CSK,KKR,1,2.2,Ruturaj Gaikwad,Anukul Roy,0,0,0,0,0,0,caught,Ruturaj Gaikwad,Rovman Powell
202622,2026,Group Stage,22,"Apr 14, 2026","MA Chidambaram Stadium, Chennai",CSK,KKR,1,2.3,Ayush Mhatre,Anukul Roy,1,0,0,0,0,0,,,
202622,2026,Group Stage,22,"Apr 14, 2026","MA Chidambaram Stadium, Chennai",CSK,KKR,1,2.4,Sanju Samson,Anukul Roy,0,0,0,0,0,0,,,
202622,2026,Group Stage,22,"Apr 14, 2026","MA Chidambaram Stadium, Chennai",CSK,KKR,1,2.5,Sanju Samson,Anukul Roy,1,0,0,0,0,0,,,
202622,2026,Group Stage,22,"Apr 14, 2026","MA Chidambaram Stadium, Chennai",CSK,KKR,1,2.6,Ayush Mhatre,Anukul Roy,4,0,0,0,0,0,,,
202622,2026,Group Stage,22,"Apr 14, 2026","MA Chidambaram Stadium, Chennai",CSK,KKR,1,3.1,Sanju Samson,Cameron Green,1,0,0,0,0,0,,,
202622,2026,Group Stage,22,"Apr 14, 2026","MA Chidambaram Stadium, Chennai",CSK,KKR,1,3.2,Ayush Mhatre,Cameron Green,4,0,0,0,0,0,,,
202622,2026,Group Stage,22,"Apr 14, 2026","MA Chidambaram Stadium, Chennai",CSK,KKR,1,3.3,Ayush Mhatre,Cameron Green,0,0,0,0,0,0,,,
202622,2026,Group Stage,22,"Apr 14, 2026","MA Chidambaram Stadium, Chennai",CSK,KKR,1,3.4,Ayush Mhatre,Cameron Green,4,0,0,0,0,0,,,
202622,2026,Group Stage,22,"Apr 14, 2026","MA Chidambaram Stadium, Chennai",CSK,KKR,1,3.5,Ayush Mhatre,Cameron Green,6,0,0,0,0,0,,,
202622,2026,Group Stage,22,"Apr 14, 2026","MA Chidambaram Stadium, Chennai",CSK,KKR,1,3.6,Ayush Mhatre,Cameron Green,6,0,0,0,0,0,,,
202622,2026,Group Stage,22,"Apr 14, 2026","MA Chidambaram Stadium, Chennai",CSK,KKR,1,4.1,Sanju Samson,Anukul Roy,6,0,0,0,0,0,,,
202622,2026,Group Stage,22,"Apr 14, 2026","MA Chidambaram Stadium, Chennai",CSK,KKR,1,4.2,Sanju Samson,Anukul Roy,1,0,0,0,0,0,,,
202622,2026,Group Stage,22,"Apr 14, 2026","MA Chidambaram Stadium, Chennai",CSK,KKR,1,4.3,Ayush Mhatre,Anukul Roy,0,0,0,0,0,0,,,
202622,2026,Group Stage,22,"Apr 14, 2026","MA Chidambaram Stadium, Chennai",CSK,KKR,1,4.4,Ayush Mhatre,Anukul Roy,0,0,0,0,0,0,,,
202622,2026,Group Stage,22,"Apr 14, 2026","MA Chidambaram Stadium, Chennai",CSK,KKR,1,4.5,Ayush Mhatre,Anukul Roy,0,0,0,0,0,0,,,
202622,2026,Group Stage,22,"Apr 14, 2026","MA Chidambaram Stadium, Chennai",CSK,KKR,1,4.6,Ayush Mhatre,Anukul Roy,1,0,0,0,0,0,,,
202622,2026,Group Stage,22,"Apr 14, 2026","MA Chidambaram Stadium, Chennai",CSK,KKR,1,5.1,Ayush Mhatre,Vaibhav Arora,4,0,0,0,0,0,,,
202622,2026,Group Stage,22,"Apr 14, 2026","MA Chidambaram Stadium, Chennai",CSK,KKR,1,5.2,Ayush Mhatre,Vaibhav Arora,4,0,0,0,0,0,,,
202622,2026,Group Stage,22,"Apr 14, 2026","MA Chidambaram Stadium, Chennai",CSK,KKR,1,5.3,Ayush Mhatre,Vaibhav Arora,4,0,0,0,0,0,,,
202622,2026,Group Stage,22,"Apr 14, 2026","MA Chidambaram Stadium, Chennai",CSK,KKR,1,5.4,Ayush Mhatre,Vaibhav Arora,0,0,0,0,0,0,,,
202622,2026,Group Stage,22,"Apr 14, 2026","MA Chidambaram Stadium, Chennai",CSK,KKR,1,5.5,Ayush Mhatre,Vaibhav Arora,0,0,0,0,0,0,,,
202622,2026,Group Stage,22,"Apr 14, 2026","MA Chidambaram Stadium, Chennai",CSK,KKR,1,5.6,Ayush Mhatre,Vaibhav Arora,0,0,0,0,0,0,caught,Ayush Mhatre,Ramandeep Singh
202622,2026,Group Stage,22,"Apr 14, 2026","MA Chidambaram Stadium, Chennai",CSK,KKR,1,6.1,Sanju Samson,Sunil Narine,0,0,0,0,0,0,,,
202622,2026,Group Stage,22,"Apr 14, 2026","MA Chidambaram Stadium, Chennai",CSK,KKR,1,6.2,Sanju Samson,Sunil Narine,0,0,0,0,0,0,,,
202622,2026,Group Stage,22,"Apr 14, 2026","MA Chidambaram Stadium, Chennai",CSK,KKR,1,6.3,Sanju Samson,Sunil Narine,1,0,0,0,0,0,,,
202622,2026,Group Stage,22,"Apr 14, 2026","MA Chidambaram Stadium, Chennai",CSK,KKR,1,6.4,Dewald Brevis,Sunil Narine,1,0,0,0,0,0,,,
202622,2026,Group Stage,22,"Apr 14, 2026","MA Chidambaram Stadium, Chennai",CSK,KKR,1,6.5,Sanju Samson,Sunil Narine,1,0,0,0,0,0,,,
202622,2026,Group Stage,22,"Apr 14, 2026","MA Chidambaram Stadium, Chennai",CSK,KKR,1,6.6,Dewald Brevis,Sunil Narine,6,0,0,0,0,0,,,
202622,2026,Group Stage,22,"Apr 14, 2026","MA Chidambaram Stadium, Chennai",CSK,KKR,1,7.1,Sanju Samson,Varun Chakaravarthy,1,0,0,0,0,0,,,
202622,2026,Group Stage,22,"Apr 14, 2026","MA Chidambaram Stadium, Chennai",CSK,KKR,1,7.2,Dewald Brevis,Varun Chakaravarthy,0,0,0,0,0,0,,,
202622,2026,Group Stage,22,"Apr 14, 2026","MA Chidambaram Stadium, Chennai",CSK,KKR,1,7.3,Dewald Brevis,Varun Chakaravarthy,1,0,0,0,0,0,,,
202622,2026,Group Stage,22,"Apr 14, 2026","MA Chidambaram Stadium, Chennai",CSK,KKR,1,7.4,Sanju Samson,Varun Chakaravarthy,4,0,0,0,0,0,,,
202622,2026,Group Stage,22,"Apr 14, 2026","MA Chidambaram Stadium, Chennai",CSK,KKR,1,7.5,Sanju Samson,Varun Chakaravarthy,1,0,0,0,0,0,,,
202622,2026,Group Stage,22,"Apr 14, 2026","MA Chidambaram Stadium, Chennai",CSK,KKR,1,7.6,Dewald Brevis,Varun Chakaravarthy,1,0,0,0,0,0,,,
202622,2026,Group Stage,22,"Apr 14, 2026","MA Chidambaram Stadium, Chennai",CSK,KKR,1,8.1,Dewald Brevis,Sunil Narine,1,0,0,0,0,0,,,
202622,2026,Group Stage,22,"Apr 14, 2026","MA Chidambaram Stadium, Chennai",CSK,KKR,1,8.2,Sanju Samson,Sunil Narine,0,0,0,0,0,0,,,
202622,2026,Group Stage,22,"Apr 14, 2026","MA Chidambaram Stadium, Chennai",CSK,KKR,1,8.3,Sanju Samson,Sunil Narine,1,0,0,0,0,0,,,
202622,2026,Group Stage,22,"Apr 14, 2026","MA Chidambaram Stadium, Chennai",CSK,KKR,1,8.4,Dewald Brevis,Sunil Narine,1,0,0,0,0,0,,,
202622,2026,Group Stage,22,"Apr 14, 2026","MA Chidambaram Stadium, Chennai",CSK,KKR,1,8.5,Sanju Samson,Sunil Narine,1,0,0,0,0,0,,,
202622,2026,Group Stage,22,"Apr 14, 2026","MA Chidambaram Stadium, Chennai",CSK,KKR,1,8.6,Dewald Brevis,Sunil Narine,1,0,0,0,0,0,,,
202622,2026,Group Stage,22,"Apr 14, 2026","MA Chidambaram Stadium, Chennai",CSK,KKR,1,9.1,Dewald Brevis,Kartik Tyagi,0,0,0,0,0,0,,,
202622,2026,Group Stage,22,"Apr 14, 2026","MA Chidambaram Stadium, Chennai",CSK,KKR,1,9.2,Dewald Brevis,Kartik Tyagi,0,0,0,0,0,0,,,
202622,2026,Group Stage,22,"Apr 14, 2026","MA Chidambaram Stadium, Chennai",CSK,KKR,1,9.3,Dewald Brevis,Kartik Tyagi,1,0,0,0,0,0,,,
202622,2026,Group Stage,22,"Apr 14, 2026","MA Chidambaram Stadium, Chennai",CSK,KKR,1,9.4,Sanju Samson,Kartik Tyagi,0,0,0,0,0,0,,,
202622,2026,Group Stage,22,"Apr 14, 2026","MA Chidambaram Stadium, Chennai",CSK,KKR,1,9.5,Sanju Samson,Kartik Tyagi,6,0,0,0,0,0,,,
202622,2026,Group Stage,22,"Apr 14, 2026","MA Chidambaram Stadium, Chennai",CSK,KKR,1,9.6,Sanju Samson,Kartik Tyagi,1,0,0,0,0,0,,,
202622,2026,Group Stage,22,"Apr 14, 2026","MA Chidambaram Stadium, Chennai",CSK,KKR,1,10.1,Sanju Samson,Varun Chakaravarthy,0,0,0,0,0,0,,,
202622,2026,Group Stage,22,"Apr 14, 2026","MA Chidambaram Stadium, Chennai",CSK,KKR,1,10.2,Sanju Samson,Varun Chakaravarthy,0,0,0,0,0,0,,,
202622,2026,Group Stage,22,"Apr 14, 2026","MA Chidambaram Stadium, Chennai",CSK,KKR,1,10.3,Sanju Samson,Varun Chakaravarthy,1,0,0,0,0,0,,,
202622,2026,Group Stage,22,"Apr 14, 2026","MA Chidambaram Stadium, Chennai",CSK,KKR,1,10.4,Dewald Brevis,Varun Chakaravarthy,1,0,0,0,0,0,,,
202622,2026,Group Stage,22,"Apr 14, 2026","MA Chidambaram Stadium, Chennai",CSK,KKR,1,10.5,Sanju Samson,Varun Chakaravarthy,1,0,0,0,0,0,,,
202622,2026,Group Stage,22,"Apr 14, 2026","MA Chidambaram Stadium, Chennai",CSK,KKR,1,10.6,Dewald Brevis,Varun Chakaravarthy,0,0,0,0,0,0,,,
202622,2026,Group Stage,22,"Apr 14, 2026","MA Chidambaram Stadium, Chennai",CSK,KKR,1,11.1,Sanju Samson,Kartik Tyagi,6,0,0,0,0,0,,,
202622,2026,Group Stage,22,"Apr 14, 2026","MA Chidambaram Stadium, Chennai",CSK,KKR,1,11.2,Sanju Samson,Kartik Tyagi,0,0,0,0,0,0,bowled,Sanju Samson,
202622,2026,Group Stage,22,"Apr 14, 2026","MA Chidambaram Stadium, Chennai",CSK,KKR,1,11.3,Sarfaraz Khan,Kartik Tyagi,4,0,0,0,0,0,,,
202622,2026,Group Stage,22,"Apr 14, 2026","MA Chidambaram Stadium, Chennai",CSK,KKR,1,11.4,Sarfaraz Khan,Kartik Tyagi,0,0,0,0,0,0,,,
202622,2026,Group Stage,22,"Apr 14, 2026","MA Chidambaram Stadium, Chennai",CSK,KKR,1,11.5,Sarfaraz Khan,Kartik Tyagi,1,0,0,0,0,0,,,
202622,2026,Group Stage,22,"Apr 14, 2026","MA Chidambaram Stadium, Chennai",CSK,KKR,1,11.6,Dewald Brevis,Kartik Tyagi,2,0,0,0,0,0,,,
202622,2026,Group Stage,22,"Apr 14, 2026","MA Chidambaram Stadium, Chennai",CSK,KKR,1,12.1,Sarfaraz Khan,Sunil Narine,0,0,0,0,0,0,,,
202622,2026,Group Stage,22,"Apr 14, 2026","MA Chidambaram Stadium, Chennai",CSK,KKR,1,12.2,Sarfaraz Khan,Sunil Narine,0,1,0,1,0,0,,,
202622,2026,Group Stage,22,"Apr 14, 2026","MA Chidambaram Stadium, Chennai",CSK,KKR,1,12.3,Dewald Brevis,Sunil Narine,1,0,0,0,0,0,,,
202622,2026,Group Stage,22,"Apr 14, 2026","MA Chidambaram Stadium, Chennai",CSK,KKR,1,12.4,Sarfaraz Khan,Sunil Narine,0,0,0,0,0,0,,,
202622,2026,Group Stage,22,"Apr 14, 2026","MA Chidambaram Stadium, Chennai",CSK,KKR,1,12.5,Sarfaraz Khan,Sunil Narine,0,0,0,0,0,0,,,
202622,2026,Group Stage,22,"Apr 14, 2026","MA Chidambaram Stadium, Chennai",CSK,KKR,1,12.6,Sarfaraz Khan,Sunil Narine,1,0,0,0,0,0,,,
202622,2026,Group Stage,22,"Apr 14, 2026","MA Chidambaram Stadium, Chennai",CSK,KKR,1,13.1,Sarfaraz Khan,Varun Chakaravarthy,0,0,0,0,0,0,,,
202622,2026,Group Stage,22,"Apr 14, 2026","MA Chidambaram Stadium, Chennai",CSK,KKR,1,13.2,Sarfaraz Khan,Varun Chakaravarthy,6,0,0,0,0,0,,,
202622,2026,Group Stage,22,"Apr 14, 2026","MA Chidambaram Stadium, Chennai",CSK,KKR,1,13.3,Sarfaraz Khan,Varun Chakaravarthy,1,0,0,0,0,0,,,
202622,2026,Group Stage,22,"Apr 14, 2026","MA Chidambaram Stadium, Chennai",CSK,KKR,1,13.4,Dewald Brevis,Varun Chakaravarthy,4,0,0,0,0,0,,,
202622,2026,Group Stage,22,"Apr 14, 2026","MA Chidambaram Stadium, Chennai",CSK,KKR,1,13.5,Dewald Brevis,Varun Chakaravarthy,4,0,0,0,0,0,,,
202622,2026,Group Stage,22,"Apr 14, 2026","MA Chidambaram Stadium, Chennai",CSK,KKR,1,13.6,Dewald Brevis,Varun Chakaravarthy,0,0,0,0,0,0,,,
202622,2026,Group Stage,22,"Apr 14, 2026","MA Chidambaram Stadium, Chennai",CSK,KKR,1,14.1,Sarfaraz Khan,Anukul Roy,0,1,1,0,0,0,,,
202622,2026,Group Stage,22,"Apr 14, 2026","MA Chidambaram Stadium, Chennai",CSK,KKR,1,14.1,Sarfaraz Khan,Anukul Roy,1,0,0,0,0,0,,,
202622,2026,Group Stage,22,"Apr 14, 2026","MA Chidambaram Stadium, Chennai",CSK,KKR,1,14.2,Dewald Brevis,Anukul Roy,0,0,0,0,0,0,,,
202622,2026,Group Stage,22,"Apr 14, 2026","MA Chidambaram Stadium, Chennai",CSK,KKR,1,14.3,Dewald Brevis,Anukul Roy,0,0,0,0,0,0,,,
202622,2026,Group Stage,22,"Apr 14, 2026","MA Chidambaram Stadium, Chennai",CSK,KKR,1,14.3,Dewald Brevis,Anukul Roy,0,1,1,0,0,0,,,
202622,2026,Group Stage,22,"Apr 14, 2026","MA Chidambaram Stadium, Chennai",CSK,KKR,1,14.4,Dewald Brevis,Anukul Roy,0,1,1,0,0,0,,,
202622,2026,Group Stage,22,"Apr 14, 2026","MA Chidambaram Stadium, Chennai",CSK,KKR,1,14.4,Dewald Brevis,Anukul Roy,1,0,0,0,0,0,,,
202622,2026,Group Stage,22,"Apr 14, 2026","MA Chidambaram Stadium, Chennai",CSK,KKR,1,14.5,Sarfaraz Khan,Anukul Roy,0,0,0,0,0,0,,,
202622,2026,Group Stage,22,"Apr 14, 2026","MA Chidambaram Stadium, Chennai",CSK,KKR,1,14.6,Sarfaraz Khan,Anukul Roy,1,0,0,0,0,0,,,
202622,2026,Group Stage,22,"Apr 14, 2026","MA Chidambaram Stadium, Chennai",CSK,KKR,1,15.1,Sarfaraz Khan,Vaibhav Arora,1,0,0,0,0,0,,,
202622,2026,Group Stage,22,"Apr 14, 2026","MA Chidambaram Stadium, Chennai",CSK,KKR,1,15.2,Dewald Brevis,Vaibhav Arora,6,0,0,0,0,0,,,
202622,2026,Group Stage,22,"Apr 14, 2026","MA Chidambaram Stadium, Chennai",CSK,KKR,1,15.3,Dewald Brevis,Vaibhav Arora,1,0,0,0,0,0,,,
202622,2026,Group Stage,22,"Apr 14, 2026","MA Chidambaram Stadium, Chennai",CSK,KKR,1,15.4,Sarfaraz Khan,Vaibhav Arora,6,0,0,0,0,0,,,
202622,2026,Group Stage,22,"Apr 14, 2026","MA Chidambaram Stadium, Chennai",CSK,KKR,1,15.5,Sarfaraz Khan,Vaibhav Arora,1,0,0,0,0,0,,,
202622,2026,Group Stage,22,"Apr 14, 2026","MA Chidambaram Stadium, Chennai",CSK,KKR,1,15.6,Dewald Brevis,Vaibhav Arora,0,1,1,0,0,0,,,
202622,2026,Group Stage,22,"Apr 14, 2026","MA Chidambaram Stadium, Chennai",CSK,KKR,1,15.6,Dewald Brevis,Vaibhav Arora,4,0,0,0,0,0,,,
202622,2026,Group Stage,22,"Apr 14, 2026","MA Chidambaram Stadium, Chennai",CSK,KKR,1,16.1,Sarfaraz Khan,Sunil Narine,0,0,0,0,0,0,bowled,Sarfaraz Khan,
202622,2026,Group Stage,22,"Apr 14, 2026","MA Chidambaram Stadium, Chennai",CSK,KKR,1,16.2,Shivam Dube,Sunil Narine,0,2,0,1,0,0,,,
202622,2026,Group Stage,22,"Apr 14, 2026","MA Chidambaram Stadium, Chennai",CSK,KKR,1,16.3,Shivam Dube,Sunil Narine,1,0,0,0,0,0,,,
202622,2026,Group Stage,22,"Apr 14, 2026","MA Chidambaram Stadium, Chennai",CSK,KKR,1,16.4,Dewald Brevis,Sunil Narine,0,0,0,0,0,0,,,
202622,2026,Group Stage,22,"Apr 14, 2026","MA Chidambaram Stadium, Chennai",CSK,KKR,1,16.5,Dewald Brevis,Sunil Narine,4,0,0,0,0,0,,,
202622,2026,Group Stage,22,"Apr 14, 2026","MA Chidambaram Stadium, Chennai",CSK,KKR,1,16.6,Dewald Brevis,Sunil Narine,0,0,0,0,0,0,,,
202622,2026,Group Stage,22,"Apr 14, 2026","MA Chidambaram Stadium, Chennai",CSK,KKR,1,17.1,Shivam Dube,Kartik Tyagi,1,0,0,0,0,0,,,
202622,2026,Group Stage,22,"Apr 14, 2026","MA Chidambaram Stadium, Chennai",CSK,KKR,1,17.2,Dewald Brevis,Kartik Tyagi,0,0,0,0,0,0,,,
202622,2026,Group Stage,22,"Apr 14, 2026","MA Chidambaram Stadium, Chennai",CSK,KKR,1,17.3,Dewald Brevis,Kartik Tyagi,0,0,0,0,0,0,caught,Dewald Brevis,Vaibhav Arora
202622,2026,Group Stage,22,"Apr 14, 2026","MA Chidambaram Stadium, Chennai",CSK,KKR,1,17.3,Dewald Brevis,Kartik Tyagi,0,1,1,0,0,0,,,
202622,2026,Group Stage,22,"Apr 14, 2026","MA Chidambaram Stadium, Chennai",CSK,KKR,1,17.4,Jamie Overton,Kartik Tyagi,0,0,0,0,0,0,,,
202622,2026,Group Stage,22,"Apr 14, 2026","MA Chidambaram Stadium, Chennai",CSK,KKR,1,17.5,Jamie Overton,Kartik Tyagi,4,0,0,0,0,0,,,
202622,2026,Group Stage,22,"Apr 14, 2026","MA Chidambaram Stadium, Chennai",CSK,KKR,1,17.6,Jamie Overton,Kartik Tyagi,0,0,0,0,0,0,,,
202622,2026,Group Stage,22,"Apr 14, 2026","MA Chidambaram Stadium, Chennai",CSK,KKR,1,18.1,Shivam Dube,Vaibhav Arora,0,0,0,0,0,0,,,
202622,2026,Group Stage,22,"Apr 14, 2026","MA Chidambaram Stadium, Chennai",CSK,KKR,1,18.2,Shivam Dube,Vaibhav Arora,0,0,0,0,0,0,,,
202622,2026,Group Stage,22,"Apr 14, 2026","MA Chidambaram Stadium, Chennai",CSK,KKR,1,18.3,Shivam Dube,Vaibhav Arora,0,1,1,0,0,0,,,
202622,2026,Group Stage,22,"Apr 14, 2026","MA Chidambaram Stadium, Chennai",CSK,KKR,1,18.3,Shivam Dube,Vaibhav Arora,4,0,0,0,0,0,,,
202622,2026,Group Stage,22,"Apr 14, 2026","MA Chidambaram Stadium, Chennai",CSK,KKR,1,18.4,Shivam Dube,Vaibhav Arora,0,0,0,0,0,0,,,
202622,2026,Group Stage,22,"Apr 14, 2026","MA Chidambaram Stadium, Chennai",CSK,KKR,1,18.5,Shivam Dube,Vaibhav Arora,0,1,1,0,0,0,,,
202622,2026,Group Stage,22,"Apr 14, 2026","MA Chidambaram Stadium, Chennai",CSK,KKR,1,18.5,Shivam Dube,Vaibhav Arora,1,0,0,0,0,0,,,
202622,2026,Group Stage,22,"Apr 14, 2026","MA Chidambaram Stadium, Chennai",CSK,KKR,1,18.6,Jamie Overton,Vaibhav Arora,1,0,0,0,0,0,,,
202622,2026,Group Stage,22,"Apr 14, 2026","MA Chidambaram Stadium, Chennai",CSK,KKR,1,19.1,Jamie Overton,Kartik Tyagi,1,0,0,0,0,0,,,
202622,2026,Group Stage,22,"Apr 14, 2026","MA Chidambaram Stadium, Chennai",CSK,KKR,1,19.2,Shivam Dube,Kartik Tyagi,2,0,0,0,0,0,,,
202622,2026,Group Stage,22,"Apr 14, 2026","MA Chidambaram Stadium, Chennai",CSK,KKR,1,19.3,Shivam Dube,Kartik Tyagi,2,0,0,0,0,0,,,
202622,2026,Group Stage,22,"Apr 14, 2026","MA Chidambaram Stadium, Chennai",CSK,KKR,1,19.4,Shivam Dube,Kartik Tyagi,1,0,0,0,0,0,,,
202622,2026,Group Stage,22,"Apr 14, 2026","MA Chidambaram Stadium, Chennai",CSK,KKR,1,19.5,Jamie Overton,Kartik Tyagi,1,0,0,0,0,0,,,
202622,2026,Group Stage,22,"Apr 14, 2026","MA Chidambaram Stadium, Chennai",CSK,KKR,1,19.6,Shivam Dube,Kartik Tyagi,1,0,0,0,0,0,,,
202627,2026,Group Stage,27,"Apr 18, 2026","Rajiv Gandhi International Stadium, Hyderabad",CSK,SRH,2,0.1,Sanju Samson,Praful Hinge,6,0,0,0,0,0,,,
202627,2026,Group Stage,27,"Apr 18, 2026","Rajiv Gandhi International Stadium, Hyderabad",CSK,SRH,2,0.2,Sanju Samson,Praful Hinge,1,0,0,0,0,0,,,
202627,2026,Group Stage,27,"Apr 18, 2026","Rajiv Gandhi International Stadium, Hyderabad",CSK,SRH,2,0.3,Ruturaj Gaikwad,Praful Hinge,0,0,0,0,0,0,,,
202627,2026,Group Stage,27,"Apr 18, 2026","Rajiv Gandhi International Stadium, Hyderabad",CSK,SRH,2,0.4,Ruturaj Gaikwad,Praful Hinge,0,0,0,0,0,0,,,
202627,2026,Group Stage,27,"Apr 18, 2026","Rajiv Gandhi International Stadium, Hyderabad",CSK,SRH,2,0.5,Ruturaj Gaikwad,Praful Hinge,4,0,0,0,0,0,,,
202627,2026,Group Stage,27,"Apr 18, 2026","Rajiv Gandhi International Stadium, Hyderabad",CSK,SRH,2,0.6,Ruturaj Gaikwad,Praful Hinge,4,0,0,0,0,0,,,
202627,2026,Group Stage,27,"Apr 18, 2026","Rajiv Gandhi International Stadium, Hyderabad",CSK,SRH,2,1.1,Sanju Samson,Nitish Reddy,0,0,0,0,0,0,caught,Sanju Samson,Heinrich Klaasen
202627,2026,Group Stage,27,"Apr 18, 2026","Rajiv Gandhi International Stadium, Hyderabad",CSK,SRH,2,1.2,Ayush Mhatre,Nitish Reddy,0,0,0,0,0,0,,,
202627,2026,Group Stage,27,"Apr 18, 2026","Rajiv Gandhi International Stadium, Hyderabad",CSK,SRH,2,1.3,Ayush Mhatre,Nitish Reddy,0,0,0,0,0,0,,,
202627,2026,Group Stage,27,"Apr 18, 2026","Rajiv Gandhi International Stadium, Hyderabad",CSK,SRH,2,1.4,Ayush Mhatre,Nitish Reddy,0,0,0,0,0,0,,,
202627,2026,Group Stage,27,"Apr 18, 2026","Rajiv Gandhi International Stadium, Hyderabad",CSK,SRH,2,1.5,Ayush Mhatre,Nitish Reddy,3,0,0,0,0,0,,,
202627,2026,Group Stage,27,"Apr 18, 2026","Rajiv Gandhi International Stadium, Hyderabad",CSK,SRH,2,1.6,Ruturaj Gaikwad,Nitish Reddy,0,1,1,0,0,0,,,
202627,2026,Group Stage,27,"Apr 18, 2026","Rajiv Gandhi International Stadium, Hyderabad",CSK,SRH,2,1.6,Ruturaj Gaikwad,Nitish Reddy,4,0,0,0,0,0,,,
202627,2026,Group Stage,27,"Apr 18, 2026","Rajiv Gandhi International Stadium, Hyderabad",CSK,SRH,2,2.1,Ayush Mhatre,Praful Hinge,6,0,0,0,0,0,,,
202627,2026,Group Stage,27,"Apr 18, 2026","Rajiv Gandhi International Stadium, Hyderabad",CSK,SRH,2,2.2,Ayush Mhatre,Praful Hinge,0,0,0,0,0,0,,,
202627,2026,Group Stage,27,"Apr 18, 2026","Rajiv Gandhi International Stadium, Hyderabad",CSK,SRH,2,2.3,Ayush Mhatre,Praful Hinge,4,0,0,0,0,0,,,
202627,2026,Group Stage,27,"Apr 18, 2026","Rajiv Gandhi International Stadium, Hyderabad",CSK,SRH,2,2.4,Ayush Mhatre,Praful Hinge,0,1,1,0,0,0,,,
202627,2026,Group Stage,27,"Apr 18, 2026","Rajiv Gandhi International Stadium, Hyderabad",CSK,SRH,2,2.4,Ayush Mhatre,Praful Hinge,4,0,0,0,0,0,,,
202627,2026,Group Stage,27,"Apr 18, 2026","Rajiv Gandhi International Stadium, Hyderabad",CSK,SRH,2,2.5,Ayush Mhatre,Praful Hinge,4,0,0,0,0,0,,,
202627,2026,Group Stage,27,"Apr 18, 2026","Rajiv Gandhi International Stadium, Hyderabad",CSK,SRH,2,2.6,Ayush Mhatre,Praful Hinge,4,0,0,0,0,0,,,
202627,2026,Group Stage,27,"Apr 18, 2026","Rajiv Gandhi International Stadium, Hyderabad",CSK,SRH,2,3.1,Ruturaj Gaikwad,Sakib Hussain,0,0,0,0,0,0,,,
202627,2026,Group Stage,27,"Apr 18, 2026","Rajiv Gandhi International Stadium, Hyderabad",CSK,SRH,2,3.1,Ruturaj Gaikwad,Sakib Hussain,0,5,1,0,0,0,,,
202627,2026,Group Stage,27,"Apr 18, 2026","Rajiv Gandhi International Stadium, Hyderabad",CSK,SRH,2,3.2,Ruturaj Gaikwad,Sakib Hussain,0,0,0,0,0,0,,,
202627,2026,Group Stage,27,"Apr 18, 2026","Rajiv Gandhi International Stadium, Hyderabad",CSK,SRH,2,3.3,Ruturaj Gaikwad,Sakib Hussain,1,0,0,0,0,0,,,
202627,2026,Group Stage,27,"Apr 18, 2026","Rajiv Gandhi International Stadium, Hyderabad",CSK,SRH,2,3.4,Ayush Mhatre,Sakib Hussain,1,0,0,0,0,0,,,
202627,2026,Group Stage,27,"Apr 18, 2026","Rajiv Gandhi International Stadium, Hyderabad",CSK,SRH,2,3.5,Ruturaj Gaikwad,Sakib Hussain,1,0,0,0,0,0,,,
202627,2026,Group Stage,27,"Apr 18, 2026","Rajiv Gandhi International Stadium, Hyderabad",CSK,SRH,2,3.6,Ayush Mhatre,Sakib Hussain,0,1,1,0,0,0,,,
202627,2026,Group Stage,27,"Apr 18, 2026","Rajiv Gandhi International Stadium, Hyderabad",CSK,SRH,2,3.6,Ayush Mhatre,Sakib Hussain,4,0,0,0,0,0,,,
202627,2026,Group Stage,27,"Apr 18, 2026","Rajiv Gandhi International Stadium, Hyderabad",CSK,SRH,2,4.1,Ruturaj Gaikwad,Nitish Reddy,0,1,1,0,0,0,,,
202627,2026,Group Stage,27,"Apr 18, 2026","Rajiv Gandhi International Stadium, Hyderabad",CSK,SRH,2,4.1,Ruturaj Gaikwad,Nitish Reddy,2,0,0,0,0,0,,,
202627,2026,Group Stage,27,"Apr 18, 2026","Rajiv Gandhi International Stadium, Hyderabad",CSK,SRH,2,4.2,Ruturaj Gaikwad,Nitish Reddy,2,0,0,0,0,0,,,
202627,2026,Group Stage,27,"Apr 18, 2026","Rajiv Gandhi International Stadium, Hyderabad",CSK,SRH,2,4.3,Ruturaj Gaikwad,Nitish Reddy,1,0,0,0,0,0,,,
202627,2026,Group Stage,27,"Apr 18, 2026","Rajiv Gandhi International Stadium, Hyderabad",CSK,SRH,2,4.4,Ayush Mhatre,Nitish Reddy,0,0,0,0,0,0,caught,Ayush Mhatre,Heinrich Klaasen
202627,2026,Group Stage,27,"Apr 18, 2026","Rajiv Gandhi International Stadium, Hyderabad",CSK,SRH,2,4.5,Matthew Short,Nitish Reddy,0,0,0,0,0,0,,,
202627,2026,Group Stage,27,"Apr 18, 2026","Rajiv Gandhi International Stadium, Hyderabad",CSK,SRH,2,4.6,Matthew Short,Nitish Reddy,0,0,0,0,0,0,,,
202627,2026,Group Stage,27,"Apr 18, 2026","Rajiv Gandhi International Stadium, Hyderabad",CSK,SRH,2,5.1,Ruturaj Gaikwad,Eshan Malinga,0,0,0,0,0,0,caught,Ruturaj Gaikwad,Salil Arora
202627,2026,Group Stage,27,"Apr 18, 2026","Rajiv Gandhi International Stadium, Hyderabad",CSK,SRH,2,5.2,Sarfaraz Khan,Eshan Malinga,2,0,0,0,0,0,,,
202627,2026,Group Stage,27,"Apr 18, 2026","Rajiv Gandhi International Stadium, Hyderabad",CSK,SRH,2,5.3,Sarfaraz Khan,Eshan Malinga,0,1,1,0,0,0,,,
202627,2026,Group Stage,27,"Apr 18, 2026","Rajiv Gandhi International Stadium, Hyderabad",CSK,SRH,2,5.3,Sarfaraz Khan,Eshan Malinga,1,0,0,0,0,0,,,
202627,2026,Group Stage,27,"Apr 18, 2026","Rajiv Gandhi International Stadium, Hyderabad",CSK,SRH,2,5.4,Matthew Short,Eshan Malinga,4,0,0,0,0,0,,,
202627,2026,Group Stage,27,"Apr 18, 2026","Rajiv Gandhi International Stadium, Hyderabad",CSK,SRH,2,5.5,Matthew Short,Eshan Malinga,1,0,0,0,0,0,,,
202627,2026,Group Stage,27,"Apr 18, 2026","Rajiv Gandhi International Stadium, Hyderabad",CSK,SRH,2,5.6,Sarfaraz Khan,Eshan Malinga,1,0,0,0,0,0,,,
202627,2026,Group Stage,27,"Apr 18, 2026","Rajiv Gandhi International Stadium, Hyderabad",CSK,SRH,2,6.1,Sarfaraz Khan,Shivang Kumar,0,0,0,0,0,0,,,
202627,2026,Group Stage,27,"Apr 18, 2026","Rajiv Gandhi International Stadium, Hyderabad",CSK,SRH,2,6.2,Sarfaraz Khan,Shivang Kumar,4,0,0,0,0,0,,,
202627,2026,Group Stage,27,"Apr 18, 2026","Rajiv Gandhi International Stadium, Hyderabad",CSK,SRH,2,6.3,Sarfaraz Khan,Shivang Kumar,1,0,0,0,0,0,,,
202627,2026,Group Stage,27,"Apr 18, 2026","Rajiv Gandhi International Stadium, Hyderabad",CSK,SRH,2,6.4,Matthew Short,Shivang Kumar,1,0,0,0,0,0,,,
202627,2026,Group Stage,27,"Apr 18, 2026","Rajiv Gandhi International Stadium, Hyderabad",CSK,SRH,2,6.5,Sarfaraz Khan,Shivang Kumar,0,0,0,0,0,0,,,
202627,2026,Group Stage,27,"Apr 18, 2026","Rajiv Gandhi International Stadium, Hyderabad",CSK,SRH,2,6.6,Sarfaraz Khan,Shivang Kumar,1,0,0,0,0,0,,,
202627,2026,Group Stage,27,"Apr 18, 2026","Rajiv Gandhi International Stadium, Hyderabad",CSK,SRH,2,7.1,Sarfaraz Khan,Abhishek Sharma,4,0,0,0,0,0,,,
202627,2026,Group Stage,27,"Apr 18, 2026","Rajiv Gandhi International Stadium, Hyderabad",CSK,SRH,2,7.2,Sarfaraz Khan,Abhishek Sharma,1,0,0,0,0,0,,,
202627,2026,Group Stage,27,"Apr 18, 2026","Rajiv Gandhi International Stadium, Hyderabad",CSK,SRH,2,7.3,Matthew Short,Abhishek Sharma,2,0,0,0,0,0,,,
202627,2026,Group Stage,27,"Apr 18, 2026","Rajiv Gandhi International Stadium, Hyderabad",CSK,SRH,2,7.4,Matthew Short,Abhishek Sharma,4,0,0,0,0,0,,,
202627,2026,Group Stage,27,"Apr 18, 2026","Rajiv Gandhi International Stadium, Hyderabad",CSK,SRH,2,7.5,Matthew Short,Abhishek Sharma,1,0,0,0,0,0,,,
202627,2026,Group Stage,27,"Apr 18, 2026","Rajiv Gandhi International Stadium, Hyderabad",CSK,SRH,2,7.6,Sarfaraz Khan,Abhishek Sharma,1,0,0,0,0,0,,,
202627,2026,Group Stage,27,"Apr 18, 2026","Rajiv Gandhi International Stadium, Hyderabad",CSK,SRH,2,8.1,Sarfaraz Khan,Shivang Kumar,1,0,0,0,0,0,,,
202627,2026,Group Stage,27,"Apr 18, 2026","Rajiv Gandhi International Stadium, Hyderabad",CSK,SRH,2,8.2,Matthew Short,Shivang Kumar,0,0,0,0,0,0,,,
202627,2026,Group Stage,27,"Apr 18, 2026","Rajiv Gandhi International Stadium, Hyderabad",CSK,SRH,2,8.3,Matthew Short,Shivang Kumar,0,0,0,0,0,0,,,
202627,2026,Group Stage,27,"Apr 18, 2026","Rajiv Gandhi International Stadium, Hyderabad",CSK,SRH,2,8.4,Matthew Short,Shivang Kumar,1,0,0,0,0,0,,,
202627,2026,Group Stage,27,"Apr 18, 2026","Rajiv Gandhi International Stadium, Hyderabad",CSK,SRH,2,8.5,Sarfaraz Khan,Shivang Kumar,2,0,0,0,0,0,,,
202627,2026,Group Stage,27,"Apr 18, 2026","Rajiv Gandhi International Stadium, Hyderabad",CSK,SRH,2,8.6,Sarfaraz Khan,Shivang Kumar,4,0,0,0,0,0,,,
202627,2026,Group Stage,27,"Apr 18, 2026","Rajiv Gandhi International Stadium, Hyderabad",CSK,SRH,2,9.1,Matthew Short,Sakib Hussain,1,0,0,0,0,0,,,
202627,2026,Group Stage,27,"Apr 18, 2026","Rajiv Gandhi International Stadium, Hyderabad",CSK,SRH,2,9.2,Sarfaraz Khan,Sakib Hussain,1,0,0,0,0,0,,,
202627,2026,Group Stage,27,"Apr 18, 2026","Rajiv Gandhi International Stadium, Hyderabad",CSK,SRH,2,9.3,Matthew Short,Sakib Hussain,2,0,0,0,0,0,,,
202627,2026,Group Stage,27,"Apr 18, 2026","Rajiv Gandhi International Stadium, Hyderabad",CSK,SRH,2,9.4,Matthew Short,Sakib Hussain,1,0,0,0,0,0,,,
202627,2026,Group Stage,27,"Apr 18, 2026","Rajiv Gandhi International Stadium, Hyderabad",CSK,SRH,2,9.5,Sarfaraz Khan,Sakib Hussain,1,0,0,0,0,0,,,
202627,2026,Group Stage,27,"Apr 18, 2026","Rajiv Gandhi International Stadium, Hyderabad",CSK,SRH,2,9.6,Matthew Short,Sakib Hussain,1,0,0,0,0,0,,,
202627,2026,Group Stage,27,"Apr 18, 2026","Rajiv Gandhi International Stadium, Hyderabad",CSK,SRH,2,10.1,Matthew Short,Eshan Malinga,1,0,0,0,0,0,,,
202627,2026,Group Stage,27,"Apr 18, 2026","Rajiv Gandhi International Stadium, Hyderabad",CSK,SRH,2,10.2,Sarfaraz Khan,Eshan Malinga,0,0,0,0,0,0,,,
202627,2026,Group Stage,27,"Apr 18, 2026","Rajiv Gandhi International Stadium, Hyderabad",CSK,SRH,2,10.3,Sarfaraz Khan,Eshan Malinga,0,0,0,0,0,0,,,
202627,2026,Group Stage,27,"Apr 18, 2026","Rajiv Gandhi International Stadium, Hyderabad",CSK,SRH,2,10.4,Sarfaraz Khan,Eshan Malinga,0,0,0,0,0,0,caught,Sarfaraz Khan,Nitish Reddy
202627,2026,Group Stage,27,"Apr 18, 2026","Rajiv Gandhi International Stadium, Hyderabad",CSK,SRH,2,10.5,Dewald Brevis,Eshan Malinga,0,0,0,0,0,0,,,
202627,2026,Group Stage,27,"Apr 18, 2026","Rajiv Gandhi International Stadium, Hyderabad",CSK,SRH,2,10.6,Dewald Brevis,Eshan Malinga,0,0,0,0,0,0,,,
202627,2026,Group Stage,27,"Apr 18, 2026","Rajiv Gandhi International Stadium, Hyderabad",CSK,SRH,2,11.1,Matthew Short,Shivang Kumar,0,0,0,0,0,0,,,
202627,2026,Group Stage,27,"Apr 18, 2026","Rajiv Gandhi International Stadium, Hyderabad",CSK,SRH,2,11.2,Matthew Short,Shivang Kumar,1,0,0,0,0,0,,,
202627,2026,Group Stage,27,"Apr 18, 2026","Rajiv Gandhi International Stadium, Hyderabad",CSK,SRH,2,11.3,Dewald Brevis,Shivang Kumar,0,0,0,0,0,0,,,
202627,2026,Group Stage,27,"Apr 18, 2026","Rajiv Gandhi International Stadium, Hyderabad",CSK,SRH,2,11.4,Dewald Brevis,Shivang Kumar,0,0,0,0,0,0,caught,Dewald Brevis,Liam Livingstone
202627,2026,Group Stage,27,"Apr 18, 2026","Rajiv Gandhi International Stadium, Hyderabad",CSK,SRH,2,11.5,Shivam Dube,Shivang Kumar,1,0,0,0,0,0,,,
202627,2026,Group Stage,27,"Apr 18, 2026","Rajiv Gandhi International Stadium, Hyderabad",CSK,SRH,2,11.6,Matthew Short,Shivang Kumar,1,0,0,0,0,0,,,
202627,2026,Group Stage,27,"Apr 18, 2026","Rajiv Gandhi International Stadium, Hyderabad",CSK,SRH,2,12.1,Matthew Short,Nitish Reddy,1,0,0,0,0,0,,,
202627,2026,Group Stage,27,"Apr 18, 2026","Rajiv Gandhi International Stadium, Hyderabad",CSK,SRH,2,12.2,Shivam Dube,Nitish Reddy,1,0,0,0,0,0,,,
202627,2026,Group Stage,27,"Apr 18, 2026","Rajiv Gandhi International Stadium, Hyderabad",CSK,SRH,2,12.3,Matthew Short,Nitish Reddy,0,0,0,0,0,0,,,
202627,2026,Group Stage,27,"Apr 18, 2026","Rajiv Gandhi International Stadium, Hyderabad",CSK,SRH,2,12.4,Matthew Short,Nitish Reddy,1,0,0,0,0,0,,,
202627,2026,Group Stage,27,"Apr 18, 2026","Rajiv Gandhi International Stadium, Hyderabad",CSK,SRH,2,12.5,Shivam Dube,Nitish Reddy,1,0,0,0,0,0,,,
202627,2026,Group Stage,27,"Apr 18, 2026","Rajiv Gandhi International Stadium, Hyderabad",CSK,SRH,2,12.6,Matthew Short,Nitish Reddy,1,0,0,0,0,0,,,
202627,2026,Group Stage,27,"Apr 18, 2026","Rajiv Gandhi International Stadium, Hyderabad",CSK,SRH,2,13.1,Matthew Short,Praful Hinge,1,0,0,0,0,0,,,
202627,2026,Group Stage,27,"Apr 18, 2026","Rajiv Gandhi International Stadium, Hyderabad",CSK,SRH,2,13.1,Matthew Short,Praful Hinge,2,1,0,0,0,1,,,
202627,2026,Group Stage,27,"Apr 18, 2026","Rajiv Gandhi International Stadium, Hyderabad",CSK,SRH,2,13.2,Shivam Dube,Praful Hinge,0,0,0,0,0,0,,,
202627,2026,Group Stage,27,"Apr 18, 2026","Rajiv Gandhi International Stadium, Hyderabad",CSK,SRH,2,13.3,Shivam Dube,Praful Hinge,0,0,0,0,0,0,,,
202627,2026,Group Stage,27,"Apr 18, 2026","Rajiv Gandhi International Stadium, Hyderabad",CSK,SRH,2,13.4,Shivam Dube,Praful Hinge,6,0,0,0,0,0,,,
202627,2026,Group Stage,27,"Apr 18, 2026","Rajiv Gandhi International Stadium, Hyderabad",CSK,SRH,2,13.5,Shivam Dube,Praful Hinge,1,0,0,0,0,0,,,
202627,2026,Group Stage,27,"Apr 18, 2026","Rajiv Gandhi International Stadium, Hyderabad",CSK,SRH,2,13.6,Matthew Short,Praful Hinge,4,0,0,0,0,0,,,
202627,2026,Group Stage,27,"Apr 18, 2026","Rajiv Gandhi International Stadium, Hyderabad",CSK,SRH,2,14.1,Shivam Dube,Sakib Hussain,1,0,0,0,0,0,,,
202627,2026,Group Stage,27,"Apr 18, 2026","Rajiv Gandhi International Stadium, Hyderabad",CSK,SRH,2,14.2,Matthew Short,Sakib Hussain,0,1,1,0,0,0,,,
202627,2026,Group Stage,27,"Apr 18, 2026","Rajiv Gandhi International Stadium, Hyderabad",CSK,SRH,2,14.2,Matthew Short,Sakib Hussain,1,0,0,0,0,0,,,
202627,2026,Group Stage,27,"Apr 18, 2026","Rajiv Gandhi International Stadium, Hyderabad",CSK,SRH,2,14.3,Shivam Dube,Sakib Hussain,1,0,0,0,0,0,,,
202627,2026,Group Stage,27,"Apr 18, 2026","Rajiv Gandhi International Stadium, Hyderabad",CSK,SRH,2,14.4,Matthew Short,Sakib Hussain,1,0,0,0,0,0,,,
202627,2026,Group Stage,27,"Apr 18, 2026","Rajiv Gandhi International Stadium, Hyderabad",CSK,SRH,2,14.5,Shivam Dube,Sakib Hussain,1,0,0,0,0,0,,,
202627,2026,Group Stage,27,"Apr 18, 2026","Rajiv Gandhi International Stadium, Hyderabad",CSK,SRH,2,14.6,Matthew Short,Sakib Hussain,0,0,0,0,0,0,,,
202627,2026,Group Stage,27,"Apr 18, 2026","Rajiv Gandhi International Stadium, Hyderabad",CSK,SRH,2,15.1,Shivam Dube,Eshan Malinga,4,0,0,0,0,0,,,
202627,2026,Group Stage,27,"Apr 18, 2026","Rajiv Gandhi International Stadium, Hyderabad",CSK,SRH,2,15.2,Shivam Dube,Eshan Malinga,2,0,0,0,0,0,,,
202627,2026,Group Stage,27,"Apr 18, 2026","Rajiv Gandhi International Stadium, Hyderabad",CSK,SRH,2,15.3,Shivam Dube,Eshan Malinga,1,0,0,0,0,0,,,
202627,2026,Group Stage,27,"Apr 18, 2026","Rajiv Gandhi International Stadium, Hyderabad",CSK,SRH,2,15.4,Matthew Short,Eshan Malinga,0,0,0,0,0,0,caught,Matthew Short,Aniket Verma
202627,2026,Group Stage,27,"Apr 18, 2026","Rajiv Gandhi International Stadium, Hyderabad",CSK,SRH,2,15.5,Jamie Overton,Eshan Malinga,1,0,0,0,0,0,,,
202627,2026,Group Stage,27,"Apr 18, 2026","Rajiv Gandhi International Stadium, Hyderabad",CSK,SRH,2,15.6,Shivam Dube,Eshan Malinga,0,0,0,0,0,0,,,
202627,2026,Group Stage,27,"Apr 18, 2026","Rajiv Gandhi International Stadium, Hyderabad",CSK,SRH,2,16.1,Jamie Overton,Sakib Hussain,1,0,0,0,0,0,,,
202627,2026,Group Stage,27,"Apr 18, 2026","Rajiv Gandhi International Stadium, Hyderabad",CSK,SRH,2,16.2,Shivam Dube,Sakib Hussain,0,1,1,0,0,0,,,
202627,2026,Group Stage,27,"Apr 18, 2026","Rajiv Gandhi International Stadium, Hyderabad",CSK,SRH,2,16.2,Shivam Dube,Sakib Hussain,1,0,0,0,0,0,,,
202627,2026,Group Stage,27,"Apr 18, 2026","Rajiv Gandhi International Stadium, Hyderabad",CSK,SRH,2,16.3,Jamie Overton,Sakib Hussain,0,0,0,0,0,0,,,
202627,2026,Group Stage,27,"Apr 18, 2026","Rajiv Gandhi International Stadium, Hyderabad",CSK,SRH,2,16.3,Jamie Overton,Sakib Hussain,0,1,1,0,0,0,,,
202627,2026,Group Stage,27,"Apr 18, 2026","Rajiv Gandhi International Stadium, Hyderabad",CSK,SRH,2,16.4,Jamie Overton,Sakib Hussain,1,0,0,0,0,0,,,
202627,2026,Group Stage,27,"Apr 18, 2026","Rajiv Gandhi International Stadium, Hyderabad",CSK,SRH,2,16.5,Shivam Dube,Sakib Hussain,0,0,0,0,0,0,bowled,Shivam Dube,
202627,2026,Group Stage,27,"Apr 18, 2026","Rajiv Gandhi International Stadium, Hyderabad",CSK,SRH,2,16.6,Anshul Kamboj,Sakib Hussain,1,0,0,0,0,0,,,
202627,2026,Group Stage,27,"Apr 18, 2026","Rajiv Gandhi International Stadium, Hyderabad",CSK,SRH,2,17.1,Anshul Kamboj,Eshan Malinga,1,0,0,0,0,0,,,
202627,2026,Group Stage,27,"Apr 18, 2026","Rajiv Gandhi International Stadium, Hyderabad",CSK,SRH,2,17.2,Jamie Overton,Eshan Malinga,2,0,0,0,0,0,,,
202627,2026,Group Stage,27,"Apr 18, 2026","Rajiv Gandhi International Stadium, Hyderabad",CSK,SRH,2,17.3,Jamie Overton,Eshan Malinga,0,0,0,0,0,0,,,
202627,2026,Group Stage,27,"Apr 18, 2026","Rajiv Gandhi International Stadium, Hyderabad",CSK,SRH,2,17.4,Jamie Overton,Eshan Malinga,4,0,0,0,0,0,,,
202627,2026,Group Stage,27,"Apr 18, 2026","Rajiv Gandhi International Stadium, Hyderabad",CSK,SRH,2,17.5,Jamie Overton,Eshan Malinga,2,0,0,0,0,0,,,
202627,2026,Group Stage,27,"Apr 18, 2026","Rajiv Gandhi International Stadium, Hyderabad",CSK,SRH,2,17.6,Jamie Overton,Eshan Malinga,1,0,0,0,0,0,,,
202627,2026,Group Stage,27,"Apr 18, 2026","Rajiv Gandhi International Stadium, Hyderabad",CSK,SRH,2,18.1,Jamie Overton,Nitish Reddy,0,0,0,0,0,0,,,
202627,2026,Group Stage,27,"Apr 18, 2026","Rajiv Gandhi International Stadium, Hyderabad",CSK,SRH,2,18.2,Jamie Overton,Nitish Reddy,1,0,0,0,0,0,,,
202627,2026,Group Stage,27,"Apr 18, 2026","Rajiv Gandhi International Stadium, Hyderabad",CSK,SRH,2,18.3,Anshul Kamboj,Nitish Reddy,1,0,0,0,0,0,,,
202627,2026,Group Stage,27,"Apr 18, 2026","Rajiv Gandhi International Stadium, Hyderabad",CSK,SRH,2,18.4,Jamie Overton,Nitish Reddy,1,0,0,0,0,0,,,
202627,2026,Group Stage,27,"Apr 18, 2026","Rajiv Gandhi International Stadium, Hyderabad",CSK,SRH,2,18.5,Anshul Kamboj,Nitish Reddy,6,0,0,0,0,0,,,
202627,2026,Group Stage,27,"Apr 18, 2026","Rajiv Gandhi International Stadium, Hyderabad",CSK,SRH,2,18.6,Anshul Kamboj,Nitish Reddy,0,1,1,0,0,0,,,
202627,2026,Group Stage,27,"Apr 18, 2026","Rajiv Gandhi International Stadium, Hyderabad",CSK,SRH,2,18.6,Anshul Kamboj,Nitish Reddy,2,0,0,0,0,0,,,
202627,2026,Group Stage,27,"Apr 18, 2026","Rajiv Gandhi International Stadium, Hyderabad",CSK,SRH,2,19.1,Jamie Overton,Praful Hinge,2,0,0,0,0,0,,,
202627,2026,Group Stage,27,"Apr 18, 2026","Rajiv Gandhi International Stadium, Hyderabad",CSK,SRH,2,19.2,Jamie Overton,Praful Hinge,0,1,0,1,0,0,,,
202627,2026,Group Stage,27,"Apr 18, 2026","Rajiv Gandhi International Stadium, Hyderabad",CSK,SRH,2,19.3,Anshul Kamboj,Praful Hinge,0,1,0,0,0,1,,,
202627,2026,Group Stage,27,"Apr 18, 2026","Rajiv Gandhi International Stadium, Hyderabad",CSK,SRH,2,19.3,Anshul Kamboj,Praful Hinge,1,0,0,0,0,0,,,
202627,2026,Group Stage,27,"Apr 18, 2026","Rajiv Gandhi International Stadium, Hyderabad",CSK,SRH,2,19.4,Jamie Overton,Praful Hinge,0,0,0,0,0,0,caught,Jamie Overton,Liam Livingstone
202627,2026,Group Stage,27,"Apr 18, 2026","Rajiv Gandhi International Stadium, Hyderabad",CSK,SRH,2,19.5,Noor Ahmad,Praful Hinge,1,0,0,0,0,0,,,
202627,2026,Group Stage,27,"Apr 18, 2026","Rajiv Gandhi International Stadium, Hyderabad",CSK,SRH,2,19.6,Anshul Kamboj,Praful Hinge,1,0,0,0,0,0,,,
202633,2026,Group Stage,33,"Apr 23, 2026","Wankhede Stadium, Mumbai",CSK,MI,1,0.1,Sanju Samson,Jasprit Bumrah,0,0,0,0,0,0,,,
202633,2026,Group Stage,33,"Apr 23, 2026","Wankhede Stadium, Mumbai",CSK,MI,1,0.2,Sanju Samson,Jasprit Bumrah,1,0,0,0,0,0,,,
202633,2026,Group Stage,33,"Apr 23, 2026","Wankhede Stadium, Mumbai",CSK,MI,1,0.3,Ruturaj Gaikwad,Jasprit Bumrah,0,0,0,0,0,0,,,
202633,2026,Group Stage,33,"Apr 23, 2026","Wankhede Stadium, Mumbai",CSK,MI,1,0.4,Ruturaj Gaikwad,Jasprit Bumrah,0,1,0,1,0,0,,,
202633,2026,Group Stage,33,"Apr 23, 2026","Wankhede Stadium, Mumbai",CSK,MI,1,0.5,Sanju Samson,Jasprit Bumrah,0,0,0,0,0,0,,,
202633,2026,Group Stage,33,"Apr 23, 2026","Wankhede Stadium, Mumbai",CSK,MI,1,0.6,Sanju Samson,Jasprit Bumrah,0,0,0,0,0,0,,,
202633,2026,Group Stage,33,"Apr 23, 2026","Wankhede Stadium, Mumbai",CSK,MI,1,0.6,Sanju Samson,Jasprit Bumrah,4,1,0,0,0,1,,,
202633,2026,Group Stage,33,"Apr 23, 2026","Wankhede Stadium, Mumbai",CSK,MI,1,1.1,Ruturaj Gaikwad,Hardik Pandya,2,0,0,0,0,0,,,
202633,2026,Group Stage,33,"Apr 23, 2026","Wankhede Stadium, Mumbai",CSK,MI,1,1.2,Ruturaj Gaikwad,Hardik Pandya,0,0,0,0,0,0,,,
202633,2026,Group Stage,33,"Apr 23, 2026","Wankhede Stadium, Mumbai",CSK,MI,1,1.3,Ruturaj Gaikwad,Hardik Pandya,0,1,1,0,0,0,,,
202633,2026,Group Stage,33,"Apr 23, 2026","Wankhede Stadium, Mumbai",CSK,MI,1,1.3,Ruturaj Gaikwad,Hardik Pandya,4,0,0,0,0,0,,,
202633,2026,Group Stage,33,"Apr 23, 2026","Wankhede Stadium, Mumbai",CSK,MI,1,1.3,Ruturaj Gaikwad,Hardik Pandya,4,1,0,0,0,1,,,
202633,2026,Group Stage,33,"Apr 23, 2026","Wankhede Stadium, Mumbai",CSK,MI,1,1.4,Ruturaj Gaikwad,Hardik Pandya,6,0,0,0,0,0,,,
202633,2026,Group Stage,33,"Apr 23, 2026","Wankhede Stadium, Mumbai",CSK,MI,1,1.5,Ruturaj Gaikwad,Hardik Pandya,0,0,0,0,0,0,,,
202633,2026,Group Stage,33,"Apr 23, 2026","Wankhede Stadium, Mumbai",CSK,MI,1,1.6,Ruturaj Gaikwad,Hardik Pandya,1,0,0,0,0,0,,,
202633,2026,Group Stage,33,"Apr 23, 2026","Wankhede Stadium, Mumbai",CSK,MI,1,2.1,Ruturaj Gaikwad,AM Ghazanfar,0,0,0,0,0,0,,,
202633,2026,Group Stage,33,"Apr 23, 2026","Wankhede Stadium, Mumbai",CSK,MI,1,2.2,Ruturaj Gaikwad,AM Ghazanfar,4,0,0,0,0,0,,,
202633,2026,Group Stage,33,"Apr 23, 2026","Wankhede Stadium, Mumbai",CSK,MI,1,2.3,Ruturaj Gaikwad,AM Ghazanfar,1,0,0,0,0,0,,,
202633,2026,Group Stage,33,"Apr 23, 2026","Wankhede Stadium, Mumbai",CSK,MI,1,2.4,Sanju Samson,AM Ghazanfar,1,0,0,0,0,0,,,
202633,2026,Group Stage,33,"Apr 23, 2026","Wankhede Stadium, Mumbai",CSK,MI,1,2.5,Ruturaj Gaikwad,AM Ghazanfar,0,0,0,0,0,0,,,
202633,2026,Group Stage,33,"Apr 23, 2026","Wankhede Stadium, Mumbai",CSK,MI,1,2.6,Ruturaj Gaikwad,AM Ghazanfar,0,0,0,0,0,0,caught,Ruturaj Gaikwad,Tilak Varma
202633,2026,Group Stage,33,"Apr 23, 2026","Wankhede Stadium, Mumbai",CSK,MI,1,3.1,Sanju Samson,Hardik Pandya,0,0,0,0,0,0,,,
202633,2026,Group Stage,33,"Apr 23, 2026","Wankhede Stadium, Mumbai",CSK,MI,1,3.2,Sanju Samson,Hardik Pandya,0,0,0,0,0,0,,,
202633,2026,Group Stage,33,"Apr 23, 2026","Wankhede Stadium, Mumbai",CSK,MI,1,3.3,Sanju Samson,Hardik Pandya,4,0,0,0,0,0,,,
202633,2026,Group Stage,33,"Apr 23, 2026","Wankhede Stadium, Mumbai",CSK,MI,1,3.4,Sanju Samson,Hardik Pandya,6,0,0,0,0,0,,,
202633,2026,Group Stage,33,"Apr 23, 2026","Wankhede Stadium, Mumbai",CSK,MI,1,3.5,Sanju Samson,Hardik Pandya,4,0,0,0,0,0,,,
202633,2026,Group Stage,33,"Apr 23, 2026","Wankhede Stadium, Mumbai",CSK,MI,1,3.6,Sanju Samson,Hardik Pandya,0,1,1,0,0,0,,,
202633,2026,Group Stage,33,"Apr 23, 2026","Wankhede Stadium, Mumbai",CSK,MI,1,3.6,Sanju Samson,Hardik Pandya,4,0,0,0,0,0,,,
202633,2026,Group Stage,33,"Apr 23, 2026","Wankhede Stadium, Mumbai",CSK,MI,1,4.1,Sarfaraz Khan,Jasprit Bumrah,4,0,0,0,0,0,,,
202633,2026,Group Stage,33,"Apr 23, 2026","Wankhede Stadium, Mumbai",CSK,MI,1,4.2,Sarfaraz Khan,Jasprit Bumrah,1,0,0,0,0,0,,,
202633,2026,Group Stage,33,"Apr 23, 2026","Wankhede Stadium, Mumbai",CSK,MI,1,4.3,Sanju Samson,Jasprit Bumrah,6,0,0,0,0,0,,,
202633,2026,Group Stage,33,"Apr 23, 2026","Wankhede Stadium, Mumbai",CSK,MI,1,4.4,Sanju Samson,Jasprit Bumrah,1,0,0,0,0,0,,,
202633,2026,Group Stage,33,"Apr 23, 2026","Wankhede Stadium, Mumbai",CSK,MI,1,4.5,Sarfaraz Khan,Jasprit Bumrah,0,0,0,0,0,0,,,
202633,2026,Group Stage,33,"Apr 23, 2026","Wankhede Stadium, Mumbai",CSK,MI,1,4.6,Sarfaraz Khan,Jasprit Bumrah,1,0,0,0,0,0,,,
202633,2026,Group Stage,33,"Apr 23, 2026","Wankhede Stadium, Mumbai",CSK,MI,1,5.1,Sarfaraz Khan,Mitchell Santner,4,0,0,0,0,0,,,
202633,2026,Group Stage,33,"Apr 23, 2026","Wankhede Stadium, Mumbai",CSK,MI,1,5.2,Sarfaraz Khan,Mitchell Santner,4,0,0,0,0,0,,,
202633,2026,Group Stage,33,"Apr 23, 2026","Wankhede Stadium, Mumbai",CSK,MI,1,5.3,Sarfaraz Khan,Mitchell Santner,0,0,0,0,0,0,,,
202633,2026,Group Stage,33,"Apr 23, 2026","Wankhede Stadium, Mumbai",CSK,MI,1,5.4,Sarfaraz Khan,Mitchell Santner,0,0,0,0,0,0,bowled,Sarfaraz Khan,
202633,2026,Group Stage,33,"Apr 23, 2026","Wankhede Stadium, Mumbai",CSK,MI,1,5.5,Shivam Dube,Mitchell Santner,1,0,0,0,0,0,,,
202633,2026,Group Stage,33,"Apr 23, 2026","Wankhede Stadium, Mumbai",CSK,MI,1,5.6,Sanju Samson,Mitchell Santner,0,0,0,0,0,0,,,
202633,2026,Group Stage,33,"Apr 23, 2026","Wankhede Stadium, Mumbai",CSK,MI,1,6.1,Shivam Dube,AM Ghazanfar,0,0,0,0,0,0,,,
202633,2026,Group Stage,33,"Apr 23, 2026","Wankhede Stadium, Mumbai",CSK,MI,1,6.2,Shivam Dube,AM Ghazanfar,1,0,0,0,0,0,,,
202633,2026,Group Stage,33,"Apr 23, 2026","Wankhede Stadium, Mumbai",CSK,MI,1,6.3,Sanju Samson,AM Ghazanfar,6,0,0,0,0,0,,,
202633,2026,Group Stage,33,"Apr 23, 2026","Wankhede Stadium, Mumbai",CSK,MI,1,6.4,Sanju Samson,AM Ghazanfar,1,0,0,0,0,0,,,
202633,2026,Group Stage,33,"Apr 23, 2026","Wankhede Stadium, Mumbai",CSK,MI,1,6.5,Shivam Dube,AM Ghazanfar,1,0,0,0,0,0,,,
202633,2026,Group Stage,33,"Apr 23, 2026","Wankhede Stadium, Mumbai",CSK,MI,1,6.6,Sanju Samson,AM Ghazanfar,1,0,0,0,0,0,,,
202633,2026,Group Stage,33,"Apr 23, 2026","Wankhede Stadium, Mumbai",CSK,MI,1,7.1,Sanju Samson,Ashwani Kumar,1,0,0,0,0,0,,,
202633,2026,Group Stage,33,"Apr 23, 2026","Wankhede Stadium, Mumbai",CSK,MI,1,7.2,Shivam Dube,Ashwani Kumar,0,0,0,0,0,0,,,
202633,2026,Group Stage,33,"Apr 23, 2026","Wankhede Stadium, Mumbai",CSK,MI,1,7.3,Shivam Dube,Ashwani Kumar,1,0,0,0,0,0,,,
202633,2026,Group Stage,33,"Apr 23, 2026","Wankhede Stadium, Mumbai",CSK,MI,1,7.4,Sanju Samson,Ashwani Kumar,4,0,0,0,0,0,,,
202633,2026,Group Stage,33,"Apr 23, 2026","Wankhede Stadium, Mumbai",CSK,MI,1,7.5,Sanju Samson,Ashwani Kumar,1,0,0,0,0,0,,,
202633,2026,Group Stage,33,"Apr 23, 2026","Wankhede Stadium, Mumbai",CSK,MI,1,7.6,Shivam Dube,Ashwani Kumar,1,0,0,0,0,0,,,
202633,2026,Group Stage,33,"Apr 23, 2026","Wankhede Stadium, Mumbai",CSK,MI,1,8.1,Shivam Dube,AM Ghazanfar,0,0,0,0,0,0,bowled,Shivam Dube,
202633,2026,Group Stage,33,"Apr 23, 2026","Wankhede Stadium, Mumbai",CSK,MI,1,8.2,Dewald Brevis,AM Ghazanfar,1,0,0,0,0,0,,,
202633,2026,Group Stage,33,"Apr 23, 2026","Wankhede Stadium, Mumbai",CSK,MI,1,8.3,Sanju Samson,AM Ghazanfar,1,0,0,0,0,0,,,
202633,2026,Group Stage,33,"Apr 23, 2026","Wankhede Stadium, Mumbai",CSK,MI,1,8.4,Dewald Brevis,AM Ghazanfar,1,0,0,0,0,0,,,
202633,2026,Group Stage,33,"Apr 23, 2026","Wankhede Stadium, Mumbai",CSK,MI,1,8.5,Sanju Samson,AM Ghazanfar,1,0,0,0,0,0,,,
202633,2026,Group Stage,33,"Apr 23, 2026","Wankhede Stadium, Mumbai",CSK,MI,1,8.6,Dewald Brevis,AM Ghazanfar,1,0,0,0,0,0,,,
202633,2026,Group Stage,33,"Apr 23, 2026","Wankhede Stadium, Mumbai",CSK,MI,1,9.1,Dewald Brevis,Mitchell Santner,6,0,0,0,0,0,,,
202633,2026,Group Stage,33,"Apr 23, 2026","Wankhede Stadium, Mumbai",CSK,MI,1,9.2,Dewald Brevis,Mitchell Santner,0,1,1,0,0,0,,,
202633,2026,Group Stage,33,"Apr 23, 2026","Wankhede Stadium, Mumbai",CSK,MI,1,9.2,Dewald Brevis,Mitchell Santner,1,0,0,0,0,0,,,
202633,2026,Group Stage,33,"Apr 23, 2026","Wankhede Stadium, Mumbai",CSK,MI,1,9.3,Sanju Samson,Mitchell Santner,1,0,0,0,0,0,,,
202633,2026,Group Stage,33,"Apr 23, 2026","Wankhede Stadium, Mumbai",CSK,MI,1,9.4,Dewald Brevis,Mitchell Santner,0,0,0,0,0,0,,,
202633,2026,Group Stage,33,"Apr 23, 2026","Wankhede Stadium, Mumbai",CSK,MI,1,9.5,Dewald Brevis,Mitchell Santner,6,0,0,0,0,0,,,
202633,2026,Group Stage,33,"Apr 23, 2026","Wankhede Stadium, Mumbai",CSK,MI,1,9.6,Dewald Brevis,Mitchell Santner,0,0,0,0,0,0,,,
202633,2026,Group Stage,33,"Apr 23, 2026","Wankhede Stadium, Mumbai",CSK,MI,1,10.1,Sanju Samson,Ashwani Kumar,1,0,0,0,0,0,,,
202633,2026,Group Stage,33,"Apr 23, 2026","Wankhede Stadium, Mumbai",CSK,MI,1,10.2,Dewald Brevis,Ashwani Kumar,1,0,0,0,0,0,,,
202633,2026,Group Stage,33,"Apr 23, 2026","Wankhede Stadium, Mumbai",CSK,MI,1,10.3,Sanju Samson,Ashwani Kumar,4,0,0,0,0,0,,,
202633,2026,Group Stage,33,"Apr 23, 2026","Wankhede Stadium, Mumbai",CSK,MI,1,10.4,Sanju Samson,Ashwani Kumar,1,0,0,0,0,0,,,
202633,2026,Group Stage,33,"Apr 23, 2026","Wankhede Stadium, Mumbai",CSK,MI,1,10.5,Dewald Brevis,Ashwani Kumar,4,0,0,0,0,0,,,
202633,2026,Group Stage,33,"Apr 23, 2026","Wankhede Stadium, Mumbai",CSK,MI,1,10.6,Dewald Brevis,Ashwani Kumar,0,0,0,0,0,0,caught,Dewald Brevis,Jasprit Bumrah
202633,2026,Group Stage,33,"Apr 23, 2026","Wankhede Stadium, Mumbai",CSK,MI,1,11.1,Sanju Samson,Mitchell Santner,1,0,0,0,0,0,,,
202633,2026,Group Stage,33,"Apr 23, 2026","Wankhede Stadium, Mumbai",CSK,MI,1,11.2,Kartik Sharma,Mitchell Santner,1,0,0,0,0,0,,,
202633,2026,Group Stage,33,"Apr 23, 2026","Wankhede Stadium, Mumbai",CSK,MI,1,11.3,Sanju Samson,Mitchell Santner,1,0,0,0,0,0,,,
202633,2026,Group Stage,33,"Apr 23, 2026","Wankhede Stadium, Mumbai",CSK,MI,1,11.4,Kartik Sharma,Mitchell Santner,0,1,1,0,0,0,,,
202633,2026,Group Stage,33,"Apr 23, 2026","Wankhede Stadium, Mumbai",CSK,MI,1,11.4,Kartik Sharma,Mitchell Santner,1,0,0,0,0,0,,,
202633,2026,Group Stage,33,"Apr 23, 2026","Wankhede Stadium, Mumbai",CSK,MI,1,11.5,Sanju Samson,Mitchell Santner,1,0,0,0,0,0,,,
202633,2026,Group Stage,33,"Apr 23, 2026","Wankhede Stadium, Mumbai",CSK,MI,1,11.6,Kartik Sharma,Mitchell Santner,0,0,0,0,0,0,,,
202633,2026,Group Stage,33,"Apr 23, 2026","Wankhede Stadium, Mumbai",CSK,MI,1,12.1,Sanju Samson,Ashwani Kumar,1,0,0,0,0,0,,,
202633,2026,Group Stage,33,"Apr 23, 2026","Wankhede Stadium, Mumbai",CSK,MI,1,12.2,Kartik Sharma,Ashwani Kumar,0,0,0,0,0,0,,,
202633,2026,Group Stage,33,"Apr 23, 2026","Wankhede Stadium, Mumbai",CSK,MI,1,12.3,Kartik Sharma,Ashwani Kumar,0,0,0,0,0,0,,,
202633,2026,Group Stage,33,"Apr 23, 2026","Wankhede Stadium, Mumbai",CSK,MI,1,12.4,Kartik Sharma,Ashwani Kumar,1,0,0,0,0,0,,,
202633,2026,Group Stage,33,"Apr 23, 2026","Wankhede Stadium, Mumbai",CSK,MI,1,12.5,Sanju Samson,Ashwani Kumar,0,0,0,0,0,0,,,
202633,2026,Group Stage,33,"Apr 23, 2026","Wankhede Stadium, Mumbai",CSK,MI,1,12.6,Sanju Samson,Ashwani Kumar,1,0,0,0,0,0,,,
202633,2026,Group Stage,33,"Apr 23, 2026","Wankhede Stadium, Mumbai",CSK,MI,1,13.1,Sanju Samson,Mitchell Santner,1,0,0,0,0,0,,,
202633,2026,Group Stage,33,"Apr 23, 2026","Wankhede Stadium, Mumbai",CSK,MI,1,13.2,Kartik Sharma,Mitchell Santner,6,0,0,0,0,0,,,
202633,2026,Group Stage,33,"Apr 23, 2026","Wankhede Stadium, Mumbai",CSK,MI,1,13.3,Kartik Sharma,Mitchell Santner,0,0,0,0,0,0,,,
202633,2026,Group Stage,33,"Apr 23, 2026","Wankhede Stadium, Mumbai",CSK,MI,1,13.4,Kartik Sharma,Mitchell Santner,0,0,0,0,0,0,,,
202633,2026,Group Stage,33,"Apr 23, 2026","Wankhede Stadium, Mumbai",CSK,MI,1,13.5,Kartik Sharma,Mitchell Santner,6,0,0,0,0,0,,,
202633,2026,Group Stage,33,"Apr 23, 2026","Wankhede Stadium, Mumbai",CSK,MI,1,13.6,Kartik Sharma,Mitchell Santner,1,0,0,0,0,0,,,
202633,2026,Group Stage,33,"Apr 23, 2026","Wankhede Stadium, Mumbai",CSK,MI,1,14.1,Kartik Sharma,AM Ghazanfar,1,0,0,0,0,0,,,
202633,2026,Group Stage,33,"Apr 23, 2026","Wankhede Stadium, Mumbai",CSK,MI,1,14.2,Sanju Samson,AM Ghazanfar,1,0,0,0,0,0,,,
202633,2026,Group Stage,33,"Apr 23, 2026","Wankhede Stadium, Mumbai",CSK,MI,1,14.3,Kartik Sharma,AM Ghazanfar,1,0,0,0,0,0,,,
202633,2026,Group Stage,33,"Apr 23, 2026","Wankhede Stadium, Mumbai",CSK,MI,1,14.4,Sanju Samson,AM Ghazanfar,1,0,0,0,0,0,,,
202633,2026,Group Stage,33,"Apr 23, 2026","Wankhede Stadium, Mumbai",CSK,MI,1,14.5,Kartik Sharma,AM Ghazanfar,0,0,0,0,0,0,,,
202633,2026,Group Stage,33,"Apr 23, 2026","Wankhede Stadium, Mumbai",CSK,MI,1,14.6,Kartik Sharma,AM Ghazanfar,0,0,0,0,0,0,,,
202633,2026,Group Stage,33,"Apr 23, 2026","Wankhede Stadium, Mumbai",CSK,MI,1,15.1,Sanju Samson,Krish Bhagat,0,0,0,0,0,0,,,
202633,2026,Group Stage,33,"Apr 23, 2026","Wankhede Stadium, Mumbai",CSK,MI,1,15.2,Sanju Samson,Krish Bhagat,6,0,0,0,0,0,,,
202633,2026,Group Stage,33,"Apr 23, 2026","Wankhede Stadium, Mumbai",CSK,MI,1,15.3,Sanju Samson,Krish Bhagat,4,0,0,0,0,0,,,
202633,2026,Group Stage,33,"Apr 23, 2026","Wankhede Stadium, Mumbai",CSK,MI,1,15.4,Sanju Samson,Krish Bhagat,4,0,0,0,0,0,,,
202633,2026,Group Stage,33,"Apr 23, 2026","Wankhede Stadium, Mumbai",CSK,MI,1,15.5,Sanju Samson,Krish Bhagat,0,0,0,0,0,0,,,
202633,2026,Group Stage,33,"Apr 23, 2026","Wankhede Stadium, Mumbai",CSK,MI,1,15.6,Sanju Samson,Krish Bhagat,1,0,0,0,0,0,,,
202633,2026,Group Stage,33,"Apr 23, 2026","Wankhede Stadium, Mumbai",CSK,MI,1,16.1,Sanju Samson,Jasprit Bumrah,1,0,0,0,0,0,,,
202633,2026,Group Stage,33,"Apr 23, 2026","Wankhede Stadium, Mumbai",CSK,MI,1,16.2,Kartik Sharma,Jasprit Bumrah,0,0,0,0,0,0,,,
202633,2026,Group Stage,33,"Apr 23, 2026","Wankhede Stadium, Mumbai",CSK,MI,1,16.3,Kartik Sharma,Jasprit Bumrah,0,0,0,0,0,0,,,
202633,2026,Group Stage,33,"Apr 23, 2026","Wankhede Stadium, Mumbai",CSK,MI,1,16.4,Kartik Sharma,Jasprit Bumrah,0,0,0,0,0,0,,,
202633,2026,Group Stage,33,"Apr 23, 2026","Wankhede Stadium, Mumbai",CSK,MI,1,16.5,Kartik Sharma,Jasprit Bumrah,0,0,0,0,0,0,caught,Kartik Sharma,Mitchell Santner
202633,2026,Group Stage,33,"Apr 23, 2026","Wankhede Stadium, Mumbai",CSK,MI,1,16.6,Jamie Overton,Jasprit Bumrah,1,0,0,0,0,0,,,
202633,2026,Group Stage,33,"Apr 23, 2026","Wankhede Stadium, Mumbai",CSK,MI,1,17.1,Jamie Overton,Ashwani Kumar,4,0,0,0,0,0,,,
202633,2026,Group Stage,33,"Apr 23, 2026","Wankhede Stadium, Mumbai",CSK,MI,1,17.2,Jamie Overton,Ashwani Kumar,0,1,1,0,0,0,,,
202633,2026,Group Stage,33,"Apr 23, 2026","Wankhede Stadium, Mumbai",CSK,MI,1,17.2,Jamie Overton,Ashwani Kumar,4,0,0,0,0,0,,,
202633,2026,Group Stage,33,"Apr 23, 2026","Wankhede Stadium, Mumbai",CSK,MI,1,17.3,Jamie Overton,Ashwani Kumar,0,0,0,0,0,0,,,
202633,2026,Group Stage,33,"Apr 23, 2026","Wankhede Stadium, Mumbai",CSK,MI,1,17.4,Jamie Overton,Ashwani Kumar,0,0,0,0,0,0,,,
202633,2026,Group Stage,33,"Apr 23, 2026","Wankhede Stadium, Mumbai",CSK,MI,1,17.5,Jamie Overton,Ashwani Kumar,6,0,0,0,0,0,,,
202633,2026,Group Stage,33,"Apr 23, 2026","Wankhede Stadium, Mumbai",CSK,MI,1,17.6,Jamie Overton,Ashwani Kumar,0,0,0,0,0,0,caught,Jamie Overton,Naman Dhir
202633,2026,Group Stage,33,"Apr 23, 2026","Wankhede Stadium, Mumbai",CSK,MI,1,18.1,Sanju Samson,Jasprit Bumrah,1,0,0,0,0,0,,,
202633,2026,Group Stage,33,"Apr 23, 2026","Wankhede Stadium, Mumbai",CSK,MI,1,18.2,Akeal Hosein,Jasprit Bumrah,1,0,0,0,0,0,,,
202633,2026,Group Stage,33,"Apr 23, 2026","Wankhede Stadium, Mumbai",CSK,MI,1,18.3,Sanju Samson,Jasprit Bumrah,1,0,0,0,0,0,,,
202633,2026,Group Stage,33,"Apr 23, 2026","Wankhede Stadium, Mumbai",CSK,MI,1,18.4,Akeal Hosein,Jasprit Bumrah,1,0,0,0,0,0,,,
202633,2026,Group Stage,33,"Apr 23, 2026","Wankhede Stadium, Mumbai",CSK,MI,1,18.5,Sanju Samson,Jasprit Bumrah,0,1,0,0,0,1,,,
202633,2026,Group Stage,33,"Apr 23, 2026","Wankhede Stadium, Mumbai",CSK,MI,1,18.5,Sanju Samson,Jasprit Bumrah,4,0,0,0,0,0,,,
202633,2026,Group Stage,33,"Apr 23, 2026","Wankhede Stadium, Mumbai",CSK,MI,1,18.6,Sanju Samson,Jasprit Bumrah,1,0,0,0,0,0,,,
202633,2026,Group Stage,33,"Apr 23, 2026","Wankhede Stadium, Mumbai",CSK,MI,1,19.1,Sanju Samson,Krish Bhagat,6,0,0,0,0,0,,,
202633,2026,Group Stage,33,"Apr 23, 2026","Wankhede Stadium, Mumbai",CSK,MI,1,19.2,Sanju Samson,Krish Bhagat,0,0,0,0,0,0,,,
202633,2026,Group Stage,33,"Apr 23, 2026","Wankhede Stadium, Mumbai",CSK,MI,1,19.3,Sanju Samson,Krish Bhagat,0,0,0,0,0,0,,,
202633,2026,Group Stage,33,"Apr 23, 2026","Wankhede Stadium, Mumbai",CSK,MI,1,19.4,Sanju Samson,Krish Bhagat,6,0,0,0,0,0,,,
202633,2026,Group Stage,33,"Apr 23, 2026","Wankhede Stadium, Mumbai",CSK,MI,1,19.5,Sanju Samson,Krish Bhagat,0,0,0,0,0,0,,,
202633,2026,Group Stage,33,"Apr 23, 2026","Wankhede Stadium, Mumbai",CSK,MI,1,19.6,Sanju Samson,Krish Bhagat,4,0,0,0,0,0,,,
202637,2026,Group Stage,37,"Apr 26, 2026","MA Chidambaram Stadium, Chennai",CSK,GT,1,0.1,Sanju Samson,Mohammed Siraj,0,0,0,0,0,0,,,
202637,2026,Group Stage,37,"Apr 26, 2026","MA Chidambaram Stadium, Chennai",CSK,GT,1,0.2,Sanju Samson,Mohammed Siraj,0,0,0,0,0,0,,,
202637,2026,Group Stage,37,"Apr 26, 2026","MA Chidambaram Stadium, Chennai",CSK,GT,1,0.3,Sanju Samson,Mohammed Siraj,0,0,0,0,0,0,,,
202637,2026,Group Stage,37,"Apr 26, 2026","MA Chidambaram Stadium, Chennai",CSK,GT,1,0.4,Sanju Samson,Mohammed Siraj,0,0,0,0,0,0,,,
202637,2026,Group Stage,37,"Apr 26, 2026","MA Chidambaram Stadium, Chennai",CSK,GT,1,0.5,Sanju Samson,Mohammed Siraj,0,0,0,0,0,0,,,
202637,2026,Group Stage,37,"Apr 26, 2026","MA Chidambaram Stadium, Chennai",CSK,GT,1,0.6,Sanju Samson,Mohammed Siraj,1,0,0,0,0,0,,,
202637,2026,Group Stage,37,"Apr 26, 2026","MA Chidambaram Stadium, Chennai",CSK,GT,1,1.1,Sanju Samson,Kagiso Rabada,0,0,0,0,0,0,,,
202637,2026,Group Stage,37,"Apr 26, 2026","MA Chidambaram Stadium, Chennai",CSK,GT,1,1.2,Sanju Samson,Kagiso Rabada,4,0,0,0,0,0,,,
202637,2026,Group Stage,37,"Apr 26, 2026","MA Chidambaram Stadium, Chennai",CSK,GT,1,1.3,Sanju Samson,Kagiso Rabada,0,0,0,0,0,0,,,
202637,2026,Group Stage,37,"Apr 26, 2026","MA Chidambaram Stadium, Chennai",CSK,GT,1,1.4,Sanju Samson,Kagiso Rabada,2,0,0,0,0,0,,,
202637,2026,Group Stage,37,"Apr 26, 2026","MA Chidambaram Stadium, Chennai",CSK,GT,1,1.5,Sanju Samson,Kagiso Rabada,4,0,0,0,0,0,,,
202637,2026,Group Stage,37,"Apr 26, 2026","MA Chidambaram Stadium, Chennai",CSK,GT,1,1.6,Sanju Samson,Kagiso Rabada,0,0,0,0,0,0,,,
202637,2026,Group Stage,37,"Apr 26, 2026","MA Chidambaram Stadium, Chennai",CSK,GT,1,2.1,Ruturaj Gaikwad,Mohammed Siraj,4,0,0,0,0,0,,,
202637,2026,Group Stage,37,"Apr 26, 2026","MA Chidambaram Stadium, Chennai",CSK,GT,1,2.2,Ruturaj Gaikwad,Mohammed Siraj,4,0,0,0,0,0,,,
202637,2026,Group Stage,37,"Apr 26, 2026","MA Chidambaram Stadium, Chennai",CSK,GT,1,2.3,Ruturaj Gaikwad,Mohammed Siraj,0,0,0,0,0,0,,,
202637,2026,Group Stage,37,"Apr 26, 2026","MA Chidambaram Stadium, Chennai",CSK,GT,1,2.4,Ruturaj Gaikwad,Mohammed Siraj,0,0,0,0,0,0,,,
202637,2026,Group Stage,37,"Apr 26, 2026","MA Chidambaram Stadium, Chennai",CSK,GT,1,2.5,Ruturaj Gaikwad,Mohammed Siraj,0,0,0,0,0,0,,,
202637,2026,Group Stage,37,"Apr 26, 2026","MA Chidambaram Stadium, Chennai",CSK,GT,1,2.6,Ruturaj Gaikwad,Mohammed Siraj,2,0,0,0,0,0,,,
202637,2026,Group Stage,37,"Apr 26, 2026","MA Chidambaram Stadium, Chennai",CSK,GT,1,3.1,Sanju Samson,Kagiso Rabada,0,0,0,0,0,0,,,
202637,2026,Group Stage,37,"Apr 26, 2026","MA Chidambaram Stadium, Chennai",CSK,GT,1,3.2,Sanju Samson,Kagiso Rabada,0,0,0,0,0,0,,,
202637,2026,Group Stage,37,"Apr 26, 2026","MA Chidambaram Stadium, Chennai",CSK,GT,1,3.3,Sanju Samson,Kagiso Rabada,0,0,0,0,0,0,caught,Sanju Samson,Jos Buttler
202637,2026,Group Stage,37,"Apr 26, 2026","MA Chidambaram Stadium, Chennai",CSK,GT,1,3.4,Urvil Patel,Kagiso Rabada,0,0,0,0,0,0,,,
202637,2026,Group Stage,37,"Apr 26, 2026","MA Chidambaram Stadium, Chennai",CSK,GT,1,3.5,Urvil Patel,Kagiso Rabada,4,0,0,0,0,0,,,
202637,2026,Group Stage,37,"Apr 26, 2026","MA Chidambaram Stadium, Chennai",CSK,GT,1,3.6,Urvil Patel,Kagiso Rabada,0,0,0,0,0,0,caught,Urvil Patel,Jason Holder
202637,2026,Group Stage,37,"Apr 26, 2026","MA Chidambaram Stadium, Chennai",CSK,GT,1,4.1,Ruturaj Gaikwad,Mohammed Siraj,0,0,0,0,0,0,,,
202637,2026,Group Stage,37,"Apr 26, 2026","MA Chidambaram Stadium, Chennai",CSK,GT,1,4.2,Ruturaj Gaikwad,Mohammed Siraj,0,0,0,0,0,0,,,
202637,2026,Group Stage,37,"Apr 26, 2026","MA Chidambaram Stadium, Chennai",CSK,GT,1,4.3,Ruturaj Gaikwad,Mohammed Siraj,1,0,0,0,0,0,,,
202637,2026,Group Stage,37,"Apr 26, 2026","MA Chidambaram Stadium, Chennai",CSK,GT,1,4.4,Sarfaraz Khan,Mohammed Siraj,0,0,0,0,0,0,caught,Sarfaraz Khan,Jos Buttler
202637,2026,Group Stage,37,"Apr 26, 2026","MA Chidambaram Stadium, Chennai",CSK,GT,1,4.5,Dewald Brevis,Mohammed Siraj,0,0,0,0,0,0,,,
202637,2026,Group Stage,37,"Apr 26, 2026","MA Chidambaram Stadium, Chennai",CSK,GT,1,4.6,Dewald Brevis,Mohammed Siraj,0,0,0,0,0,0,,,
202637,2026,Group Stage,37,"Apr 26, 2026","MA Chidambaram Stadium, Chennai",CSK,GT,1,5.1,Ruturaj Gaikwad,Kagiso Rabada,0,0,0,0,0,0,,,
202637,2026,Group Stage,37,"Apr 26, 2026","MA Chidambaram Stadium, Chennai",CSK,GT,1,5.2,Ruturaj Gaikwad,Kagiso Rabada,0,0,0,0,0,0,,,
202637,2026,Group Stage,37,"Apr 26, 2026","MA Chidambaram Stadium, Chennai",CSK,GT,1,5.3,Ruturaj Gaikwad,Kagiso Rabada,1,0,0,0,0,0,,,
202637,2026,Group Stage,37,"Apr 26, 2026","MA Chidambaram Stadium, Chennai",CSK,GT,1,5.4,Dewald Brevis,Kagiso Rabada,0,0,0,0,0,0,,,
202637,2026,Group Stage,37,"Apr 26, 2026","MA Chidambaram Stadium, Chennai",CSK,GT,1,5.5,Dewald Brevis,Kagiso Rabada,1,0,0,0,0,0,,,
202637,2026,Group Stage,37,"Apr 26, 2026","MA Chidambaram Stadium, Chennai",CSK,GT,1,5.6,Ruturaj Gaikwad,Kagiso Rabada,0,0,0,0,0,0,,,
202637,2026,Group Stage,37,"Apr 26, 2026","MA Chidambaram Stadium, Chennai",CSK,GT,1,6.1,Dewald Brevis,Manav Suthar,1,0,0,0,0,0,,,
202637,2026,Group Stage,37,"Apr 26, 2026","MA Chidambaram Stadium, Chennai",CSK,GT,1,6.2,Ruturaj Gaikwad,Manav Suthar,0,0,0,0,0,0,,,
202637,2026,Group Stage,37,"Apr 26, 2026","MA Chidambaram Stadium, Chennai",CSK,GT,1,6.3,Ruturaj Gaikwad,Manav Suthar,0,0,0,0,0,0,,,
202637,2026,Group Stage,37,"Apr 26, 2026","MA Chidambaram Stadium, Chennai",CSK,GT,1,6.3,Ruturaj Gaikwad,Manav Suthar,0,1,1,0,0,0,,,
202637,2026,Group Stage,37,"Apr 26, 2026","MA Chidambaram Stadium, Chennai",CSK,GT,1,6.4,Ruturaj Gaikwad,Manav Suthar,0,0,0,0,0,0,,,
202637,2026,Group Stage,37,"Apr 26, 2026","MA Chidambaram Stadium, Chennai",CSK,GT,1,6.5,Ruturaj Gaikwad,Manav Suthar,2,0,0,0,0,0,,,
202637,2026,Group Stage,37,"Apr 26, 2026","MA Chidambaram Stadium, Chennai",CSK,GT,1,6.6,Ruturaj Gaikwad,Manav Suthar,1,0,0,0,0,0,,,
202637,2026,Group Stage,37,"Apr 26, 2026","MA Chidambaram Stadium, Chennai",CSK,GT,1,7.1,Ruturaj Gaikwad,Jason Holder,1,0,0,0,0,0,,,
202637,2026,Group Stage,37,"Apr 26, 2026","MA Chidambaram Stadium, Chennai",CSK,GT,1,7.2,Dewald Brevis,Jason Holder,0,0,0,0,0,0,,,
202637,2026,Group Stage,37,"Apr 26, 2026","MA Chidambaram Stadium, Chennai",CSK,GT,1,7.3,Dewald Brevis,Jason Holder,0,0,0,0,0,0,,,
202637,2026,Group Stage,37,"Apr 26, 2026","MA Chidambaram Stadium, Chennai",CSK,GT,1,7.4,Dewald Brevis,Jason Holder,0,1,0,1,0,0,,,
202637,2026,Group Stage,37,"Apr 26, 2026","MA Chidambaram Stadium, Chennai",CSK,GT,1,7.5,Ruturaj Gaikwad,Jason Holder,0,0,0,0,0,0,,,
202637,2026,Group Stage,37,"Apr 26, 2026","MA Chidambaram Stadium, Chennai",CSK,GT,1,7.6,Ruturaj Gaikwad,Jason Holder,1,0,0,0,0,0,,,
202637,2026,Group Stage,37,"Apr 26, 2026","MA Chidambaram Stadium, Chennai",CSK,GT,1,8.1,Ruturaj Gaikwad,Manav Suthar,1,0,0,0,0,0,,,
202637,2026,Group Stage,37,"Apr 26, 2026","MA Chidambaram Stadium, Chennai",CSK,GT,1,8.2,Dewald Brevis,Manav Suthar,0,0,0,0,0,0,caught,Dewald Brevis,Shubman Gill
202637,2026,Group Stage,37,"Apr 26, 2026","MA Chidambaram Stadium, Chennai",CSK,GT,1,8.3,Shivam Dube,Manav Suthar,0,0,0,0,0,0,,,
202637,2026,Group Stage,37,"Apr 26, 2026","MA Chidambaram Stadium, Chennai",CSK,GT,1,8.4,Shivam Dube,Manav Suthar,1,0,0,0,0,0,,,
202637,2026,Group Stage,37,"Apr 26, 2026","MA Chidambaram Stadium, Chennai",CSK,GT,1,8.5,Ruturaj Gaikwad,Manav Suthar,0,0,0,0,0,0,,,
202637,2026,Group Stage,37,"Apr 26, 2026","MA Chidambaram Stadium, Chennai",CSK,GT,1,8.6,Ruturaj Gaikwad,Manav Suthar,0,0,0,0,0,0,,,
202637,2026,Group Stage,37,"Apr 26, 2026","MA Chidambaram Stadium, Chennai",CSK,GT,1,9.1,Shivam Dube,Jason Holder,4,0,0,0,0,0,,,
202637,2026,Group Stage,37,"Apr 26, 2026","MA Chidambaram Stadium, Chennai",CSK,GT,1,9.2,Shivam Dube,Jason Holder,0,0,0,0,0,0,,,
202637,2026,Group Stage,37,"Apr 26, 2026","MA Chidambaram Stadium, Chennai",CSK,GT,1,9.3,Shivam Dube,Jason Holder,1,0,0,0,0,0,,,
202637,2026,Group Stage,37,"Apr 26, 2026","MA Chidambaram Stadium, Chennai",CSK,GT,1,9.4,Ruturaj Gaikwad,Jason Holder,0,0,0,0,0,0,,,
202637,2026,Group Stage,37,"Apr 26, 2026","MA Chidambaram Stadium, Chennai",CSK,GT,1,9.5,Ruturaj Gaikwad,Jason Holder,0,0,0,0,0,0,,,
202637,2026,Group Stage,37,"Apr 26, 2026","MA Chidambaram Stadium, Chennai",CSK,GT,1,9.6,Ruturaj Gaikwad,Jason Holder,0,0,0,0,0,0,,,
202637,2026,Group Stage,37,"Apr 26, 2026","MA Chidambaram Stadium, Chennai",CSK,GT,1,10.1,Shivam Dube,Arshad Khan,0,1,0,1,0,0,,,
202637,2026,Group Stage,37,"Apr 26, 2026","MA Chidambaram Stadium, Chennai",CSK,GT,1,10.2,Ruturaj Gaikwad,Arshad Khan,0,0,0,0,0,0,,,
202637,2026,Group Stage,37,"Apr 26, 2026","MA Chidambaram Stadium, Chennai",CSK,GT,1,10.3,Ruturaj Gaikwad,Arshad Khan,0,0,0,0,0,0,,,
202637,2026,Group Stage,37,"Apr 26, 2026","MA Chidambaram Stadium, Chennai",CSK,GT,1,10.4,Ruturaj Gaikwad,Arshad Khan,0,0,0,0,0,0,,,
202637,2026,Group Stage,37,"Apr 26, 2026","MA Chidambaram Stadium, Chennai",CSK,GT,1,10.5,Ruturaj Gaikwad,Arshad Khan,0,0,0,0,0,0,,,
202637,2026,Group Stage,37,"Apr 26, 2026","MA Chidambaram Stadium, Chennai",CSK,GT,1,10.6,Ruturaj Gaikwad,Arshad Khan,1,0,0,0,0,0,,,
202637,2026,Group Stage,37,"Apr 26, 2026","MA Chidambaram Stadium, Chennai",CSK,GT,1,11.1,Ruturaj Gaikwad,Jason Holder,0,0,0,0,0,0,,,
202637,2026,Group Stage,37,"Apr 26, 2026","MA Chidambaram Stadium, Chennai",CSK,GT,1,11.2,Ruturaj Gaikwad,Jason Holder,0,0,0,0,0,0,,,
202637,2026,Group Stage,37,"Apr 26, 2026","MA Chidambaram Stadium, Chennai",CSK,GT,1,11.3,Ruturaj Gaikwad,Jason Holder,0,0,0,0,0,0,,,
202637,2026,Group Stage,37,"Apr 26, 2026","MA Chidambaram Stadium, Chennai",CSK,GT,1,11.4,Ruturaj Gaikwad,Jason Holder,0,1,1,0,0,0,,,
202637,2026,Group Stage,37,"Apr 26, 2026","MA Chidambaram Stadium, Chennai",CSK,GT,1,11.4,Ruturaj Gaikwad,Jason Holder,1,0,0,0,0,0,,,
202637,2026,Group Stage,37,"Apr 26, 2026","MA Chidambaram Stadium, Chennai",CSK,GT,1,11.5,Shivam Dube,Jason Holder,0,0,0,0,0,0,,,
202637,2026,Group Stage,37,"Apr 26, 2026","MA Chidambaram Stadium, Chennai",CSK,GT,1,11.6,Shivam Dube,Jason Holder,4,0,0,0,0,0,,,
202637,2026,Group Stage,37,"Apr 26, 2026","MA Chidambaram Stadium, Chennai",CSK,GT,1,12.1,Ruturaj Gaikwad,Arshad Khan,0,0,0,0,0,0,,,
202637,2026,Group Stage,37,"Apr 26, 2026","MA Chidambaram Stadium, Chennai",CSK,GT,1,12.2,Ruturaj Gaikwad,Arshad Khan,6,0,0,0,0,0,,,
202637,2026,Group Stage,37,"Apr 26, 2026","MA Chidambaram Stadium, Chennai",CSK,GT,1,12.3,Ruturaj Gaikwad,Arshad Khan,0,0,0,0,0,0,,,
202637,2026,Group Stage,37,"Apr 26, 2026","MA Chidambaram Stadium, Chennai",CSK,GT,1,12.4,Ruturaj Gaikwad,Arshad Khan,6,0,0,0,0,0,,,
202637,2026,Group Stage,37,"Apr 26, 2026","MA Chidambaram Stadium, Chennai",CSK,GT,1,12.5,Ruturaj Gaikwad,Arshad Khan,0,0,0,0,0,0,,,
202637,2026,Group Stage,37,"Apr 26, 2026","MA Chidambaram Stadium, Chennai",CSK,GT,1,12.6,Ruturaj Gaikwad,Arshad Khan,3,0,0,0,0,0,,,
202637,2026,Group Stage,37,"Apr 26, 2026","MA Chidambaram Stadium, Chennai",CSK,GT,1,13.1,Ruturaj Gaikwad,Jason Holder,6,0,0,0,0,0,,,
202637,2026,Group Stage,37,"Apr 26, 2026","MA Chidambaram Stadium, Chennai",CSK,GT,1,13.2,Ruturaj Gaikwad,Jason Holder,1,0,0,0,0,0,,,
202637,2026,Group Stage,37,"Apr 26, 2026","MA Chidambaram Stadium, Chennai",CSK,GT,1,13.3,Shivam Dube,Jason Holder,0,0,0,0,0,0,,,
202637,2026,Group Stage,37,"Apr 26, 2026","MA Chidambaram Stadium, Chennai",CSK,GT,1,13.4,Shivam Dube,Jason Holder,0,0,0,0,0,0,,,
202637,2026,Group Stage,37,"Apr 26, 2026","MA Chidambaram Stadium, Chennai",CSK,GT,1,13.5,Shivam Dube,Jason Holder,1,0,0,0,0,0,,,
202637,2026,Group Stage,37,"Apr 26, 2026","MA Chidambaram Stadium, Chennai",CSK,GT,1,13.6,Ruturaj Gaikwad,Jason Holder,1,0,0,0,0,0,,,
202637,2026,Group Stage,37,"Apr 26, 2026","MA Chidambaram Stadium, Chennai",CSK,GT,1,14.1,Ruturaj Gaikwad,Rashid Khan,0,0,0,0,0,0,,,
202637,2026,Group Stage,37,"Apr 26, 2026","MA Chidambaram Stadium, Chennai",CSK,GT,1,14.2,Ruturaj Gaikwad,Rashid Khan,1,0,0,0,0,0,,,
202637,2026,Group Stage,37,"Apr 26, 2026","MA Chidambaram Stadium, Chennai",CSK,GT,1,14.3,Shivam Dube,Rashid Khan,0,5,1,0,0,0,,,
202637,2026,Group Stage,37,"Apr 26, 2026","MA Chidambaram Stadium, Chennai",CSK,GT,1,14.3,Shivam Dube,Rashid Khan,4,0,0,0,0,0,,,
202637,2026,Group Stage,37,"Apr 26, 2026","MA Chidambaram Stadium, Chennai",CSK,GT,1,14.4,Shivam Dube,Rashid Khan,6,0,0,0,0,0,,,
202637,2026,Group Stage,37,"Apr 26, 2026","MA Chidambaram Stadium, Chennai",CSK,GT,1,14.5,Shivam Dube,Rashid Khan,1,0,0,0,0,0,,,
202637,2026,Group Stage,37,"Apr 26, 2026","MA Chidambaram Stadium, Chennai",CSK,GT,1,14.6,Ruturaj Gaikwad,Rashid Khan,4,0,0,0,0,0,,,
202637,2026,Group Stage,37,"Apr 26, 2026","MA Chidambaram Stadium, Chennai",CSK,GT,1,15.1,Shivam Dube,Arshad Khan,0,0,0,0,0,0,,,
202637,2026,Group Stage,37,"Apr 26, 2026","MA Chidambaram Stadium, Chennai",CSK,GT,1,15.2,Shivam Dube,Arshad Khan,0,0,0,0,0,0,,,
202637,2026,Group Stage,37,"Apr 26, 2026","MA Chidambaram Stadium, Chennai",CSK,GT,1,15.3,Shivam Dube,Arshad Khan,0,0,0,0,0,0,bowled,Shivam Dube,
202637,2026,Group Stage,37,"Apr 26, 2026","MA Chidambaram Stadium, Chennai",CSK,GT,1,15.4,Kartik Sharma,Arshad Khan,4,0,0,0,0,0,,,
202637,2026,Group Stage,37,"Apr 26, 2026","MA Chidambaram Stadium, Chennai",CSK,GT,1,15.5,Kartik Sharma,Arshad Khan,0,0,0,0,0,0,,,
202637,2026,Group Stage,37,"Apr 26, 2026","MA Chidambaram Stadium, Chennai",CSK,GT,1,15.6,Kartik Sharma,Arshad Khan,2,0,0,0,0,0,,,
202637,2026,Group Stage,37,"Apr 26, 2026","MA Chidambaram Stadium, Chennai",CSK,GT,1,16.1,Ruturaj Gaikwad,Mohammed Siraj,2,0,0,0,0,0,,,
202637,2026,Group Stage,37,"Apr 26, 2026","MA Chidambaram Stadium, Chennai",CSK,GT,1,16.2,Ruturaj Gaikwad,Mohammed Siraj,6,0,0,0,0,0,,,
202637,2026,Group Stage,37,"Apr 26, 2026","MA Chidambaram Stadium, Chennai",CSK,GT,1,16.3,Ruturaj Gaikwad,Mohammed Siraj,1,0,0,0,0,0,,,
202637,2026,Group Stage,37,"Apr 26, 2026","MA Chidambaram Stadium, Chennai",CSK,GT,1,16.4,Kartik Sharma,Mohammed Siraj,0,0,0,0,0,0,,,
202637,2026,Group Stage,37,"Apr 26, 2026","MA Chidambaram Stadium, Chennai",CSK,GT,1,16.5,Kartik Sharma,Mohammed Siraj,1,0,0,0,0,0,,,
202637,2026,Group Stage,37,"Apr 26, 2026","MA Chidambaram Stadium, Chennai",CSK,GT,1,16.6,Ruturaj Gaikwad,Mohammed Siraj,1,0,0,0,0,0,,,
202637,2026,Group Stage,37,"Apr 26, 2026","MA Chidambaram Stadium, Chennai",CSK,GT,1,17.1,Ruturaj Gaikwad,Kagiso Rabada,1,0,0,0,0,0,,,
202637,2026,Group Stage,37,"Apr 26, 2026","MA Chidambaram Stadium, Chennai",CSK,GT,1,17.2,Kartik Sharma,Kagiso Rabada,4,0,0,0,0,0,,,
202637,2026,Group Stage,37,"Apr 26, 2026","MA Chidambaram Stadium, Chennai",CSK,GT,1,17.3,Kartik Sharma,Kagiso Rabada,4,0,0,0,0,0,,,
202637,2026,Group Stage,37,"Apr 26, 2026","MA Chidambaram Stadium, Chennai",CSK,GT,1,17.4,Kartik Sharma,Kagiso Rabada,0,0,0,0,0,0,,,
202637,2026,Group Stage,37,"Apr 26, 2026","MA Chidambaram Stadium, Chennai",CSK,GT,1,17.5,Kartik Sharma,Kagiso Rabada,0,0,0,0,0,0,caught,Kartik Sharma,Jason Holder
202637,2026,Group Stage,37,"Apr 26, 2026","MA Chidambaram Stadium, Chennai",CSK,GT,1,17.6,Jamie Overton,Kagiso Rabada,0,0,0,0,0,0,,,
202637,2026,Group Stage,37,"Apr 26, 2026","MA Chidambaram Stadium, Chennai",CSK,GT,1,18.1,Ruturaj Gaikwad,Arshad Khan,1,0,0,0,0,0,,,
202637,2026,Group Stage,37,"Apr 26, 2026","MA Chidambaram Stadium, Chennai",CSK,GT,1,18.2,Jamie Overton,Arshad Khan,0,1,1,0,0,0,,,
202637,2026,Group Stage,37,"Apr 26, 2026","MA Chidambaram Stadium, Chennai",CSK,GT,1,18.2,Jamie Overton,Arshad Khan,4,0,0,0,0,0,,,
202637,2026,Group Stage,37,"Apr 26, 2026","MA Chidambaram Stadium, Chennai",CSK,GT,1,18.3,Jamie Overton,Arshad Khan,6,0,0,0,0,0,,,
202637,2026,Group Stage,37,"Apr 26, 2026","MA Chidambaram Stadium, Chennai",CSK,GT,1,18.4,Jamie Overton,Arshad Khan,4,0,0,0,0,0,,,
202637,2026,Group Stage,37,"Apr 26, 2026","MA Chidambaram Stadium, Chennai",CSK,GT,1,18.5,Jamie Overton,Arshad Khan,4,0,0,0,0,0,,,
202637,2026,Group Stage,37,"Apr 26, 2026","MA Chidambaram Stadium, Chennai",CSK,GT,1,18.6,Jamie Overton,Arshad Khan,0,0,0,0,0,0,caught,Jamie Overton,Shahrukh Khan
202637,2026,Group Stage,37,"Apr 26, 2026","MA Chidambaram Stadium, Chennai",CSK,GT,1,19.1,Ruturaj Gaikwad,Manav Suthar,4,0,0,0,0,0,,,
202637,2026,Group Stage,37,"Apr 26, 2026","MA Chidambaram Stadium, Chennai",CSK,GT,1,19.2,Ruturaj Gaikwad,Manav Suthar,0,0,0,0,0,0,,,
202637,2026,Group Stage,37,"Apr 26, 2026","MA Chidambaram Stadium, Chennai",CSK,GT,1,19.3,Ruturaj Gaikwad,Manav Suthar,2,0,0,0,0,0,,,
202637,2026,Group Stage,37,"Apr 26, 2026","MA Chidambaram Stadium, Chennai",CSK,GT,1,19.4,Ruturaj Gaikwad,Manav Suthar,4,0,0,0,0,0,,,
202637,2026,Group Stage,37,"Apr 26, 2026","MA Chidambaram Stadium, Chennai",CSK,GT,1,19.5,Ruturaj Gaikwad,Manav Suthar,0,0,0,0,0,0,,,
202637,2026,Group Stage,37,"Apr 26, 2026","MA Chidambaram Stadium, Chennai",CSK,GT,1,19.5,Ruturaj Gaikwad,Manav Suthar,0,1,1,0,0,0,,,
202637,2026,Group Stage,37,"Apr 26, 2026","MA Chidambaram Stadium, Chennai",CSK,GT,1,19.6,Ruturaj Gaikwad,Manav Suthar,4,0,0,0,0,0,,,
202644,2026,Group Stage,44,"May 2, 2026","MA Chidambaram Stadium, Chennai",CSK,MI,2,0.1,Sanju Samson,Trent Boult,1,0,0,0,0,0,,,
202644,2026,Group Stage,44,"May 2, 2026","MA Chidambaram Stadium, Chennai",CSK,MI,2,0.2,Ruturaj Gaikwad,Trent Boult,0,0,0,0,0,0,,,
202644,2026,Group Stage,44,"May 2, 2026","MA Chidambaram Stadium, Chennai",CSK,MI,2,0.3,Ruturaj Gaikwad,Trent Boult,1,0,0,0,0,0,,,
202644,2026,Group Stage,44,"May 2, 2026","MA Chidambaram Stadium, Chennai",CSK,MI,2,0.4,Sanju Samson,Trent Boult,0,0,0,0,0,0,,,
202644,2026,Group Stage,44,"May 2, 2026","MA Chidambaram Stadium, Chennai",CSK,MI,2,0.5,Sanju Samson,Trent Boult,4,0,0,0,0,0,,,
202644,2026,Group Stage,44,"May 2, 2026","MA Chidambaram Stadium, Chennai",CSK,MI,2,0.6,Sanju Samson,Trent Boult,1,0,0,0,0,0,,,
202644,2026,Group Stage,44,"May 2, 2026","MA Chidambaram Stadium, Chennai",CSK,MI,2,1.1,Sanju Samson,Jasprit Bumrah,0,0,0,0,0,0,,,
202644,2026,Group Stage,44,"May 2, 2026","MA Chidambaram Stadium, Chennai",CSK,MI,2,1.2,Sanju Samson,Jasprit Bumrah,1,0,0,0,0,0,,,
202644,2026,Group Stage,44,"May 2, 2026","MA Chidambaram Stadium, Chennai",CSK,MI,2,1.3,Ruturaj Gaikwad,Jasprit Bumrah,1,0,0,0,0,0,,,
202644,2026,Group Stage,44,"May 2, 2026","MA Chidambaram Stadium, Chennai",CSK,MI,2,1.4,Sanju Samson,Jasprit Bumrah,0,0,0,0,0,0,,,
202644,2026,Group Stage,44,"May 2, 2026","MA Chidambaram Stadium, Chennai",CSK,MI,2,1.5,Sanju Samson,Jasprit Bumrah,4,0,0,0,0,0,,,
202644,2026,Group Stage,44,"May 2, 2026","MA Chidambaram Stadium, Chennai",CSK,MI,2,1.6,Sanju Samson,Jasprit Bumrah,0,0,0,0,0,0,caught,Sanju Samson,Ryan Rickelton
202644,2026,Group Stage,44,"May 2, 2026","MA Chidambaram Stadium, Chennai",CSK,MI,2,2.1,Ruturaj Gaikwad,Trent Boult,4,0,0,0,0,0,,,
202644,2026,Group Stage,44,"May 2, 2026","MA Chidambaram Stadium, Chennai",CSK,MI,2,2.2,Ruturaj Gaikwad,Trent Boult,2,0,0,0,0,0,,,
202644,2026,Group Stage,44,"May 2, 2026","MA Chidambaram Stadium, Chennai",CSK,MI,2,2.3,Ruturaj Gaikwad,Trent Boult,0,0,0,0,0,0,,,
202644,2026,Group Stage,44,"May 2, 2026","MA Chidambaram Stadium, Chennai",CSK,MI,2,2.4,Ruturaj Gaikwad,Trent Boult,0,0,0,0,0,0,,,
202644,2026,Group Stage,44,"May 2, 2026","MA Chidambaram Stadium, Chennai",CSK,MI,2,2.4,Ruturaj Gaikwad,Trent Boult,0,1,1,0,0,0,,,
202644,2026,Group Stage,44,"May 2, 2026","MA Chidambaram Stadium, Chennai",CSK,MI,2,2.5,Ruturaj Gaikwad,Trent Boult,4,0,0,0,0,0,,,
202644,2026,Group Stage,44,"May 2, 2026","MA Chidambaram Stadium, Chennai",CSK,MI,2,2.6,Ruturaj Gaikwad,Trent Boult,6,0,0,0,0,0,,,
202644,2026,Group Stage,44,"May 2, 2026","MA Chidambaram Stadium, Chennai",CSK,MI,2,3.1,Urvil Patel,Jasprit Bumrah,2,0,0,0,0,0,,,
202644,2026,Group Stage,44,"May 2, 2026","MA Chidambaram Stadium, Chennai",CSK,MI,2,3.2,Urvil Patel,Jasprit Bumrah,0,0,0,0,0,0,,,
202644,2026,Group Stage,44,"May 2, 2026","MA Chidambaram Stadium, Chennai",CSK,MI,2,3.3,Urvil Patel,Jasprit Bumrah,4,0,0,0,0,0,,,
202644,2026,Group Stage,44,"May 2, 2026","MA Chidambaram Stadium, Chennai",CSK,MI,2,3.4,Urvil Patel,Jasprit Bumrah,0,0,0,0,0,0,,,
202644,2026,Group Stage,44,"May 2, 2026","MA Chidambaram Stadium, Chennai",CSK,MI,2,3.5,Urvil Patel,Jasprit Bumrah,0,0,0,0,0,0,,,
202644,2026,Group Stage,44,"May 2, 2026","MA Chidambaram Stadium, Chennai",CSK,MI,2,3.6,Urvil Patel,Jasprit Bumrah,1,0,0,0,0,0,,,
202644,2026,Group Stage,44,"May 2, 2026","MA Chidambaram Stadium, Chennai",CSK,MI,2,4.1,Urvil Patel,Krish Bhagat,6,0,0,0,0,0,,,
202644,2026,Group Stage,44,"May 2, 2026","MA Chidambaram Stadium, Chennai",CSK,MI,2,4.2,Urvil Patel,Krish Bhagat,4,0,0,0,0,0,,,
202644,2026,Group Stage,44,"May 2, 2026","MA Chidambaram Stadium, Chennai",CSK,MI,2,4.3,Urvil Patel,Krish Bhagat,1,0,0,0,0,0,,,
202644,2026,Group Stage,44,"May 2, 2026","MA Chidambaram Stadium, Chennai",CSK,MI,2,4.4,Ruturaj Gaikwad,Krish Bhagat,1,0,0,0,0,0,,,
202644,2026,Group Stage,44,"May 2, 2026","MA Chidambaram Stadium, Chennai",CSK,MI,2,4.5,Urvil Patel,Krish Bhagat,0,0,0,0,0,0,,,
202644,2026,Group Stage,44,"May 2, 2026","MA Chidambaram Stadium, Chennai",CSK,MI,2,4.6,Urvil Patel,Krish Bhagat,6,0,0,0,0,0,,,
202644,2026,Group Stage,44,"May 2, 2026","MA Chidambaram Stadium, Chennai",CSK,MI,2,5.1,Ruturaj Gaikwad,AM Ghazanfar,0,0,0,0,0,0,,,
202644,2026,Group Stage,44,"May 2, 2026","MA Chidambaram Stadium, Chennai",CSK,MI,2,5.2,Ruturaj Gaikwad,AM Ghazanfar,6,0,0,0,0,0,,,
202644,2026,Group Stage,44,"May 2, 2026","MA Chidambaram Stadium, Chennai",CSK,MI,2,5.3,Ruturaj Gaikwad,AM Ghazanfar,1,0,0,0,0,0,,,
202644,2026,Group Stage,44,"May 2, 2026","MA Chidambaram Stadium, Chennai",CSK,MI,2,5.4,Urvil Patel,AM Ghazanfar,0,0,0,0,0,0,bowled,Urvil Patel,
202644,2026,Group Stage,44,"May 2, 2026","MA Chidambaram Stadium, Chennai",CSK,MI,2,5.5,Kartik Sharma,AM Ghazanfar,0,0,0,0,0,0,,,
202644,2026,Group Stage,44,"May 2, 2026","MA Chidambaram Stadium, Chennai",CSK,MI,2,5.6,Kartik Sharma,AM Ghazanfar,0,0,0,0,0,0,,,
202644,2026,Group Stage,44,"May 2, 2026","MA Chidambaram Stadium, Chennai",CSK,MI,2,6.1,Ruturaj Gaikwad,Raghu Sharma,1,0,0,0,0,0,,,
202644,2026,Group Stage,44,"May 2, 2026","MA Chidambaram Stadium, Chennai",CSK,MI,2,6.2,Kartik Sharma,Raghu Sharma,0,0,0,0,0,0,,,
202644,2026,Group Stage,44,"May 2, 2026","MA Chidambaram Stadium, Chennai",CSK,MI,2,6.3,Kartik Sharma,Raghu Sharma,4,0,0,0,0,0,,,
202644,2026,Group Stage,44,"May 2, 2026","MA Chidambaram Stadium, Chennai",CSK,MI,2,6.4,Kartik Sharma,Raghu Sharma,1,0,0,0,0,0,,,
202644,2026,Group Stage,44,"May 2, 2026","MA Chidambaram Stadium, Chennai",CSK,MI,2,6.5,Ruturaj Gaikwad,Raghu Sharma,1,0,0,0,0,0,,,
202644,2026,Group Stage,44,"May 2, 2026","MA Chidambaram Stadium, Chennai",CSK,MI,2,6.6,Kartik Sharma,Raghu Sharma,0,0,0,0,0,0,,,
202644,2026,Group Stage,44,"May 2, 2026","MA Chidambaram Stadium, Chennai",CSK,MI,2,7.1,Ruturaj Gaikwad,AM Ghazanfar,1,0,0,0,0,0,,,
202644,2026,Group Stage,44,"May 2, 2026","MA Chidambaram Stadium, Chennai",CSK,MI,2,7.2,Kartik Sharma,AM Ghazanfar,1,0,0,0,0,0,,,
202644,2026,Group Stage,44,"May 2, 2026","MA Chidambaram Stadium, Chennai",CSK,MI,2,7.3,Ruturaj Gaikwad,AM Ghazanfar,2,0,0,0,0,0,,,
202644,2026,Group Stage,44,"May 2, 2026","MA Chidambaram Stadium, Chennai",CSK,MI,2,7.4,Ruturaj Gaikwad,AM Ghazanfar,1,0,0,0,0,0,,,
202644,2026,Group Stage,44,"May 2, 2026","MA Chidambaram Stadium, Chennai",CSK,MI,2,7.5,Kartik Sharma,AM Ghazanfar,0,0,0,0,0,0,,,
202644,2026,Group Stage,44,"May 2, 2026","MA Chidambaram Stadium, Chennai",CSK,MI,2,7.6,Kartik Sharma,AM Ghazanfar,6,0,0,0,0,0,,,
202644,2026,Group Stage,44,"May 2, 2026","MA Chidambaram Stadium, Chennai",CSK,MI,2,8.1,Ruturaj Gaikwad,Raghu Sharma,0,0,0,0,0,0,,,
202644,2026,Group Stage,44,"May 2, 2026","MA Chidambaram Stadium, Chennai",CSK,MI,2,8.2,Ruturaj Gaikwad,Raghu Sharma,2,0,0,0,0,0,,,
202644,2026,Group Stage,44,"May 2, 2026","MA Chidambaram Stadium, Chennai",CSK,MI,2,8.3,Ruturaj Gaikwad,Raghu Sharma,1,0,0,0,0,0,,,
202644,2026,Group Stage,44,"May 2, 2026","MA Chidambaram Stadium, Chennai",CSK,MI,2,8.4,Kartik Sharma,Raghu Sharma,0,0,0,0,0,0,,,
202644,2026,Group Stage,44,"May 2, 2026","MA Chidambaram Stadium, Chennai",CSK,MI,2,8.5,Kartik Sharma,Raghu Sharma,1,0,0,0,0,0,,,
202644,2026,Group Stage,44,"May 2, 2026","MA Chidambaram Stadium, Chennai",CSK,MI,2,8.6,Ruturaj Gaikwad,Raghu Sharma,1,0,0,0,0,0,,,
202644,2026,Group Stage,44,"May 2, 2026","MA Chidambaram Stadium, Chennai",CSK,MI,2,9.1,Ruturaj Gaikwad,Hardik Pandya,1,0,0,0,0,0,,,
202644,2026,Group Stage,44,"May 2, 2026","MA Chidambaram Stadium, Chennai",CSK,MI,2,9.2,Kartik Sharma,Hardik Pandya,1,0,0,0,0,0,,,
202644,2026,Group Stage,44,"May 2, 2026","MA Chidambaram Stadium, Chennai",CSK,MI,2,9.3,Ruturaj Gaikwad,Hardik Pandya,0,1,1,0,0,0,,,
202644,2026,Group Stage,44,"May 2, 2026","MA Chidambaram Stadium, Chennai",CSK,MI,2,9.3,Ruturaj Gaikwad,Hardik Pandya,1,0,0,0,0,0,,,
202644,2026,Group Stage,44,"May 2, 2026","MA Chidambaram Stadium, Chennai",CSK,MI,2,9.4,Kartik Sharma,Hardik Pandya,1,0,0,0,0,0,,,
202644,2026,Group Stage,44,"May 2, 2026","MA Chidambaram Stadium, Chennai",CSK,MI,2,9.5,Ruturaj Gaikwad,Hardik Pandya,1,0,0,0,0,0,,,
202644,2026,Group Stage,44,"May 2, 2026","MA Chidambaram Stadium, Chennai",CSK,MI,2,9.6,Kartik Sharma,Hardik Pandya,1,0,0,0,0,0,,,
202644,2026,Group Stage,44,"May 2, 2026","MA Chidambaram Stadium, Chennai",CSK,MI,2,10.1,Kartik Sharma,Raghu Sharma,0,0,0,0,0,0,,,
202644,2026,Group Stage,44,"May 2, 2026","MA Chidambaram Stadium, Chennai",CSK,MI,2,10.2,Kartik Sharma,Raghu Sharma,0,0,0,0,0,0,,,
202644,2026,Group Stage,44,"May 2, 2026","MA Chidambaram Stadium, Chennai",CSK,MI,2,10.3,Kartik Sharma,Raghu Sharma,1,0,0,0,0,0,,,
202644,2026,Group Stage,44,"May 2, 2026","MA Chidambaram Stadium, Chennai",CSK,MI,2,10.4,Ruturaj Gaikwad,Raghu Sharma,1,0,0,0,0,0,,,
202644,2026,Group Stage,44,"May 2, 2026","MA Chidambaram Stadium, Chennai",CSK,MI,2,10.5,Kartik Sharma,Raghu Sharma,1,0,0,0,0,0,,,
202644,2026,Group Stage,44,"May 2, 2026","MA Chidambaram Stadium, Chennai",CSK,MI,2,10.6,Ruturaj Gaikwad,Raghu Sharma,2,0,0,0,0,0,,,
202644,2026,Group Stage,44,"May 2, 2026","MA Chidambaram Stadium, Chennai",CSK,MI,2,11.1,Kartik Sharma,Hardik Pandya,6,0,0,0,0,0,,,
202644,2026,Group Stage,44,"May 2, 2026","MA Chidambaram Stadium, Chennai",CSK,MI,2,11.2,Kartik Sharma,Hardik Pandya,1,0,0,0,0,0,,,
202644,2026,Group Stage,44,"May 2, 2026","MA Chidambaram Stadium, Chennai",CSK,MI,2,11.3,Ruturaj Gaikwad,Hardik Pandya,1,0,0,0,0,0,,,
202644,2026,Group Stage,44,"May 2, 2026","MA Chidambaram Stadium, Chennai",CSK,MI,2,11.4,Kartik Sharma,Hardik Pandya,1,0,0,0,0,0,,,
202644,2026,Group Stage,44,"May 2, 2026","MA Chidambaram Stadium, Chennai",CSK,MI,2,11.5,Ruturaj Gaikwad,Hardik Pandya,1,0,0,0,0,0,,,
202644,2026,Group Stage,44,"May 2, 2026","MA Chidambaram Stadium, Chennai",CSK,MI,2,11.6,Kartik Sharma,Hardik Pandya,0,0,0,0,0,0,,,
202644,2026,Group Stage,44,"May 2, 2026","MA Chidambaram Stadium, Chennai",CSK,MI,2,12.1,Ruturaj Gaikwad,Raghu Sharma,2,0,0,0,0,0,,,
202644,2026,Group Stage,44,"May 2, 2026","MA Chidambaram Stadium, Chennai",CSK,MI,2,12.2,Ruturaj Gaikwad,Raghu Sharma,1,0,0,0,0,0,,,
202644,2026,Group Stage,44,"May 2, 2026","MA Chidambaram Stadium, Chennai",CSK,MI,2,12.3,Kartik Sharma,Raghu Sharma,1,0,0,0,0,0,,,
202644,2026,Group Stage,44,"May 2, 2026","MA Chidambaram Stadium, Chennai",CSK,MI,2,12.4,Ruturaj Gaikwad,Raghu Sharma,1,0,0,0,0,0,,,
202644,2026,Group Stage,44,"May 2, 2026","MA Chidambaram Stadium, Chennai",CSK,MI,2,12.5,Kartik Sharma,Raghu Sharma,1,0,0,0,0,0,,,
202644,2026,Group Stage,44,"May 2, 2026","MA Chidambaram Stadium, Chennai",CSK,MI,2,12.6,Ruturaj Gaikwad,Raghu Sharma,1,0,0,0,0,0,,,
202644,2026,Group Stage,44,"May 2, 2026","MA Chidambaram Stadium, Chennai",CSK,MI,2,13.1,Ruturaj Gaikwad,AM Ghazanfar,1,0,0,0,0,0,,,
202644,2026,Group Stage,44,"May 2, 2026","MA Chidambaram Stadium, Chennai",CSK,MI,2,13.2,Kartik Sharma,AM Ghazanfar,1,0,0,0,0,0,,,
202644,2026,Group Stage,44,"May 2, 2026","MA Chidambaram Stadium, Chennai",CSK,MI,2,13.3,Ruturaj Gaikwad,AM Ghazanfar,0,0,0,0,0,0,,,
202644,2026,Group Stage,44,"May 2, 2026","MA Chidambaram Stadium, Chennai",CSK,MI,2,13.4,Ruturaj Gaikwad,AM Ghazanfar,1,0,0,0,0,0,,,
202644,2026,Group Stage,44,"May 2, 2026","MA Chidambaram Stadium, Chennai",CSK,MI,2,13.5,Kartik Sharma,AM Ghazanfar,1,0,0,0,0,0,,,
202644,2026,Group Stage,44,"May 2, 2026","MA Chidambaram Stadium, Chennai",CSK,MI,2,13.6,Ruturaj Gaikwad,AM Ghazanfar,4,0,0,0,0,0,,,
202644,2026,Group Stage,44,"May 2, 2026","MA Chidambaram Stadium, Chennai",CSK,MI,2,14.1,Kartik Sharma,Jasprit Bumrah,1,0,0,0,0,0,,,
202644,2026,Group Stage,44,"May 2, 2026","MA Chidambaram Stadium, Chennai",CSK,MI,2,14.2,Ruturaj Gaikwad,Jasprit Bumrah,4,0,0,0,0,0,,,
202644,2026,Group Stage,44,"May 2, 2026","MA Chidambaram Stadium, Chennai",CSK,MI,2,14.3,Ruturaj Gaikwad,Jasprit Bumrah,0,0,0,0,0,0,,,
202644,2026,Group Stage,44,"May 2, 2026","MA Chidambaram Stadium, Chennai",CSK,MI,2,14.4,Ruturaj Gaikwad,Jasprit Bumrah,0,0,0,0,0,0,,,
202644,2026,Group Stage,44,"May 2, 2026","MA Chidambaram Stadium, Chennai",CSK,MI,2,14.5,Ruturaj Gaikwad,Jasprit Bumrah,0,0,0,0,0,0,,,
202644,2026,Group Stage,44,"May 2, 2026","MA Chidambaram Stadium, Chennai",CSK,MI,2,14.5,Ruturaj Gaikwad,Jasprit Bumrah,0,1,1,0,0,0,,,
202644,2026,Group Stage,44,"May 2, 2026","MA Chidambaram Stadium, Chennai",CSK,MI,2,14.6,Ruturaj Gaikwad,Jasprit Bumrah,1,0,0,0,0,0,,,
202644,2026,Group Stage,44,"May 2, 2026","MA Chidambaram Stadium, Chennai",CSK,MI,2,15.1,Ruturaj Gaikwad,Trent Boult,1,0,0,0,0,0,,,
202644,2026,Group Stage,44,"May 2, 2026","MA Chidambaram Stadium, Chennai",CSK,MI,2,15.2,Kartik Sharma,Trent Boult,1,0,0,0,0,0,,,
202644,2026,Group Stage,44,"May 2, 2026","MA Chidambaram Stadium, Chennai",CSK,MI,2,15.3,Ruturaj Gaikwad,Trent Boult,0,1,1,0,0,0,,,
202644,2026,Group Stage,44,"May 2, 2026","MA Chidambaram Stadium, Chennai",CSK,MI,2,15.3,Ruturaj Gaikwad,Trent Boult,4,0,0,0,0,0,,,
202644,2026,Group Stage,44,"May 2, 2026","MA Chidambaram Stadium, Chennai",CSK,MI,2,15.4,Ruturaj Gaikwad,Trent Boult,1,0,0,0,0,0,,,
202644,2026,Group Stage,44,"May 2, 2026","MA Chidambaram Stadium, Chennai",CSK,MI,2,15.5,Kartik Sharma,Trent Boult,1,0,0,0,0,0,,,
202644,2026,Group Stage,44,"May 2, 2026","MA Chidambaram Stadium, Chennai",CSK,MI,2,15.6,Ruturaj Gaikwad,Trent Boult,0,0,0,0,0,0,,,
202644,2026,Group Stage,44,"May 2, 2026","MA Chidambaram Stadium, Chennai",CSK,MI,2,16.1,Kartik Sharma,AM Ghazanfar,4,0,0,0,0,0,,,
202644,2026,Group Stage,44,"May 2, 2026","MA Chidambaram Stadium, Chennai",CSK,MI,2,16.2,Kartik Sharma,AM Ghazanfar,0,0,0,0,0,0,,,
202644,2026,Group Stage,44,"May 2, 2026","MA Chidambaram Stadium, Chennai",CSK,MI,2,16.3,Kartik Sharma,AM Ghazanfar,6,0,0,0,0,0,,,
202644,2026,Group Stage,44,"May 2, 2026","MA Chidambaram Stadium, Chennai",CSK,MI,2,16.4,Kartik Sharma,AM Ghazanfar,0,0,0,0,0,0,,,
202644,2026,Group Stage,44,"May 2, 2026","MA Chidambaram Stadium, Chennai",CSK,MI,2,16.5,Kartik Sharma,AM Ghazanfar,4,0,0,0,0,0,,,
202644,2026,Group Stage,44,"May 2, 2026","MA Chidambaram Stadium, Chennai",CSK,MI,2,16.6,Kartik Sharma,AM Ghazanfar,0,0,0,0,0,0,,,
202644,2026,Group Stage,44,"May 2, 2026","MA Chidambaram Stadium, Chennai",CSK,MI,2,17.1,Ruturaj Gaikwad,Krish Bhagat,1,0,0,0,0,0,,,
202644,2026,Group Stage,44,"May 2, 2026","MA Chidambaram Stadium, Chennai",CSK,MI,2,17.2,Kartik Sharma,Krish Bhagat,0,0,0,0,0,0,,,
202644,2026,Group Stage,44,"May 2, 2026","MA Chidambaram Stadium, Chennai",CSK,MI,2,17.3,Kartik Sharma,Krish Bhagat,0,0,0,0,0,0,,,
202644,2026,Group Stage,44,"May 2, 2026","MA Chidambaram Stadium, Chennai",CSK,MI,2,17.4,Kartik Sharma,Krish Bhagat,2,0,0,0,0,0,,,
202644,2026,Group Stage,44,"May 2, 2026","MA Chidambaram Stadium, Chennai",CSK,MI,2,17.5,Kartik Sharma,Krish Bhagat,1,0,0,0,0,0,,,
202644,2026,Group Stage,44,"May 2, 2026","MA Chidambaram Stadium, Chennai",CSK,MI,2,17.6,Ruturaj Gaikwad,Krish Bhagat,0,0,0,0,0,0,,,
202644,2026,Group Stage,44,"May 2, 2026","MA Chidambaram Stadium, Chennai",CSK,MI,2,18.1,Kartik Sharma,Trent Boult,4,0,0,0,0,0,,,
202648,2026,Group Stage,48,"May 5, 2026","Arun Jaitley Stadium, Delhi",CSK,DC,2,0.1,Sanju Samson,Mitchell Starc,1,0,0,0,0,0,,,
202648,2026,Group Stage,48,"May 5, 2026","Arun Jaitley Stadium, Delhi",CSK,DC,2,0.2,Ruturaj Gaikwad,Mitchell Starc,0,0,0,0,0,0,,,
202648,2026,Group Stage,48,"May 5, 2026","Arun Jaitley Stadium, Delhi",CSK,DC,2,0.3,Ruturaj Gaikwad,Mitchell Starc,0,0,0,0,0,0,,,
202648,2026,Group Stage,48,"May 5, 2026","Arun Jaitley Stadium, Delhi",CSK,DC,2,0.4,Ruturaj Gaikwad,Mitchell Starc,1,0,0,0,0,0,,,
202648,2026,Group Stage,48,"May 5, 2026","Arun Jaitley Stadium, Delhi",CSK,DC,2,0.5,Sanju Samson,Mitchell Starc,1,0,0,0,0,0,,,
202648,2026,Group Stage,48,"May 5, 2026","Arun Jaitley Stadium, Delhi",CSK,DC,2,0.6,Ruturaj Gaikwad,Mitchell Starc,0,0,0,0,0,0,,,
202648,2026,Group Stage,48,"May 5, 2026","Arun Jaitley Stadium, Delhi",CSK,DC,2,1.1,Sanju Samson,Axar Patel,6,0,0,0,0,0,,,
202648,2026,Group Stage,48,"May 5, 2026","Arun Jaitley Stadium, Delhi",CSK,DC,2,1.2,Sanju Samson,Axar Patel,1,0,0,0,0,0,,,
202648,2026,Group Stage,48,"May 5, 2026","Arun Jaitley Stadium, Delhi",CSK,DC,2,1.3,Ruturaj Gaikwad,Axar Patel,0,0,0,0,0,0,,,
202648,2026,Group Stage,48,"May 5, 2026","Arun Jaitley Stadium, Delhi",CSK,DC,2,1.4,Ruturaj Gaikwad,Axar Patel,0,0,0,0,0,0,,,
202648,2026,Group Stage,48,"May 5, 2026","Arun Jaitley Stadium, Delhi",CSK,DC,2,1.5,Ruturaj Gaikwad,Axar Patel,0,0,0,0,0,0,,,
202648,2026,Group Stage,48,"May 5, 2026","Arun Jaitley Stadium, Delhi",CSK,DC,2,1.5,Ruturaj Gaikwad,Axar Patel,0,5,1,0,0,0,,,
202648,2026,Group Stage,48,"May 5, 2026","Arun Jaitley Stadium, Delhi",CSK,DC,2,1.6,Ruturaj Gaikwad,Axar Patel,0,0,0,0,0,0,,,
202648,2026,Group Stage,48,"May 5, 2026","Arun Jaitley Stadium, Delhi",CSK,DC,2,2.1,Sanju Samson,Mitchell Starc,0,0,0,0,0,0,,,
202648,2026,Group Stage,48,"May 5, 2026","Arun Jaitley Stadium, Delhi",CSK,DC,2,2.2,Sanju Samson,Mitchell Starc,0,0,0,0,0,0,,,
202648,2026,Group Stage,48,"May 5, 2026","Arun Jaitley Stadium, Delhi",CSK,DC,2,2.2,Sanju Samson,Mitchell Starc,0,1,1,0,0,0,,,
202648,2026,Group Stage,48,"May 5, 2026","Arun Jaitley Stadium, Delhi",CSK,DC,2,2.3,Sanju Samson,Mitchell Starc,1,0,0,0,0,0,,,
202648,2026,Group Stage,48,"May 5, 2026","Arun Jaitley Stadium, Delhi",CSK,DC,2,2.4,Ruturaj Gaikwad,Mitchell Starc,4,0,0,0,0,0,,,
202648,2026,Group Stage,48,"May 5, 2026","Arun Jaitley Stadium, Delhi",CSK,DC,2,2.5,Ruturaj Gaikwad,Mitchell Starc,1,0,0,0,0,0,,,
202648,2026,Group Stage,48,"May 5, 2026","Arun Jaitley Stadium, Delhi",CSK,DC,2,2.6,Sanju Samson,Mitchell Starc,0,0,0,0,0,0,,,
202648,2026,Group Stage,48,"May 5, 2026","Arun Jaitley Stadium, Delhi",CSK,DC,2,3.1,Ruturaj Gaikwad,Lungi Ngidi,0,0,0,0,0,0,,,
202648,2026,Group Stage,48,"May 5, 2026","Arun Jaitley Stadium, Delhi",CSK,DC,2,3.2,Ruturaj Gaikwad,Lungi Ngidi,0,1,0,1,0,0,,,
202648,2026,Group Stage,48,"May 5, 2026","Arun Jaitley Stadium, Delhi",CSK,DC,2,3.3,Sanju Samson,Lungi Ngidi,0,0,0,0,0,0,,,
202648,2026,Group Stage,48,"May 5, 2026","Arun Jaitley Stadium, Delhi",CSK,DC,2,3.4,Sanju Samson,Lungi Ngidi,1,0,0,0,0,0,,,
202648,2026,Group Stage,48,"May 5, 2026","Arun Jaitley Stadium, Delhi",CSK,DC,2,3.5,Ruturaj Gaikwad,Lungi Ngidi,0,0,0,0,0,0,caught,Ruturaj Gaikwad,Sameer Rizvi
202648,2026,Group Stage,48,"May 5, 2026","Arun Jaitley Stadium, Delhi",CSK,DC,2,3.6,Urvil Patel,Lungi Ngidi,0,0,0,0,0,0,,,
202648,2026,Group Stage,48,"May 5, 2026","Arun Jaitley Stadium, Delhi",CSK,DC,2,4.1,Sanju Samson,Axar Patel,1,0,0,0,0,0,,,
202648,2026,Group Stage,48,"May 5, 2026","Arun Jaitley Stadium, Delhi",CSK,DC,2,4.2,Urvil Patel,Axar Patel,1,0,0,0,0,0,,,
202648,2026,Group Stage,48,"May 5, 2026","Arun Jaitley Stadium, Delhi",CSK,DC,2,4.3,Sanju Samson,Axar Patel,0,0,0,0,0,0,,,
202648,2026,Group Stage,48,"May 5, 2026","Arun Jaitley Stadium, Delhi",CSK,DC,2,4.4,Sanju Samson,Axar Patel,1,0,0,0,0,0,,,
202648,2026,Group Stage,48,"May 5, 2026","Arun Jaitley Stadium, Delhi",CSK,DC,2,4.5,Urvil Patel,Axar Patel,0,0,0,0,0,0,,,
202648,2026,Group Stage,48,"May 5, 2026","Arun Jaitley Stadium, Delhi",CSK,DC,2,4.6,Urvil Patel,Axar Patel,1,0,0,0,0,0,,,
202648,2026,Group Stage,48,"May 5, 2026","Arun Jaitley Stadium, Delhi",CSK,DC,2,5.1,Urvil Patel,Lungi Ngidi,1,0,0,0,0,0,,,
202648,2026,Group Stage,48,"May 5, 2026","Arun Jaitley Stadium, Delhi",CSK,DC,2,5.2,Sanju Samson,Lungi Ngidi,0,0,0,0,0,0,,,
202648,2026,Group Stage,48,"May 5, 2026","Arun Jaitley Stadium, Delhi",CSK,DC,2,5.3,Sanju Samson,Lungi Ngidi,1,0,0,0,0,0,,,
202648,2026,Group Stage,48,"May 5, 2026","Arun Jaitley Stadium, Delhi",CSK,DC,2,5.4,Urvil Patel,Lungi Ngidi,2,0,0,0,0,0,,,
202648,2026,Group Stage,48,"May 5, 2026","Arun Jaitley Stadium, Delhi",CSK,DC,2,5.5,Urvil Patel,Lungi Ngidi,6,0,0,0,0,0,,,
202648,2026,Group Stage,48,"May 5, 2026","Arun Jaitley Stadium, Delhi",CSK,DC,2,5.6,Urvil Patel,Lungi Ngidi,6,0,0,0,0,0,,,
202648,2026,Group Stage,48,"May 5, 2026","Arun Jaitley Stadium, Delhi",CSK,DC,2,6.1,Sanju Samson,Axar Patel,0,0,0,0,0,0,,,
202648,2026,Group Stage,48,"May 5, 2026","Arun Jaitley Stadium, Delhi",CSK,DC,2,6.2,Sanju Samson,Axar Patel,1,0,0,0,0,0,,,
202648,2026,Group Stage,48,"May 5, 2026","Arun Jaitley Stadium, Delhi",CSK,DC,2,6.3,Urvil Patel,Axar Patel,0,0,0,0,0,0,stumped,Urvil Patel,
202648,2026,Group Stage,48,"May 5, 2026","Arun Jaitley Stadium, Delhi",CSK,DC,2,6.4,Kartik Sharma,Axar Patel,0,0,0,0,0,0,,,
202648,2026,Group Stage,48,"May 5, 2026","Arun Jaitley Stadium, Delhi",CSK,DC,2,6.5,Kartik Sharma,Axar Patel,0,0,0,0,0,0,,,
202648,2026,Group Stage,48,"May 5, 2026","Arun Jaitley Stadium, Delhi",CSK,DC,2,6.6,Kartik Sharma,Axar Patel,4,0,0,0,0,0,,,
202648,2026,Group Stage,48,"May 5, 2026","Arun Jaitley Stadium, Delhi",CSK,DC,2,7.1,Sanju Samson,Kuldeep Yadav,0,0,0,0,0,0,,,
202648,2026,Group Stage,48,"May 5, 2026","Arun Jaitley Stadium, Delhi",CSK,DC,2,7.2,Sanju Samson,Kuldeep Yadav,1,0,0,0,0,0,,,
202648,2026,Group Stage,48,"May 5, 2026","Arun Jaitley Stadium, Delhi",CSK,DC,2,7.3,Kartik Sharma,Kuldeep Yadav,0,0,0,0,0,0,,,
202648,2026,Group Stage,48,"May 5, 2026","Arun Jaitley Stadium, Delhi",CSK,DC,2,7.4,Kartik Sharma,Kuldeep Yadav,1,0,0,0,0,0,,,
202648,2026,Group Stage,48,"May 5, 2026","Arun Jaitley Stadium, Delhi",CSK,DC,2,7.5,Sanju Samson,Kuldeep Yadav,6,0,0,0,0,0,,,
202648,2026,Group Stage,48,"May 5, 2026","Arun Jaitley Stadium, Delhi",CSK,DC,2,7.6,Sanju Samson,Kuldeep Yadav,0,0,0,0,0,0,,,
202648,2026,Group Stage,48,"May 5, 2026","Arun Jaitley Stadium, Delhi",CSK,DC,2,8.1,Kartik Sharma,Natarajan,0,0,0,0,0,0,,,
202648,2026,Group Stage,48,"May 5, 2026","Arun Jaitley Stadium, Delhi",CSK,DC,2,8.2,Kartik Sharma,Natarajan,0,0,0,0,0,0,,,
202648,2026,Group Stage,48,"May 5, 2026","Arun Jaitley Stadium, Delhi",CSK,DC,2,8.3,Kartik Sharma,Natarajan,1,0,0,0,0,0,,,
202648,2026,Group Stage,48,"May 5, 2026","Arun Jaitley Stadium, Delhi",CSK,DC,2,8.4,Sanju Samson,Natarajan,0,0,0,0,0,0,,,
202648,2026,Group Stage,48,"May 5, 2026","Arun Jaitley Stadium, Delhi",CSK,DC,2,8.5,Sanju Samson,Natarajan,4,0,0,0,0,0,,,
202648,2026,Group Stage,48,"May 5, 2026","Arun Jaitley Stadium, Delhi",CSK,DC,2,8.6,Sanju Samson,Natarajan,4,0,0,0,0,0,,,
202648,2026,Group Stage,48,"May 5, 2026","Arun Jaitley Stadium, Delhi",CSK,DC,2,9.1,Kartik Sharma,Kuldeep Yadav,0,0,0,0,0,0,,,
202648,2026,Group Stage,48,"May 5, 2026","Arun Jaitley Stadium, Delhi",CSK,DC,2,9.2,Kartik Sharma,Kuldeep Yadav,6,0,0,0,0,0,,,
202648,2026,Group Stage,48,"May 5, 2026","Arun Jaitley Stadium, Delhi",CSK,DC,2,9.3,Kartik Sharma,Kuldeep Yadav,0,0,0,0,0,0,,,
202648,2026,Group Stage,48,"May 5, 2026","Arun Jaitley Stadium, Delhi",CSK,DC,2,9.4,Kartik Sharma,Kuldeep Yadav,0,0,0,0,0,0,,,
202648,2026,Group Stage,48,"May 5, 2026","Arun Jaitley Stadium, Delhi",CSK,DC,2,9.5,Kartik Sharma,Kuldeep Yadav,1,0,0,0,0,0,,,
202648,2026,Group Stage,48,"May 5, 2026","Arun Jaitley Stadium, Delhi",CSK,DC,2,9.6,Sanju Samson,Kuldeep Yadav,1,0,0,0,0,0,,,
202648,2026,Group Stage,48,"May 5, 2026","Arun Jaitley Stadium, Delhi",CSK,DC,2,10.1,Sanju Samson,Axar Patel,0,0,0,0,0,0,,,
202648,2026,Group Stage,48,"May 5, 2026","Arun Jaitley Stadium, Delhi",CSK,DC,2,10.2,Sanju Samson,Axar Patel,1,0,0,0,0,0,,,
202648,2026,Group Stage,48,"May 5, 2026","Arun Jaitley Stadium, Delhi",CSK,DC,2,10.3,Kartik Sharma,Axar Patel,1,0,0,0,0,0,,,
202648,2026,Group Stage,48,"May 5, 2026","Arun Jaitley Stadium, Delhi",CSK,DC,2,10.4,Sanju Samson,Axar Patel,1,0,0,0,0,0,,,
202648,2026,Group Stage,48,"May 5, 2026","Arun Jaitley Stadium, Delhi",CSK,DC,2,10.5,Kartik Sharma,Axar Patel,0,0,0,0,0,0,,,
202648,2026,Group Stage,48,"May 5, 2026","Arun Jaitley Stadium, Delhi",CSK,DC,2,10.6,Kartik Sharma,Axar Patel,1,0,0,0,0,0,,,
202648,2026,Group Stage,48,"May 5, 2026","Arun Jaitley Stadium, Delhi",CSK,DC,2,11.1,Kartik Sharma,Kuldeep Yadav,1,0,0,0,0,0,,,
202648,2026,Group Stage,48,"May 5, 2026","Arun Jaitley Stadium, Delhi",CSK,DC,2,11.2,Sanju Samson,Kuldeep Yadav,6,0,0,0,0,0,,,
202648,2026,Group Stage,48,"May 5, 2026","Arun Jaitley Stadium, Delhi",CSK,DC,2,11.3,Sanju Samson,Kuldeep Yadav,6,0,0,0,0,0,,,
202648,2026,Group Stage,48,"May 5, 2026","Arun Jaitley Stadium, Delhi",CSK,DC,2,11.4,Sanju Samson,Kuldeep Yadav,4,0,0,0,0,0,,,
202648,2026,Group Stage,48,"May 5, 2026","Arun Jaitley Stadium, Delhi",CSK,DC,2,11.5,Sanju Samson,Kuldeep Yadav,1,0,0,0,0,0,,,
202648,2026,Group Stage,48,"May 5, 2026","Arun Jaitley Stadium, Delhi",CSK,DC,2,11.6,Kartik Sharma,Kuldeep Yadav,0,0,0,0,0,0,,,
202648,2026,Group Stage,48,"May 5, 2026","Arun Jaitley Stadium, Delhi",CSK,DC,2,12.1,Sanju Samson,Mitchell Starc,4,0,0,0,0,0,,,
202648,2026,Group Stage,48,"May 5, 2026","Arun Jaitley Stadium, Delhi",CSK,DC,2,12.2,Sanju Samson,Mitchell Starc,4,0,0,0,0,0,,,
202648,2026,Group Stage,48,"May 5, 2026","Arun Jaitley Stadium, Delhi",CSK,DC,2,12.3,Sanju Samson,Mitchell Starc,0,0,0,0,0,0,,,
202648,2026,Group Stage,48,"May 5, 2026","Arun Jaitley Stadium, Delhi",CSK,DC,2,12.4,Sanju Samson,Mitchell Starc,0,0,0,0,0,0,,,
202648,2026,Group Stage,48,"May 5, 2026","Arun Jaitley Stadium, Delhi",CSK,DC,2,12.5,Sanju Samson,Mitchell Starc,1,0,0,0,0,0,,,
202648,2026,Group Stage,48,"May 5, 2026","Arun Jaitley Stadium, Delhi",CSK,DC,2,12.6,Kartik Sharma,Mitchell Starc,0,0,0,0,0,0,,,
202648,2026,Group Stage,48,"May 5, 2026","Arun Jaitley Stadium, Delhi",CSK,DC,2,13.1,Sanju Samson,Lungi Ngidi,0,0,0,0,0,0,,,
202648,2026,Group Stage,48,"May 5, 2026","Arun Jaitley Stadium, Delhi",CSK,DC,2,13.2,Sanju Samson,Lungi Ngidi,0,0,0,0,0,0,,,
202648,2026,Group Stage,48,"May 5, 2026","Arun Jaitley Stadium, Delhi",CSK,DC,2,13.3,Sanju Samson,Lungi Ngidi,0,0,0,0,0,0,,,
202648,2026,Group Stage,48,"May 5, 2026","Arun Jaitley Stadium, Delhi",CSK,DC,2,13.4,Sanju Samson,Lungi Ngidi,0,0,0,0,0,0,,,
202648,2026,Group Stage,48,"May 5, 2026","Arun Jaitley Stadium, Delhi",CSK,DC,2,13.5,Sanju Samson,Lungi Ngidi,1,0,0,0,0,0,,,
202648,2026,Group Stage,48,"May 5, 2026","Arun Jaitley Stadium, Delhi",CSK,DC,2,13.6,Kartik Sharma,Lungi Ngidi,0,0,0,0,0,0,,,
202648,2026,Group Stage,48,"May 5, 2026","Arun Jaitley Stadium, Delhi",CSK,DC,2,14.1,Sanju Samson,Natarajan,1,0,0,0,0,0,,,
202648,2026,Group Stage,48,"May 5, 2026","Arun Jaitley Stadium, Delhi",CSK,DC,2,14.2,Kartik Sharma,Natarajan,1,0,0,0,0,0,,,
202648,2026,Group Stage,48,"May 5, 2026","Arun Jaitley Stadium, Delhi",CSK,DC,2,14.3,Sanju Samson,Natarajan,6,0,0,0,0,0,,,
202648,2026,Group Stage,48,"May 5, 2026","Arun Jaitley Stadium, Delhi",CSK,DC,2,14.4,Sanju Samson,Natarajan,6,0,0,0,0,0,,,
202648,2026,Group Stage,48,"May 5, 2026","Arun Jaitley Stadium, Delhi",CSK,DC,2,14.5,Sanju Samson,Natarajan,4,0,0,0,0,0,,,
202648,2026,Group Stage,48,"May 5, 2026","Arun Jaitley Stadium, Delhi",CSK,DC,2,14.6,Sanju Samson,Natarajan,2,0,0,0,0,0,,,
202648,2026,Group Stage,48,"May 5, 2026","Arun Jaitley Stadium, Delhi",CSK,DC,2,15.1,Kartik Sharma,Lungi Ngidi,4,0,0,0,0,0,,,
202648,2026,Group Stage,48,"May 5, 2026","Arun Jaitley Stadium, Delhi",CSK,DC,2,15.2,Kartik Sharma,Lungi Ngidi,0,1,1,0,0,0,,,
202648,2026,Group Stage,48,"May 5, 2026","Arun Jaitley Stadium, Delhi",CSK,DC,2,15.2,Kartik Sharma,Lungi Ngidi,1,0,0,0,0,0,,,
202648,2026,Group Stage,48,"May 5, 2026","Arun Jaitley Stadium, Delhi",CSK,DC,2,15.3,Sanju Samson,Lungi Ngidi,4,0,0,0,0,0,,,
202648,2026,Group Stage,48,"May 5, 2026","Arun Jaitley Stadium, Delhi",CSK,DC,2,15.4,Sanju Samson,Lungi Ngidi,1,0,0,0,0,0,,,
202648,2026,Group Stage,48,"May 5, 2026","Arun Jaitley Stadium, Delhi",CSK,DC,2,15.5,Kartik Sharma,Lungi Ngidi,1,0,0,0,0,0,,,
202648,2026,Group Stage,48,"May 5, 2026","Arun Jaitley Stadium, Delhi",CSK,DC,2,15.6,Sanju Samson,Lungi Ngidi,0,0,0,0,0,0,,,
202648,2026,Group Stage,48,"May 5, 2026","Arun Jaitley Stadium, Delhi",CSK,DC,2,16.1,Kartik Sharma,Mitchell Starc,2,0,0,0,0,0,,,
202648,2026,Group Stage,48,"May 5, 2026","Arun Jaitley Stadium, Delhi",CSK,DC,2,16.2,Kartik Sharma,Mitchell Starc,4,0,0,0,0,0,,,
202648,2026,Group Stage,48,"May 5, 2026","Arun Jaitley Stadium, Delhi",CSK,DC,2,16.3,Kartik Sharma,Mitchell Starc,1,0,0,0,0,0,,,
202648,2026,Group Stage,48,"May 5, 2026","Arun Jaitley Stadium, Delhi",CSK,DC,2,16.4,Sanju Samson,Mitchell Starc,1,0,0,0,0,0,,,
202648,2026,Group Stage,48,"May 5, 2026","Arun Jaitley Stadium, Delhi",CSK,DC,2,16.5,Kartik Sharma,Mitchell Starc,1,0,0,0,0,0,,,
202648,2026,Group Stage,48,"May 5, 2026","Arun Jaitley Stadium, Delhi",CSK,DC,2,17.1,Kartik Sharma,Natarajan,0,0,0,0,0,0,,,
202648,2026,Group Stage,48,"May 5, 2026","Arun Jaitley Stadium, Delhi",CSK,DC,2,17.2,Kartik Sharma,Natarajan,6,0,0,0,0,0,,,
202648,2026,Group Stage,48,"May 5, 2026","Arun Jaitley Stadium, Delhi",CSK,DC,2,17.3,Kartik Sharma,Natarajan,4,0,0,0,0,0,,,
202653,2026,Group Stage,53,"May 10, 2026","MA Chidambaram Stadium, Chennai",CSK,LSG,2,0.1,Sanju Samson,Mohammed Shami,0,0,0,0,0,0,,,
202653,2026,Group Stage,53,"May 10, 2026","MA Chidambaram Stadium, Chennai",CSK,LSG,2,0.2,Sanju Samson,Mohammed Shami,4,0,0,0,0,0,,,
202653,2026,Group Stage,53,"May 10, 2026","MA Chidambaram Stadium, Chennai",CSK,LSG,2,0.3,Sanju Samson,Mohammed Shami,1,0,0,0,0,0,,,
202653,2026,Group Stage,53,"May 10, 2026","MA Chidambaram Stadium, Chennai",CSK,LSG,2,0.4,Ruturaj Gaikwad,Mohammed Shami,4,0,0,0,0,0,,,
202653,2026,Group Stage,53,"May 10, 2026","MA Chidambaram Stadium, Chennai",CSK,LSG,2,0.5,Ruturaj Gaikwad,Mohammed Shami,1,0,0,0,0,0,,,
202653,2026,Group Stage,53,"May 10, 2026","MA Chidambaram Stadium, Chennai",CSK,LSG,2,0.6,Sanju Samson,Mohammed Shami,1,0,0,0,0,0,,,
202653,2026,Group Stage,53,"May 10, 2026","MA Chidambaram Stadium, Chennai",CSK,LSG,2,1.1,Sanju Samson,Prince Yadav,6,0,0,0,0,0,,,
202653,2026,Group Stage,53,"May 10, 2026","MA Chidambaram Stadium, Chennai",CSK,LSG,2,1.2,Sanju Samson,Prince Yadav,1,0,0,0,0,0,,,
202653,2026,Group Stage,53,"May 10, 2026","MA Chidambaram Stadium, Chennai",CSK,LSG,2,1.3,Ruturaj Gaikwad,Prince Yadav,2,0,0,0,0,0,,,
202653,2026,Group Stage,53,"May 10, 2026","MA Chidambaram Stadium, Chennai",CSK,LSG,2,1.4,Ruturaj Gaikwad,Prince Yadav,6,0,0,0,0,0,,,
202653,2026,Group Stage,53,"May 10, 2026","MA Chidambaram Stadium, Chennai",CSK,LSG,2,1.5,Ruturaj Gaikwad,Prince Yadav,0,0,0,0,0,0,,,
202653,2026,Group Stage,53,"May 10, 2026","MA Chidambaram Stadium, Chennai",CSK,LSG,2,1.6,Ruturaj Gaikwad,Prince Yadav,0,0,0,0,0,0,,,
202653,2026,Group Stage,53,"May 10, 2026","MA Chidambaram Stadium, Chennai",CSK,LSG,2,2.1,Sanju Samson,Mohammed Shami,0,0,0,0,0,0,,,
202653,2026,Group Stage,53,"May 10, 2026","MA Chidambaram Stadium, Chennai",CSK,LSG,2,2.2,Sanju Samson,Mohammed Shami,0,0,0,0,0,0,,,
202653,2026,Group Stage,53,"May 10, 2026","MA Chidambaram Stadium, Chennai",CSK,LSG,2,2.3,Sanju Samson,Mohammed Shami,4,0,0,0,0,0,,,
202653,2026,Group Stage,53,"May 10, 2026","MA Chidambaram Stadium, Chennai",CSK,LSG,2,2.4,Sanju Samson,Mohammed Shami,1,0,0,0,0,0,,,
202653,2026,Group Stage,53,"May 10, 2026","MA Chidambaram Stadium, Chennai",CSK,LSG,2,2.5,Ruturaj Gaikwad,Mohammed Shami,0,0,0,0,0,0,,,
202653,2026,Group Stage,53,"May 10, 2026","MA Chidambaram Stadium, Chennai",CSK,LSG,2,2.6,Ruturaj Gaikwad,Mohammed Shami,4,0,0,0,0,0,,,
202653,2026,Group Stage,53,"May 10, 2026","MA Chidambaram Stadium, Chennai",CSK,LSG,2,3.1,Sanju Samson,Digvesh Singh Rathi,0,0,0,0,0,0,,,
202653,2026,Group Stage,53,"May 10, 2026","MA Chidambaram Stadium, Chennai",CSK,LSG,2,3.2,Sanju Samson,Digvesh Singh Rathi,4,0,0,0,0,0,,,
202653,2026,Group Stage,53,"May 10, 2026","MA Chidambaram Stadium, Chennai",CSK,LSG,2,3.3,Sanju Samson,Digvesh Singh Rathi,6,0,0,0,0,0,,,
202653,2026,Group Stage,53,"May 10, 2026","MA Chidambaram Stadium, Chennai",CSK,LSG,2,3.4,Sanju Samson,Digvesh Singh Rathi,0,0,0,0,0,0,bowled,Sanju Samson,
202653,2026,Group Stage,53,"May 10, 2026","MA Chidambaram Stadium, Chennai",CSK,LSG,2,3.5,Urvil Patel,Digvesh Singh Rathi,1,0,0,0,0,0,,,
202653,2026,Group Stage,53,"May 10, 2026","MA Chidambaram Stadium, Chennai",CSK,LSG,2,3.6,Ruturaj Gaikwad,Digvesh Singh Rathi,1,0,0,0,0,0,,,
202653,2026,Group Stage,53,"May 10, 2026","MA Chidambaram Stadium, Chennai",CSK,LSG,2,4.1,Ruturaj Gaikwad,Avesh Khan,6,0,0,0,0,0,,,
202653,2026,Group Stage,53,"May 10, 2026","MA Chidambaram Stadium, Chennai",CSK,LSG,2,4.2,Ruturaj Gaikwad,Avesh Khan,0,0,0,0,0,0,,,
202653,2026,Group Stage,53,"May 10, 2026","MA Chidambaram Stadium, Chennai",CSK,LSG,2,4.3,Ruturaj Gaikwad,Avesh Khan,1,0,0,0,0,0,,,
202653,2026,Group Stage,53,"May 10, 2026","MA Chidambaram Stadium, Chennai",CSK,LSG,2,4.4,Urvil Patel,Avesh Khan,6,0,0,0,0,0,,,
202653,2026,Group Stage,53,"May 10, 2026","MA Chidambaram Stadium, Chennai",CSK,LSG,2,4.5,Urvil Patel,Avesh Khan,6,0,0,0,0,0,,,
202653,2026,Group Stage,53,"May 10, 2026","MA Chidambaram Stadium, Chennai",CSK,LSG,2,4.6,Urvil Patel,Avesh Khan,6,0,0,0,0,0,,,
202653,2026,Group Stage,53,"May 10, 2026","MA Chidambaram Stadium, Chennai",CSK,LSG,2,5.1,Ruturaj Gaikwad,Digvesh Singh Rathi,1,0,0,0,0,0,,,
202653,2026,Group Stage,53,"May 10, 2026","MA Chidambaram Stadium, Chennai",CSK,LSG,2,5.2,Urvil Patel,Digvesh Singh Rathi,6,0,0,0,0,0,,,
202653,2026,Group Stage,53,"May 10, 2026","MA Chidambaram Stadium, Chennai",CSK,LSG,2,5.3,Urvil Patel,Digvesh Singh Rathi,0,1,1,0,0,0,,,
202653,2026,Group Stage,53,"May 10, 2026","MA Chidambaram Stadium, Chennai",CSK,LSG,2,5.3,Urvil Patel,Digvesh Singh Rathi,6,0,0,0,0,0,,,
202653,2026,Group Stage,53,"May 10, 2026","MA Chidambaram Stadium, Chennai",CSK,LSG,2,5.4,Urvil Patel,Digvesh Singh Rathi,4,0,0,0,0,0,,,
202653,2026,Group Stage,53,"May 10, 2026","MA Chidambaram Stadium, Chennai",CSK,LSG,2,5.5,Urvil Patel,Digvesh Singh Rathi,6,0,0,0,0,0,,,
202653,2026,Group Stage,53,"May 10, 2026","MA Chidambaram Stadium, Chennai",CSK,LSG,2,5.6,Urvil Patel,Digvesh Singh Rathi,1,0,0,0,0,0,,,
202653,2026,Group Stage,53,"May 10, 2026","MA Chidambaram Stadium, Chennai",CSK,LSG,2,6.1,Urvil Patel,Mohammed Shami,0,0,0,0,0,0,,,
202653,2026,Group Stage,53,"May 10, 2026","MA Chidambaram Stadium, Chennai",CSK,LSG,2,6.2,Urvil Patel,Mohammed Shami,6,0,0,0,0,0,,,
202653,2026,Group Stage,53,"May 10, 2026","MA Chidambaram Stadium, Chennai",CSK,LSG,2,6.3,Urvil Patel,Mohammed Shami,1,0,0,0,0,0,,,
202653,2026,Group Stage,53,"May 10, 2026","MA Chidambaram Stadium, Chennai",CSK,LSG,2,6.4,Ruturaj Gaikwad,Mohammed Shami,2,0,0,0,0,0,,,
202653,2026,Group Stage,53,"May 10, 2026","MA Chidambaram Stadium, Chennai",CSK,LSG,2,6.5,Ruturaj Gaikwad,Mohammed Shami,1,0,0,0,0,0,,,
202653,2026,Group Stage,53,"May 10, 2026","MA Chidambaram Stadium, Chennai",CSK,LSG,2,6.6,Urvil Patel,Mohammed Shami,1,0,0,0,0,0,,,
202653,2026,Group Stage,53,"May 10, 2026","MA Chidambaram Stadium, Chennai",CSK,LSG,2,7.1,Urvil Patel,Shahbaz Ahmed,4,0,0,0,0,0,,,
202653,2026,Group Stage,53,"May 10, 2026","MA Chidambaram Stadium, Chennai",CSK,LSG,2,7.2,Urvil Patel,Shahbaz Ahmed,6,0,0,0,0,0,,,
202653,2026,Group Stage,53,"May 10, 2026","MA Chidambaram Stadium, Chennai",CSK,LSG,2,7.3,Urvil Patel,Shahbaz Ahmed,1,0,0,0,0,0,,,
202653,2026,Group Stage,53,"May 10, 2026","MA Chidambaram Stadium, Chennai",CSK,LSG,2,7.4,Ruturaj Gaikwad,Shahbaz Ahmed,0,0,0,0,0,0,,,
202653,2026,Group Stage,53,"May 10, 2026","MA Chidambaram Stadium, Chennai",CSK,LSG,2,7.5,Ruturaj Gaikwad,Shahbaz Ahmed,1,0,0,0,0,0,,,
202653,2026,Group Stage,53,"May 10, 2026","MA Chidambaram Stadium, Chennai",CSK,LSG,2,7.6,Urvil Patel,Shahbaz Ahmed,1,0,0,0,0,0,,,
202653,2026,Group Stage,53,"May 10, 2026","MA Chidambaram Stadium, Chennai",CSK,LSG,2,8.1,Urvil Patel,Prince Yadav,0,0,0,0,0,0,,,
202653,2026,Group Stage,53,"May 10, 2026","MA Chidambaram Stadium, Chennai",CSK,LSG,2,8.2,Urvil Patel,Prince Yadav,0,0,0,0,0,0,,,
202653,2026,Group Stage,53,"May 10, 2026","MA Chidambaram Stadium, Chennai",CSK,LSG,2,8.3,Urvil Patel,Prince Yadav,2,0,0,0,0,0,,,
202653,2026,Group Stage,53,"May 10, 2026","MA Chidambaram Stadium, Chennai",CSK,LSG,2,8.4,Urvil Patel,Prince Yadav,1,0,0,0,0,0,,,
202653,2026,Group Stage,53,"May 10, 2026","MA Chidambaram Stadium, Chennai",CSK,LSG,2,8.5,Ruturaj Gaikwad,Prince Yadav,1,0,0,0,0,0,,,
202653,2026,Group Stage,53,"May 10, 2026","MA Chidambaram Stadium, Chennai",CSK,LSG,2,8.6,Urvil Patel,Prince Yadav,0,0,0,0,0,0,,,
202653,2026,Group Stage,53,"May 10, 2026","MA Chidambaram Stadium, Chennai",CSK,LSG,2,9.1,Ruturaj Gaikwad,Shahbaz Ahmed,1,0,0,0,0,0,,,
202653,2026,Group Stage,53,"May 10, 2026","MA Chidambaram Stadium, Chennai",CSK,LSG,2,9.2,Urvil Patel,Shahbaz Ahmed,0,0,0,0,0,0,caught,Urvil Patel,Avesh Khan
202653,2026,Group Stage,53,"May 10, 2026","MA Chidambaram Stadium, Chennai",CSK,LSG,2,9.3,Kartik Sharma,Shahbaz Ahmed,1,0,0,0,0,0,,,
202653,2026,Group Stage,53,"May 10, 2026","MA Chidambaram Stadium, Chennai",CSK,LSG,2,9.4,Ruturaj Gaikwad,Shahbaz Ahmed,1,0,0,0,0,0,,,
202653,2026,Group Stage,53,"May 10, 2026","MA Chidambaram Stadium, Chennai",CSK,LSG,2,9.5,Kartik Sharma,Shahbaz Ahmed,2,0,0,0,0,0,,,
202653,2026,Group Stage,53,"May 10, 2026","MA Chidambaram Stadium, Chennai",CSK,LSG,2,9.6,Kartik Sharma,Shahbaz Ahmed,1,0,0,0,0,0,,,
202653,2026,Group Stage,53,"May 10, 2026","MA Chidambaram Stadium, Chennai",CSK,LSG,2,10.1,Kartik Sharma,Avesh Khan,0,0,0,0,0,0,,,
202653,2026,Group Stage,53,"May 10, 2026","MA Chidambaram Stadium, Chennai",CSK,LSG,2,10.2,Kartik Sharma,Avesh Khan,1,0,0,0,0,0,,,
202653,2026,Group Stage,53,"May 10, 2026","MA Chidambaram Stadium, Chennai",CSK,LSG,2,10.3,Ruturaj Gaikwad,Avesh Khan,1,0,0,0,0,0,,,
202653,2026,Group Stage,53,"May 10, 2026","MA Chidambaram Stadium, Chennai",CSK,LSG,2,10.4,Kartik Sharma,Avesh Khan,1,0,0,0,0,0,,,
202653,2026,Group Stage,53,"May 10, 2026","MA Chidambaram Stadium, Chennai",CSK,LSG,2,10.5,Ruturaj Gaikwad,Avesh Khan,0,0,0,0,0,0,,,
202653,2026,Group Stage,53,"May 10, 2026","MA Chidambaram Stadium, Chennai",CSK,LSG,2,10.5,Ruturaj Gaikwad,Avesh Khan,0,1,1,0,0,0,,,
202653,2026,Group Stage,53,"May 10, 2026","MA Chidambaram Stadium, Chennai",CSK,LSG,2,10.6,Ruturaj Gaikwad,Avesh Khan,1,0,0,0,0,0,,,
202653,2026,Group Stage,53,"May 10, 2026","MA Chidambaram Stadium, Chennai",CSK,LSG,2,11.1,Ruturaj Gaikwad,Mohammed Shami,1,0,0,0,0,0,,,
202653,2026,Group Stage,53,"May 10, 2026","MA Chidambaram Stadium, Chennai",CSK,LSG,2,11.2,Kartik Sharma,Mohammed Shami,0,0,0,0,0,0,,,
202653,2026,Group Stage,53,"May 10, 2026","MA Chidambaram Stadium, Chennai",CSK,LSG,2,11.3,Kartik Sharma,Mohammed Shami,2,0,0,0,0,0,,,
202653,2026,Group Stage,53,"May 10, 2026","MA Chidambaram Stadium, Chennai",CSK,LSG,2,11.4,Kartik Sharma,Mohammed Shami,1,0,0,0,0,0,,,
202653,2026,Group Stage,53,"May 10, 2026","MA Chidambaram Stadium, Chennai",CSK,LSG,2,11.5,Ruturaj Gaikwad,Mohammed Shami,1,0,0,0,0,0,,,
202653,2026,Group Stage,53,"May 10, 2026","MA Chidambaram Stadium, Chennai",CSK,LSG,2,11.6,Kartik Sharma,Mohammed Shami,1,0,0,0,0,0,,,
202653,2026,Group Stage,53,"May 10, 2026","MA Chidambaram Stadium, Chennai",CSK,LSG,2,12.1,Kartik Sharma,Shahbaz Ahmed,1,0,0,0,0,0,,,
202653,2026,Group Stage,53,"May 10, 2026","MA Chidambaram Stadium, Chennai",CSK,LSG,2,12.2,Ruturaj Gaikwad,Shahbaz Ahmed,1,0,0,0,0,0,,,
202653,2026,Group Stage,53,"May 10, 2026","MA Chidambaram Stadium, Chennai",CSK,LSG,2,12.3,Kartik Sharma,Shahbaz Ahmed,1,0,0,0,0,0,,,
202653,2026,Group Stage,53,"May 10, 2026","MA Chidambaram Stadium, Chennai",CSK,LSG,2,12.4,Ruturaj Gaikwad,Shahbaz Ahmed,4,0,0,0,0,0,,,
202653,2026,Group Stage,53,"May 10, 2026","MA Chidambaram Stadium, Chennai",CSK,LSG,2,12.5,Ruturaj Gaikwad,Shahbaz Ahmed,0,0,0,0,0,0,bowled,Ruturaj Gaikwad,
202653,2026,Group Stage,53,"May 10, 2026","MA Chidambaram Stadium, Chennai",CSK,LSG,2,12.6,Dewald Brevis,Shahbaz Ahmed,4,0,0,0,0,0,,,
202653,2026,Group Stage,53,"May 10, 2026","MA Chidambaram Stadium, Chennai",CSK,LSG,2,13.1,Kartik Sharma,Digvesh Singh Rathi,1,0,0,0,0,0,,,
202653,2026,Group Stage,53,"May 10, 2026","MA Chidambaram Stadium, Chennai",CSK,LSG,2,13.2,Dewald Brevis,Digvesh Singh Rathi,1,0,0,0,0,0,,,
202653,2026,Group Stage,53,"May 10, 2026","MA Chidambaram Stadium, Chennai",CSK,LSG,2,13.3,Kartik Sharma,Digvesh Singh Rathi,1,0,0,0,0,0,,,
202653,2026,Group Stage,53,"May 10, 2026","MA Chidambaram Stadium, Chennai",CSK,LSG,2,13.4,Dewald Brevis,Digvesh Singh Rathi,0,0,0,0,0,0,,,
202653,2026,Group Stage,53,"May 10, 2026","MA Chidambaram Stadium, Chennai",CSK,LSG,2,13.5,Dewald Brevis,Digvesh Singh Rathi,1,0,0,0,0,0,,,
202653,2026,Group Stage,53,"May 10, 2026","MA Chidambaram Stadium, Chennai",CSK,LSG,2,13.6,Kartik Sharma,Digvesh Singh Rathi,0,0,0,0,0,0,,,
202653,2026,Group Stage,53,"May 10, 2026","MA Chidambaram Stadium, Chennai",CSK,LSG,2,14.1,Dewald Brevis,Prince Yadav,0,0,0,0,0,0,,,
202653,2026,Group Stage,53,"May 10, 2026","MA Chidambaram Stadium, Chennai",CSK,LSG,2,14.2,Dewald Brevis,Prince Yadav,0,0,0,0,0,0,,,
202653,2026,Group Stage,53,"May 10, 2026","MA Chidambaram Stadium, Chennai",CSK,LSG,2,14.3,Dewald Brevis,Prince Yadav,0,0,0,0,0,0,,,
202653,2026,Group Stage,53,"May 10, 2026","MA Chidambaram Stadium, Chennai",CSK,LSG,2,14.4,Dewald Brevis,Prince Yadav,0,2,1,0,0,0,,,
202653,2026,Group Stage,53,"May 10, 2026","MA Chidambaram Stadium, Chennai",CSK,LSG,2,14.4,Kartik Sharma,Prince Yadav,4,0,0,0,0,0,,,
202653,2026,Group Stage,53,"May 10, 2026","MA Chidambaram Stadium, Chennai",CSK,LSG,2,14.5,Kartik Sharma,Prince Yadav,1,0,0,0,0,0,,,
202653,2026,Group Stage,53,"May 10, 2026","MA Chidambaram Stadium, Chennai",CSK,LSG,2,14.6,Dewald Brevis,Prince Yadav,1,0,0,0,0,0,,,
202653,2026,Group Stage,53,"May 10, 2026","MA Chidambaram Stadium, Chennai",CSK,LSG,2,15.1,Dewald Brevis,Digvesh Singh Rathi,2,0,0,0,0,0,,,
202653,2026,Group Stage,53,"May 10, 2026","MA Chidambaram Stadium, Chennai",CSK,LSG,2,15.2,Dewald Brevis,Digvesh Singh Rathi,1,0,0,0,0,0,,,
202653,2026,Group Stage,53,"May 10, 2026","MA Chidambaram Stadium, Chennai",CSK,LSG,2,15.3,Kartik Sharma,Digvesh Singh Rathi,0,0,0,0,0,0,,,
202653,2026,Group Stage,53,"May 10, 2026","MA Chidambaram Stadium, Chennai",CSK,LSG,2,15.4,Kartik Sharma,Digvesh Singh Rathi,1,0,0,0,0,0,,,
202653,2026,Group Stage,53,"May 10, 2026","MA Chidambaram Stadium, Chennai",CSK,LSG,2,15.5,Dewald Brevis,Digvesh Singh Rathi,0,0,0,0,0,0,,,
202653,2026,Group Stage,53,"May 10, 2026","MA Chidambaram Stadium, Chennai",CSK,LSG,2,15.6,Dewald Brevis,Digvesh Singh Rathi,0,0,0,0,0,0,bowled,Dewald Brevis,
202653,2026,Group Stage,53,"May 10, 2026","MA Chidambaram Stadium, Chennai",CSK,LSG,2,16.1,Kartik Sharma,Avesh Khan,0,0,0,0,0,0,caught,Kartik Sharma,Akshat Raghuwanshi
202653,2026,Group Stage,53,"May 10, 2026","MA Chidambaram Stadium, Chennai",CSK,LSG,2,16.2,Prashant Veer,Avesh Khan,1,0,0,0,0,0,,,
202653,2026,Group Stage,53,"May 10, 2026","MA Chidambaram Stadium, Chennai",CSK,LSG,2,16.3,Shivam Dube,Avesh Khan,0,0,0,0,0,0,,,
202653,2026,Group Stage,53,"May 10, 2026","MA Chidambaram Stadium, Chennai",CSK,LSG,2,16.3,Shivam Dube,Avesh Khan,0,1,1,0,0,0,,,
202653,2026,Group Stage,53,"May 10, 2026","MA Chidambaram Stadium, Chennai",CSK,LSG,2,16.4,Shivam Dube,Avesh Khan,1,0,0,0,0,0,,,
202653,2026,Group Stage,53,"May 10, 2026","MA Chidambaram Stadium, Chennai",CSK,LSG,2,16.5,Prashant Veer,Avesh Khan,0,0,0,0,0,0,,,
202653,2026,Group Stage,53,"May 10, 2026","MA Chidambaram Stadium, Chennai",CSK,LSG,2,16.5,Prashant Veer,Avesh Khan,0,1,1,0,0,0,,,
202653,2026,Group Stage,53,"May 10, 2026","MA Chidambaram Stadium, Chennai",CSK,LSG,2,16.6,Prashant Veer,Avesh Khan,1,0,0,0,0,0,,,
202653,2026,Group Stage,53,"May 10, 2026","MA Chidambaram Stadium, Chennai",CSK,LSG,2,17.1,Prashant Veer,Prince Yadav,0,0,0,0,0,0,,,
202653,2026,Group Stage,53,"May 10, 2026","MA Chidambaram Stadium, Chennai",CSK,LSG,2,17.2,Prashant Veer,Prince Yadav,6,0,0,0,0,0,,,
202653,2026,Group Stage,53,"May 10, 2026","MA Chidambaram Stadium, Chennai",CSK,LSG,2,17.3,Prashant Veer,Prince Yadav,1,0,0,0,0,0,,,
202653,2026,Group Stage,53,"May 10, 2026","MA Chidambaram Stadium, Chennai",CSK,LSG,2,17.4,Shivam Dube,Prince Yadav,1,0,0,0,0,0,,,
202653,2026,Group Stage,53,"May 10, 2026","MA Chidambaram Stadium, Chennai",CSK,LSG,2,17.5,Prashant Veer,Prince Yadav,0,0,0,0,0,0,,,
202653,2026,Group Stage,53,"May 10, 2026","MA Chidambaram Stadium, Chennai",CSK,LSG,2,17.6,Prashant Veer,Prince Yadav,1,0,0,0,0,0,,,
202653,2026,Group Stage,53,"May 10, 2026","MA Chidambaram Stadium, Chennai",CSK,LSG,2,18.1,Prashant Veer,Avesh Khan,0,0,0,0,0,0,,,
202653,2026,Group Stage,53,"May 10, 2026","MA Chidambaram Stadium, Chennai",CSK,LSG,2,18.2,Prashant Veer,Avesh Khan,1,0,0,0,0,0,,,
202653,2026,Group Stage,53,"May 10, 2026","MA Chidambaram Stadium, Chennai",CSK,LSG,2,18.3,Shivam Dube,Avesh Khan,0,1,0,1,0,0,,,
202653,2026,Group Stage,53,"May 10, 2026","MA Chidambaram Stadium, Chennai",CSK,LSG,2,18.3,Shivam Dube,Avesh Khan,0,1,1,0,0,0,,,
202653,2026,Group Stage,53,"May 10, 2026","MA Chidambaram Stadium, Chennai",CSK,LSG,2,18.4,Prashant Veer,Avesh Khan,6,0,0,0,0,0,,,
202653,2026,Group Stage,53,"May 10, 2026","MA Chidambaram Stadium, Chennai",CSK,LSG,2,18.5,Prashant Veer,Avesh Khan,1,0,0,0,0,0,,,
202653,2026,Group Stage,53,"May 10, 2026","MA Chidambaram Stadium, Chennai",CSK,LSG,2,18.6,Shivam Dube,Avesh Khan,1,0,0,0,0,0,,,
202653,2026,Group Stage,53,"May 10, 2026","MA Chidambaram Stadium, Chennai",CSK,LSG,2,19.1,Shivam Dube,Aiden Markram,0,1,1,0,0,0,,,
202653,2026,Group Stage,53,"May 10, 2026","MA Chidambaram Stadium, Chennai",CSK,LSG,2,19.1,Shivam Dube,Aiden Markram,6,0,0,0,0,0,,,
202653,2026,Group Stage,53,"May 10, 2026","MA Chidambaram Stadium, Chennai",CSK,LSG,2,19.2,Shivam Dube,Aiden Markram,6,0,0,0,0,0,,,
202659,2026,Group Stage,59,"May 15, 2026","Bharat Ratna Shri Atal Bihari Vajpayee Ekana Cricket Stadium, Lucknow",CSK,LSG,1,0.1,Sanju Samson,Mohammed Shami,0,0,0,0,0,0,,,
202659,2026,Group Stage,59,"May 15, 2026","Bharat Ratna Shri Atal Bihari Vajpayee Ekana Cricket Stadium, Lucknow",CSK,LSG,1,0.2,Sanju Samson,Mohammed Shami,4,0,0,0,0,0,,,
202659,2026,Group Stage,59,"May 15, 2026","Bharat Ratna Shri Atal Bihari Vajpayee Ekana Cricket Stadium, Lucknow",CSK,LSG,1,0.3,Sanju Samson,Mohammed Shami,0,0,0,0,0,0,,,
202659,2026,Group Stage,59,"May 15, 2026","Bharat Ratna Shri Atal Bihari Vajpayee Ekana Cricket Stadium, Lucknow",CSK,LSG,1,0.4,Sanju Samson,Mohammed Shami,4,0,0,0,0,0,,,
202659,2026,Group Stage,59,"May 15, 2026","Bharat Ratna Shri Atal Bihari Vajpayee Ekana Cricket Stadium, Lucknow",CSK,LSG,1,0.5,Sanju Samson,Mohammed Shami,4,0,0,0,0,0,,,
202659,2026,Group Stage,59,"May 15, 2026","Bharat Ratna Shri Atal Bihari Vajpayee Ekana Cricket Stadium, Lucknow",CSK,LSG,1,0.6,Sanju Samson,Mohammed Shami,0,0,0,0,0,0,,,
202659,2026,Group Stage,59,"May 15, 2026","Bharat Ratna Shri Atal Bihari Vajpayee Ekana Cricket Stadium, Lucknow",CSK,LSG,1,0.6,Sanju Samson,Mohammed Shami,0,1,1,0,0,0,,,
202659,2026,Group Stage,59,"May 15, 2026","Bharat Ratna Shri Atal Bihari Vajpayee Ekana Cricket Stadium, Lucknow",CSK,LSG,1,1.1,Ruturaj Gaikwad,Akash Singh,0,0,0,0,0,0,,,
202659,2026,Group Stage,59,"May 15, 2026","Bharat Ratna Shri Atal Bihari Vajpayee Ekana Cricket Stadium, Lucknow",CSK,LSG,1,1.2,Ruturaj Gaikwad,Akash Singh,4,0,0,0,0,0,,,
202659,2026,Group Stage,59,"May 15, 2026","Bharat Ratna Shri Atal Bihari Vajpayee Ekana Cricket Stadium, Lucknow",CSK,LSG,1,1.3,Ruturaj Gaikwad,Akash Singh,1,0,0,0,0,0,,,
202659,2026,Group Stage,59,"May 15, 2026","Bharat Ratna Shri Atal Bihari Vajpayee Ekana Cricket Stadium, Lucknow",CSK,LSG,1,1.4,Sanju Samson,Akash Singh,1,0,0,0,0,0,,,
202659,2026,Group Stage,59,"May 15, 2026","Bharat Ratna Shri Atal Bihari Vajpayee Ekana Cricket Stadium, Lucknow",CSK,LSG,1,1.5,Ruturaj Gaikwad,Akash Singh,1,0,0,0,0,0,,,
202659,2026,Group Stage,59,"May 15, 2026","Bharat Ratna Shri Atal Bihari Vajpayee Ekana Cricket Stadium, Lucknow",CSK,LSG,1,1.6,Sanju Samson,Akash Singh,0,0,0,0,0,0,,,
202659,2026,Group Stage,59,"May 15, 2026","Bharat Ratna Shri Atal Bihari Vajpayee Ekana Cricket Stadium, Lucknow",CSK,LSG,1,2.1,Ruturaj Gaikwad,Mohammed Shami,1,0,0,0,0,0,,,
202659,2026,Group Stage,59,"May 15, 2026","Bharat Ratna Shri Atal Bihari Vajpayee Ekana Cricket Stadium, Lucknow",CSK,LSG,1,2.2,Sanju Samson,Mohammed Shami,1,0,0,0,0,0,,,
202659,2026,Group Stage,59,"May 15, 2026","Bharat Ratna Shri Atal Bihari Vajpayee Ekana Cricket Stadium, Lucknow",CSK,LSG,1,2.3,Ruturaj Gaikwad,Mohammed Shami,1,0,0,0,0,0,,,
202659,2026,Group Stage,59,"May 15, 2026","Bharat Ratna Shri Atal Bihari Vajpayee Ekana Cricket Stadium, Lucknow",CSK,LSG,1,2.4,Sanju Samson,Mohammed Shami,2,0,0,0,0,0,,,
202659,2026,Group Stage,59,"May 15, 2026","Bharat Ratna Shri Atal Bihari Vajpayee Ekana Cricket Stadium, Lucknow",CSK,LSG,1,2.5,Sanju Samson,Mohammed Shami,0,0,0,0,0,0,,,
202659,2026,Group Stage,59,"May 15, 2026","Bharat Ratna Shri Atal Bihari Vajpayee Ekana Cricket Stadium, Lucknow",CSK,LSG,1,2.6,Sanju Samson,Mohammed Shami,0,0,0,0,0,0,,,
202659,2026,Group Stage,59,"May 15, 2026","Bharat Ratna Shri Atal Bihari Vajpayee Ekana Cricket Stadium, Lucknow",CSK,LSG,1,3.1,Ruturaj Gaikwad,Akash Singh,1,0,0,0,0,0,,,
202659,2026,Group Stage,59,"May 15, 2026","Bharat Ratna Shri Atal Bihari Vajpayee Ekana Cricket Stadium, Lucknow",CSK,LSG,1,3.2,Sanju Samson,Akash Singh,0,0,0,0,0,0,,,
202659,2026,Group Stage,59,"May 15, 2026","Bharat Ratna Shri Atal Bihari Vajpayee Ekana Cricket Stadium, Lucknow",CSK,LSG,1,3.3,Sanju Samson,Akash Singh,1,0,0,0,0,0,,,
202659,2026,Group Stage,59,"May 15, 2026","Bharat Ratna Shri Atal Bihari Vajpayee Ekana Cricket Stadium, Lucknow",CSK,LSG,1,3.4,Ruturaj Gaikwad,Akash Singh,4,0,0,0,0,0,,,
202659,2026,Group Stage,59,"May 15, 2026","Bharat Ratna Shri Atal Bihari Vajpayee Ekana Cricket Stadium, Lucknow",CSK,LSG,1,3.5,Ruturaj Gaikwad,Akash Singh,0,0,0,0,0,0,caught,Ruturaj Gaikwad,Nicholas Pooran
202659,2026,Group Stage,59,"May 15, 2026","Bharat Ratna Shri Atal Bihari Vajpayee Ekana Cricket Stadium, Lucknow",CSK,LSG,1,3.6,Urvil Patel,Akash Singh,0,0,0,0,0,0,,,
202659,2026,Group Stage,59,"May 15, 2026","Bharat Ratna Shri Atal Bihari Vajpayee Ekana Cricket Stadium, Lucknow",CSK,LSG,1,4.1,Sanju Samson,Prince Yadav,0,0,0,0,0,0,,,
202659,2026,Group Stage,59,"May 15, 2026","Bharat Ratna Shri Atal Bihari Vajpayee Ekana Cricket Stadium, Lucknow",CSK,LSG,1,4.2,Sanju Samson,Prince Yadav,0,0,0,0,0,0,,,
202659,2026,Group Stage,59,"May 15, 2026","Bharat Ratna Shri Atal Bihari Vajpayee Ekana Cricket Stadium, Lucknow",CSK,LSG,1,4.3,Sanju Samson,Prince Yadav,1,0,0,0,0,0,,,
202659,2026,Group Stage,59,"May 15, 2026","Bharat Ratna Shri Atal Bihari Vajpayee Ekana Cricket Stadium, Lucknow",CSK,LSG,1,4.4,Urvil Patel,Prince Yadav,2,0,0,0,0,0,,,
202659,2026,Group Stage,59,"May 15, 2026","Bharat Ratna Shri Atal Bihari Vajpayee Ekana Cricket Stadium, Lucknow",CSK,LSG,1,4.5,Urvil Patel,Prince Yadav,0,0,0,0,0,0,,,
202659,2026,Group Stage,59,"May 15, 2026","Bharat Ratna Shri Atal Bihari Vajpayee Ekana Cricket Stadium, Lucknow",CSK,LSG,1,4.6,Urvil Patel,Prince Yadav,0,0,0,0,0,0,,,
202659,2026,Group Stage,59,"May 15, 2026","Bharat Ratna Shri Atal Bihari Vajpayee Ekana Cricket Stadium, Lucknow",CSK,LSG,1,5.1,Sanju Samson,Akash Singh,2,0,0,0,0,0,,,
202659,2026,Group Stage,59,"May 15, 2026","Bharat Ratna Shri Atal Bihari Vajpayee Ekana Cricket Stadium, Lucknow",CSK,LSG,1,5.2,Sanju Samson,Akash Singh,0,0,0,0,0,0,,,
202659,2026,Group Stage,59,"May 15, 2026","Bharat Ratna Shri Atal Bihari Vajpayee Ekana Cricket Stadium, Lucknow",CSK,LSG,1,5.3,Sanju Samson,Akash Singh,0,0,0,0,0,0,caught,Sanju Samson,Mukul Choudhary
202659,2026,Group Stage,59,"May 15, 2026","Bharat Ratna Shri Atal Bihari Vajpayee Ekana Cricket Stadium, Lucknow",CSK,LSG,1,5.4,Kartik Sharma,Akash Singh,0,0,0,0,0,0,,,
202659,2026,Group Stage,59,"May 15, 2026","Bharat Ratna Shri Atal Bihari Vajpayee Ekana Cricket Stadium, Lucknow",CSK,LSG,1,5.5,Kartik Sharma,Akash Singh,1,0,0,0,0,0,,,
202659,2026,Group Stage,59,"May 15, 2026","Bharat Ratna Shri Atal Bihari Vajpayee Ekana Cricket Stadium, Lucknow",CSK,LSG,1,5.6,Urvil Patel,Akash Singh,0,0,0,0,0,0,,,
202659,2026,Group Stage,59,"May 15, 2026","Bharat Ratna Shri Atal Bihari Vajpayee Ekana Cricket Stadium, Lucknow",CSK,LSG,1,6.1,Kartik Sharma,Mayank Yadav,0,0,0,0,0,0,,,
202659,2026,Group Stage,59,"May 15, 2026","Bharat Ratna Shri Atal Bihari Vajpayee Ekana Cricket Stadium, Lucknow",CSK,LSG,1,6.1,Kartik Sharma,Mayank Yadav,0,1,1,0,0,0,,,
202659,2026,Group Stage,59,"May 15, 2026","Bharat Ratna Shri Atal Bihari Vajpayee Ekana Cricket Stadium, Lucknow",CSK,LSG,1,6.2,Kartik Sharma,Mayank Yadav,4,0,0,0,0,0,,,
202659,2026,Group Stage,59,"May 15, 2026","Bharat Ratna Shri Atal Bihari Vajpayee Ekana Cricket Stadium, Lucknow",CSK,LSG,1,6.3,Kartik Sharma,Mayank Yadav,2,0,0,0,0,0,,,
202659,2026,Group Stage,59,"May 15, 2026","Bharat Ratna Shri Atal Bihari Vajpayee Ekana Cricket Stadium, Lucknow",CSK,LSG,1,6.4,Kartik Sharma,Mayank Yadav,0,0,0,0,0,0,,,
202659,2026,Group Stage,59,"May 15, 2026","Bharat Ratna Shri Atal Bihari Vajpayee Ekana Cricket Stadium, Lucknow",CSK,LSG,1,6.5,Kartik Sharma,Mayank Yadav,1,0,0,0,0,0,,,
202659,2026,Group Stage,59,"May 15, 2026","Bharat Ratna Shri Atal Bihari Vajpayee Ekana Cricket Stadium, Lucknow",CSK,LSG,1,6.6,Urvil Patel,Mayank Yadav,0,1,1,0,0,0,,,
202659,2026,Group Stage,59,"May 15, 2026","Bharat Ratna Shri Atal Bihari Vajpayee Ekana Cricket Stadium, Lucknow",CSK,LSG,1,6.6,Urvil Patel,Mayank Yadav,4,0,0,0,0,0,,,
202659,2026,Group Stage,59,"May 15, 2026","Bharat Ratna Shri Atal Bihari Vajpayee Ekana Cricket Stadium, Lucknow",CSK,LSG,1,7.1,Kartik Sharma,Akash Singh,1,0,0,0,0,0,,,
202659,2026,Group Stage,59,"May 15, 2026","Bharat Ratna Shri Atal Bihari Vajpayee Ekana Cricket Stadium, Lucknow",CSK,LSG,1,7.2,Urvil Patel,Akash Singh,0,0,0,0,0,0,caught,Urvil Patel,Mitchell Marsh
202659,2026,Group Stage,59,"May 15, 2026","Bharat Ratna Shri Atal Bihari Vajpayee Ekana Cricket Stadium, Lucknow",CSK,LSG,1,7.3,Dewald Brevis,Akash Singh,6,0,0,0,0,0,,,
202659,2026,Group Stage,59,"May 15, 2026","Bharat Ratna Shri Atal Bihari Vajpayee Ekana Cricket Stadium, Lucknow",CSK,LSG,1,7.4,Dewald Brevis,Akash Singh,0,0,0,0,0,0,,,
202659,2026,Group Stage,59,"May 15, 2026","Bharat Ratna Shri Atal Bihari Vajpayee Ekana Cricket Stadium, Lucknow",CSK,LSG,1,7.4,Dewald Brevis,Akash Singh,0,1,1,0,0,0,,,
202659,2026,Group Stage,59,"May 15, 2026","Bharat Ratna Shri Atal Bihari Vajpayee Ekana Cricket Stadium, Lucknow",CSK,LSG,1,7.5,Dewald Brevis,Akash Singh,1,0,0,0,0,0,,,
202659,2026,Group Stage,59,"May 15, 2026","Bharat Ratna Shri Atal Bihari Vajpayee Ekana Cricket Stadium, Lucknow",CSK,LSG,1,7.6,Kartik Sharma,Akash Singh,1,0,0,0,0,0,,,
202659,2026,Group Stage,59,"May 15, 2026","Bharat Ratna Shri Atal Bihari Vajpayee Ekana Cricket Stadium, Lucknow",CSK,LSG,1,8.1,Kartik Sharma,Shahbaz Ahmed,1,0,0,0,0,0,,,
202659,2026,Group Stage,59,"May 15, 2026","Bharat Ratna Shri Atal Bihari Vajpayee Ekana Cricket Stadium, Lucknow",CSK,LSG,1,8.2,Dewald Brevis,Shahbaz Ahmed,1,0,0,0,0,0,,,
202659,2026,Group Stage,59,"May 15, 2026","Bharat Ratna Shri Atal Bihari Vajpayee Ekana Cricket Stadium, Lucknow",CSK,LSG,1,8.3,Kartik Sharma,Shahbaz Ahmed,0,0,0,0,0,0,,,
202659,2026,Group Stage,59,"May 15, 2026","Bharat Ratna Shri Atal Bihari Vajpayee Ekana Cricket Stadium, Lucknow",CSK,LSG,1,8.4,Kartik Sharma,Shahbaz Ahmed,0,0,0,0,0,0,,,
202659,2026,Group Stage,59,"May 15, 2026","Bharat Ratna Shri Atal Bihari Vajpayee Ekana Cricket Stadium, Lucknow",CSK,LSG,1,8.5,Kartik Sharma,Shahbaz Ahmed,6,0,0,0,0,0,,,
202659,2026,Group Stage,59,"May 15, 2026","Bharat Ratna Shri Atal Bihari Vajpayee Ekana Cricket Stadium, Lucknow",CSK,LSG,1,8.6,Kartik Sharma,Shahbaz Ahmed,0,0,0,0,0,0,,,
202659,2026,Group Stage,59,"May 15, 2026","Bharat Ratna Shri Atal Bihari Vajpayee Ekana Cricket Stadium, Lucknow",CSK,LSG,1,9.1,Dewald Brevis,Mayank Yadav,1,0,0,0,0,0,,,
202659,2026,Group Stage,59,"May 15, 2026","Bharat Ratna Shri Atal Bihari Vajpayee Ekana Cricket Stadium, Lucknow",CSK,LSG,1,9.2,Kartik Sharma,Mayank Yadav,0,0,0,0,0,0,,,
202659,2026,Group Stage,59,"May 15, 2026","Bharat Ratna Shri Atal Bihari Vajpayee Ekana Cricket Stadium, Lucknow",CSK,LSG,1,9.3,Kartik Sharma,Mayank Yadav,0,0,0,0,0,0,,,
202659,2026,Group Stage,59,"May 15, 2026","Bharat Ratna Shri Atal Bihari Vajpayee Ekana Cricket Stadium, Lucknow",CSK,LSG,1,9.4,Kartik Sharma,Mayank Yadav,0,0,0,0,0,0,,,
202659,2026,Group Stage,59,"May 15, 2026","Bharat Ratna Shri Atal Bihari Vajpayee Ekana Cricket Stadium, Lucknow",CSK,LSG,1,9.5,Kartik Sharma,Mayank Yadav,1,0,0,0,0,0,,,
202659,2026,Group Stage,59,"May 15, 2026","Bharat Ratna Shri Atal Bihari Vajpayee Ekana Cricket Stadium, Lucknow",CSK,LSG,1,9.6,Dewald Brevis,Mayank Yadav,0,0,0,0,0,0,,,
202659,2026,Group Stage,59,"May 15, 2026","Bharat Ratna Shri Atal Bihari Vajpayee Ekana Cricket Stadium, Lucknow",CSK,LSG,1,10.1,Kartik Sharma,Shahbaz Ahmed,4,0,0,0,0,0,,,
202659,2026,Group Stage,59,"May 15, 2026","Bharat Ratna Shri Atal Bihari Vajpayee Ekana Cricket Stadium, Lucknow",CSK,LSG,1,10.2,Kartik Sharma,Shahbaz Ahmed,1,0,0,0,0,0,,,
202659,2026,Group Stage,59,"May 15, 2026","Bharat Ratna Shri Atal Bihari Vajpayee Ekana Cricket Stadium, Lucknow",CSK,LSG,1,10.3,Dewald Brevis,Shahbaz Ahmed,2,0,0,0,0,0,,,
202659,2026,Group Stage,59,"May 15, 2026","Bharat Ratna Shri Atal Bihari Vajpayee Ekana Cricket Stadium, Lucknow",CSK,LSG,1,10.4,Dewald Brevis,Shahbaz Ahmed,1,0,0,0,0,0,,,
202659,2026,Group Stage,59,"May 15, 2026","Bharat Ratna Shri Atal Bihari Vajpayee Ekana Cricket Stadium, Lucknow",CSK,LSG,1,10.5,Kartik Sharma,Shahbaz Ahmed,1,0,0,0,0,0,,,
202659,2026,Group Stage,59,"May 15, 2026","Bharat Ratna Shri Atal Bihari Vajpayee Ekana Cricket Stadium, Lucknow",CSK,LSG,1,10.6,Dewald Brevis,Shahbaz Ahmed,6,0,0,0,0,0,,,
202659,2026,Group Stage,59,"May 15, 2026","Bharat Ratna Shri Atal Bihari Vajpayee Ekana Cricket Stadium, Lucknow",CSK,LSG,1,11.1,Kartik Sharma,Mayank Yadav,0,0,0,0,0,0,,,
202659,2026,Group Stage,59,"May 15, 2026","Bharat Ratna Shri Atal Bihari Vajpayee Ekana Cricket Stadium, Lucknow",CSK,LSG,1,11.2,Kartik Sharma,Mayank Yadav,4,0,0,0,0,0,,,
202659,2026,Group Stage,59,"May 15, 2026","Bharat Ratna Shri Atal Bihari Vajpayee Ekana Cricket Stadium, Lucknow",CSK,LSG,1,11.3,Kartik Sharma,Mayank Yadav,0,0,0,0,0,0,,,
202659,2026,Group Stage,59,"May 15, 2026","Bharat Ratna Shri Atal Bihari Vajpayee Ekana Cricket Stadium, Lucknow",CSK,LSG,1,11.4,Kartik Sharma,Mayank Yadav,0,0,0,0,0,0,,,
202659,2026,Group Stage,59,"May 15, 2026","Bharat Ratna Shri Atal Bihari Vajpayee Ekana Cricket Stadium, Lucknow",CSK,LSG,1,11.5,Kartik Sharma,Mayank Yadav,1,0,0,0,0,0,,,
202659,2026,Group Stage,59,"May 15, 2026","Bharat Ratna Shri Atal Bihari Vajpayee Ekana Cricket Stadium, Lucknow",CSK,LSG,1,11.6,Dewald Brevis,Mayank Yadav,1,0,0,0,0,0,,,
202659,2026,Group Stage,59,"May 15, 2026","Bharat Ratna Shri Atal Bihari Vajpayee Ekana Cricket Stadium, Lucknow",CSK,LSG,1,12.1,Dewald Brevis,Prince Yadav,1,0,0,0,0,0,,,
202659,2026,Group Stage,59,"May 15, 2026","Bharat Ratna Shri Atal Bihari Vajpayee Ekana Cricket Stadium, Lucknow",CSK,LSG,1,12.2,Kartik Sharma,Prince Yadav,1,0,0,0,0,0,,,
202659,2026,Group Stage,59,"May 15, 2026","Bharat Ratna Shri Atal Bihari Vajpayee Ekana Cricket Stadium, Lucknow",CSK,LSG,1,12.3,Dewald Brevis,Prince Yadav,1,0,0,0,0,0,,,
202659,2026,Group Stage,59,"May 15, 2026","Bharat Ratna Shri Atal Bihari Vajpayee Ekana Cricket Stadium, Lucknow",CSK,LSG,1,12.4,Kartik Sharma,Prince Yadav,6,0,0,0,0,0,,,
202659,2026,Group Stage,59,"May 15, 2026","Bharat Ratna Shri Atal Bihari Vajpayee Ekana Cricket Stadium, Lucknow",CSK,LSG,1,12.5,Kartik Sharma,Prince Yadav,6,0,0,0,0,0,,,
202659,2026,Group Stage,59,"May 15, 2026","Bharat Ratna Shri Atal Bihari Vajpayee Ekana Cricket Stadium, Lucknow",CSK,LSG,1,12.6,Kartik Sharma,Prince Yadav,1,0,0,0,0,0,,,
202659,2026,Group Stage,59,"May 15, 2026","Bharat Ratna Shri Atal Bihari Vajpayee Ekana Cricket Stadium, Lucknow",CSK,LSG,1,13.1,Kartik Sharma,Shahbaz Ahmed,1,0,0,0,0,0,,,
202659,2026,Group Stage,59,"May 15, 2026","Bharat Ratna Shri Atal Bihari Vajpayee Ekana Cricket Stadium, Lucknow",CSK,LSG,1,13.2,Dewald Brevis,Shahbaz Ahmed,1,0,0,0,0,0,,,
202659,2026,Group Stage,59,"May 15, 2026","Bharat Ratna Shri Atal Bihari Vajpayee Ekana Cricket Stadium, Lucknow",CSK,LSG,1,13.3,Kartik Sharma,Shahbaz Ahmed,1,0,0,0,0,0,,,
202659,2026,Group Stage,59,"May 15, 2026","Bharat Ratna Shri Atal Bihari Vajpayee Ekana Cricket Stadium, Lucknow",CSK,LSG,1,13.4,Dewald Brevis,Shahbaz Ahmed,1,0,0,0,0,0,,,
202659,2026,Group Stage,59,"May 15, 2026","Bharat Ratna Shri Atal Bihari Vajpayee Ekana Cricket Stadium, Lucknow",CSK,LSG,1,13.5,Kartik Sharma,Shahbaz Ahmed,1,0,0,0,0,0,,,
202659,2026,Group Stage,59,"May 15, 2026","Bharat Ratna Shri Atal Bihari Vajpayee Ekana Cricket Stadium, Lucknow",CSK,LSG,1,13.6,Dewald Brevis,Shahbaz Ahmed,2,0,0,0,0,0,,,
202659,2026,Group Stage,59,"May 15, 2026","Bharat Ratna Shri Atal Bihari Vajpayee Ekana Cricket Stadium, Lucknow",CSK,LSG,1,14.1,Kartik Sharma,Mohammed Shami,0,0,0,0,0,0,,,
202659,2026,Group Stage,59,"May 15, 2026","Bharat Ratna Shri Atal Bihari Vajpayee Ekana Cricket Stadium, Lucknow",CSK,LSG,1,14.2,Kartik Sharma,Mohammed Shami,6,0,0,0,0,0,,,
202659,2026,Group Stage,59,"May 15, 2026","Bharat Ratna Shri Atal Bihari Vajpayee Ekana Cricket Stadium, Lucknow",CSK,LSG,1,14.3,Kartik Sharma,Mohammed Shami,1,0,0,0,0,0,,,
202659,2026,Group Stage,59,"May 15, 2026","Bharat Ratna Shri Atal Bihari Vajpayee Ekana Cricket Stadium, Lucknow",CSK,LSG,1,14.4,Dewald Brevis,Mohammed Shami,0,0,0,0,0,0,caught,Dewald Brevis,Akash Singh
202659,2026,Group Stage,59,"May 15, 2026","Bharat Ratna Shri Atal Bihari Vajpayee Ekana Cricket Stadium, Lucknow",CSK,LSG,1,14.5,Shivam Dube,Mohammed Shami,1,0,0,0,0,0,,,
202659,2026,Group Stage,59,"May 15, 2026","Bharat Ratna Shri Atal Bihari Vajpayee Ekana Cricket Stadium, Lucknow",CSK,LSG,1,14.6,Kartik Sharma,Mohammed Shami,4,0,0,0,0,0,,,
202659,2026,Group Stage,59,"May 15, 2026","Bharat Ratna Shri Atal Bihari Vajpayee Ekana Cricket Stadium, Lucknow",CSK,LSG,1,15.1,Shivam Dube,Shahbaz Ahmed,1,0,0,0,0,0,,,
202659,2026,Group Stage,59,"May 15, 2026","Bharat Ratna Shri Atal Bihari Vajpayee Ekana Cricket Stadium, Lucknow",CSK,LSG,1,15.2,Kartik Sharma,Shahbaz Ahmed,6,0,0,0,0,0,,,
202659,2026,Group Stage,59,"May 15, 2026","Bharat Ratna Shri Atal Bihari Vajpayee Ekana Cricket Stadium, Lucknow",CSK,LSG,1,15.3,Kartik Sharma,Shahbaz Ahmed,4,0,0,0,0,0,,,
202659,2026,Group Stage,59,"May 15, 2026","Bharat Ratna Shri Atal Bihari Vajpayee Ekana Cricket Stadium, Lucknow",CSK,LSG,1,15.4,Kartik Sharma,Shahbaz Ahmed,4,0,0,0,0,0,,,
202659,2026,Group Stage,59,"May 15, 2026","Bharat Ratna Shri Atal Bihari Vajpayee Ekana Cricket Stadium, Lucknow",CSK,LSG,1,15.5,Kartik Sharma,Shahbaz Ahmed,0,0,0,0,0,0,,,
202659,2026,Group Stage,59,"May 15, 2026","Bharat Ratna Shri Atal Bihari Vajpayee Ekana Cricket Stadium, Lucknow",CSK,LSG,1,15.6,Kartik Sharma,Shahbaz Ahmed,0,0,0,0,0,0,caught,Kartik Sharma,
202659,2026,Group Stage,59,"May 15, 2026","Bharat Ratna Shri Atal Bihari Vajpayee Ekana Cricket Stadium, Lucknow",CSK,LSG,1,16.1,Shivam Dube,Prince Yadav,0,0,0,0,0,0,,,
202659,2026,Group Stage,59,"May 15, 2026","Bharat Ratna Shri Atal Bihari Vajpayee Ekana Cricket Stadium, Lucknow",CSK,LSG,1,16.2,Shivam Dube,Prince Yadav,1,0,0,0,0,0,,,
202659,2026,Group Stage,59,"May 15, 2026","Bharat Ratna Shri Atal Bihari Vajpayee Ekana Cricket Stadium, Lucknow",CSK,LSG,1,16.3,Prashant Veer,Prince Yadav,0,0,0,0,0,0,,,
202659,2026,Group Stage,59,"May 15, 2026","Bharat Ratna Shri Atal Bihari Vajpayee Ekana Cricket Stadium, Lucknow",CSK,LSG,1,16.3,Prashant Veer,Prince Yadav,0,1,1,0,0,0,,,
202659,2026,Group Stage,59,"May 15, 2026","Bharat Ratna Shri Atal Bihari Vajpayee Ekana Cricket Stadium, Lucknow",CSK,LSG,1,16.4,Prashant Veer,Prince Yadav,1,0,0,0,0,0,,,
202659,2026,Group Stage,59,"May 15, 2026","Bharat Ratna Shri Atal Bihari Vajpayee Ekana Cricket Stadium, Lucknow",CSK,LSG,1,16.5,Shivam Dube,Prince Yadav,1,0,0,0,0,0,,,
202659,2026,Group Stage,59,"May 15, 2026","Bharat Ratna Shri Atal Bihari Vajpayee Ekana Cricket Stadium, Lucknow",CSK,LSG,1,16.6,Prashant Veer,Prince Yadav,0,1,1,0,0,0,,,
202659,2026,Group Stage,59,"May 15, 2026","Bharat Ratna Shri Atal Bihari Vajpayee Ekana Cricket Stadium, Lucknow",CSK,LSG,1,16.6,Prashant Veer,Prince Yadav,2,0,0,0,0,0,,,
202659,2026,Group Stage,59,"May 15, 2026","Bharat Ratna Shri Atal Bihari Vajpayee Ekana Cricket Stadium, Lucknow",CSK,LSG,1,17.1,Shivam Dube,Mayank Yadav,0,0,0,0,0,0,,,
202659,2026,Group Stage,59,"May 15, 2026","Bharat Ratna Shri Atal Bihari Vajpayee Ekana Cricket Stadium, Lucknow",CSK,LSG,1,17.2,Shivam Dube,Mayank Yadav,0,0,0,0,0,0,,,
202659,2026,Group Stage,59,"May 15, 2026","Bharat Ratna Shri Atal Bihari Vajpayee Ekana Cricket Stadium, Lucknow",CSK,LSG,1,17.3,Shivam Dube,Mayank Yadav,2,0,0,0,0,0,,,
202659,2026,Group Stage,59,"May 15, 2026","Bharat Ratna Shri Atal Bihari Vajpayee Ekana Cricket Stadium, Lucknow",CSK,LSG,1,17.4,Shivam Dube,Mayank Yadav,1,0,0,0,0,0,,,
202659,2026,Group Stage,59,"May 15, 2026","Bharat Ratna Shri Atal Bihari Vajpayee Ekana Cricket Stadium, Lucknow",CSK,LSG,1,17.5,Prashant Veer,Mayank Yadav,1,0,0,0,0,0,,,
202659,2026,Group Stage,59,"May 15, 2026","Bharat Ratna Shri Atal Bihari Vajpayee Ekana Cricket Stadium, Lucknow",CSK,LSG,1,17.6,Shivam Dube,Mayank Yadav,0,0,0,0,0,0,,,
202659,2026,Group Stage,59,"May 15, 2026","Bharat Ratna Shri Atal Bihari Vajpayee Ekana Cricket Stadium, Lucknow",CSK,LSG,1,18.1,Prashant Veer,Mohammed Shami,4,0,0,0,0,0,,,
202659,2026,Group Stage,59,"May 15, 2026","Bharat Ratna Shri Atal Bihari Vajpayee Ekana Cricket Stadium, Lucknow",CSK,LSG,1,18.2,Prashant Veer,Mohammed Shami,0,0,0,0,0,0,,,
202659,2026,Group Stage,59,"May 15, 2026","Bharat Ratna Shri Atal Bihari Vajpayee Ekana Cricket Stadium, Lucknow",CSK,LSG,1,18.3,Prashant Veer,Mohammed Shami,1,0,0,0,0,0,,,
202659,2026,Group Stage,59,"May 15, 2026","Bharat Ratna Shri Atal Bihari Vajpayee Ekana Cricket Stadium, Lucknow",CSK,LSG,1,18.4,Shivam Dube,Mohammed Shami,4,0,0,0,0,0,,,
202659,2026,Group Stage,59,"May 15, 2026","Bharat Ratna Shri Atal Bihari Vajpayee Ekana Cricket Stadium, Lucknow",CSK,LSG,1,18.5,Shivam Dube,Mohammed Shami,1,0,0,0,0,0,,,
202659,2026,Group Stage,59,"May 15, 2026","Bharat Ratna Shri Atal Bihari Vajpayee Ekana Cricket Stadium, Lucknow",CSK,LSG,1,18.6,Prashant Veer,Mohammed Shami,1,0,0,0,0,0,,,
202659,2026,Group Stage,59,"May 15, 2026","Bharat Ratna Shri Atal Bihari Vajpayee Ekana Cricket Stadium, Lucknow",CSK,LSG,1,19.1,Prashant Veer,Prince Yadav,2,0,0,0,0,0,,,
202659,2026,Group Stage,59,"May 15, 2026","Bharat Ratna Shri Atal Bihari Vajpayee Ekana Cricket Stadium, Lucknow",CSK,LSG,1,19.2,Prashant Veer,Prince Yadav,1,0,0,0,0,0,,,
202659,2026,Group Stage,59,"May 15, 2026","Bharat Ratna Shri Atal Bihari Vajpayee Ekana Cricket Stadium, Lucknow",CSK,LSG,1,19.3,Shivam Dube,Prince Yadav,6,0,0,0,0,0,,,
202659,2026,Group Stage,59,"May 15, 2026","Bharat Ratna Shri Atal Bihari Vajpayee Ekana Cricket Stadium, Lucknow",CSK,LSG,1,19.4,Shivam Dube,Prince Yadav,4,0,0,0,0,0,,,
202659,2026,Group Stage,59,"May 15, 2026","Bharat Ratna Shri Atal Bihari Vajpayee Ekana Cricket Stadium, Lucknow",CSK,LSG,1,19.5,Shivam Dube,Prince Yadav,4,0,0,0,0,0,,,
202659,2026,Group Stage,59,"May 15, 2026","Bharat Ratna Shri Atal Bihari Vajpayee Ekana Cricket Stadium, Lucknow",CSK,LSG,1,19.6,Shivam Dube,Prince Yadav,6,0,0,0,0,0,,,
202663,2026,Group Stage,63,"May 18, 2026","MA Chidambaram Stadium, Chennai",CSK,SRH,1,0.1,Sanju Samson,Nitish Reddy,0,1,0,0,0,1,,,
202663,2026,Group Stage,63,"May 18, 2026","MA Chidambaram Stadium, Chennai",CSK,SRH,1,0.1,Sanju Samson,Nitish Reddy,6,0,0,0,0,0,,,
202663,2026,Group Stage,63,"May 18, 2026","MA Chidambaram Stadium, Chennai",CSK,SRH,1,0.2,Sanju Samson,Nitish Reddy,4,0,0,0,0,0,,,
202663,2026,Group Stage,63,"May 18, 2026","MA Chidambaram Stadium, Chennai",CSK,SRH,1,0.3,Sanju Samson,Nitish Reddy,0,0,0,0,0,0,,,
202663,2026,Group Stage,63,"May 18, 2026","MA Chidambaram Stadium, Chennai",CSK,SRH,1,0.4,Sanju Samson,Nitish Reddy,1,0,0,0,0,0,,,
202663,2026,Group Stage,63,"May 18, 2026","MA Chidambaram Stadium, Chennai",CSK,SRH,1,0.5,Ruturaj Gaikwad,Nitish Reddy,1,0,0,0,0,0,,,
202663,2026,Group Stage,63,"May 18, 2026","MA Chidambaram Stadium, Chennai",CSK,SRH,1,0.6,Sanju Samson,Nitish Reddy,4,0,0,0,0,0,,,
202663,2026,Group Stage,63,"May 18, 2026","MA Chidambaram Stadium, Chennai",CSK,SRH,1,1.1,Ruturaj Gaikwad,Praful Hinge,1,0,0,0,0,0,,,
202663,2026,Group Stage,63,"May 18, 2026","MA Chidambaram Stadium, Chennai",CSK,SRH,1,1.2,Sanju Samson,Praful Hinge,0,0,0,0,0,0,,,
202663,2026,Group Stage,63,"May 18, 2026","MA Chidambaram Stadium, Chennai",CSK,SRH,1,1.3,Sanju Samson,Praful Hinge,0,0,0,0,0,0,,,
202663,2026,Group Stage,63,"May 18, 2026","MA Chidambaram Stadium, Chennai",CSK,SRH,1,1.4,Sanju Samson,Praful Hinge,4,0,0,0,0,0,,,
202663,2026,Group Stage,63,"May 18, 2026","MA Chidambaram Stadium, Chennai",CSK,SRH,1,1.5,Sanju Samson,Praful Hinge,4,0,0,0,0,0,,,
202663,2026,Group Stage,63,"May 18, 2026","MA Chidambaram Stadium, Chennai",CSK,SRH,1,1.6,Sanju Samson,Praful Hinge,4,0,0,0,0,0,,,
202663,2026,Group Stage,63,"May 18, 2026","MA Chidambaram Stadium, Chennai",CSK,SRH,1,2.1,Ruturaj Gaikwad,Pat Cummins,1,0,0,0,0,0,,,
202663,2026,Group Stage,63,"May 18, 2026","MA Chidambaram Stadium, Chennai",CSK,SRH,1,2.2,Sanju Samson,Pat Cummins,0,0,0,0,0,0,,,
202663,2026,Group Stage,63,"May 18, 2026","MA Chidambaram Stadium, Chennai",CSK,SRH,1,2.3,Sanju Samson,Pat Cummins,0,0,0,0,0,0,caught,Sanju Samson,Ishan Kishan
202663,2026,Group Stage,63,"May 18, 2026","MA Chidambaram Stadium, Chennai",CSK,SRH,1,2.4,Urvil Patel,Pat Cummins,0,0,0,0,0,0,,,
202663,2026,Group Stage,63,"May 18, 2026","MA Chidambaram Stadium, Chennai",CSK,SRH,1,2.5,Urvil Patel,Pat Cummins,6,0,0,0,0,0,,,
202663,2026,Group Stage,63,"May 18, 2026","MA Chidambaram Stadium, Chennai",CSK,SRH,1,2.6,Urvil Patel,Pat Cummins,6,0,0,0,0,0,,,
202663,2026,Group Stage,63,"May 18, 2026","MA Chidambaram Stadium, Chennai",CSK,SRH,1,3.1,Ruturaj Gaikwad,Eshan Malinga,0,0,0,0,0,0,,,
202663,2026,Group Stage,63,"May 18, 2026","MA Chidambaram Stadium, Chennai",CSK,SRH,1,3.2,Ruturaj Gaikwad,Eshan Malinga,1,0,0,0,0,0,,,
202663,2026,Group Stage,63,"May 18, 2026","MA Chidambaram Stadium, Chennai",CSK,SRH,1,3.3,Urvil Patel,Eshan Malinga,1,0,0,0,0,0,,,
202663,2026,Group Stage,63,"May 18, 2026","MA Chidambaram Stadium, Chennai",CSK,SRH,1,3.4,Ruturaj Gaikwad,Eshan Malinga,1,0,0,0,0,0,,,
202663,2026,Group Stage,63,"May 18, 2026","MA Chidambaram Stadium, Chennai",CSK,SRH,1,3.5,Urvil Patel,Eshan Malinga,0,0,0,0,0,0,,,
202663,2026,Group Stage,63,"May 18, 2026","MA Chidambaram Stadium, Chennai",CSK,SRH,1,3.6,Urvil Patel,Eshan Malinga,0,0,0,0,0,0,,,
202663,2026,Group Stage,63,"May 18, 2026","MA Chidambaram Stadium, Chennai",CSK,SRH,1,4.1,Ruturaj Gaikwad,Sakib Hussain,1,0,0,0,0,0,,,
202663,2026,Group Stage,63,"May 18, 2026","MA Chidambaram Stadium, Chennai",CSK,SRH,1,4.2,Urvil Patel,Sakib Hussain,0,0,0,0,0,0,,,
202663,2026,Group Stage,63,"May 18, 2026","MA Chidambaram Stadium, Chennai",CSK,SRH,1,4.2,Urvil Patel,Sakib Hussain,0,1,1,0,0,0,,,
202663,2026,Group Stage,63,"May 18, 2026","MA Chidambaram Stadium, Chennai",CSK,SRH,1,4.3,Urvil Patel,Sakib Hussain,0,0,0,0,0,0,bowled,Urvil Patel,
202663,2026,Group Stage,63,"May 18, 2026","MA Chidambaram Stadium, Chennai",CSK,SRH,1,4.4,Kartik Sharma,Sakib Hussain,0,0,0,0,0,0,,,
202663,2026,Group Stage,63,"May 18, 2026","MA Chidambaram Stadium, Chennai",CSK,SRH,1,4.5,Kartik Sharma,Sakib Hussain,0,0,0,0,0,0,,,
202663,2026,Group Stage,63,"May 18, 2026","MA Chidambaram Stadium, Chennai",CSK,SRH,1,4.6,Kartik Sharma,Sakib Hussain,4,0,0,0,0,0,,,
202663,2026,Group Stage,63,"May 18, 2026","MA Chidambaram Stadium, Chennai",CSK,SRH,1,5.1,Ruturaj Gaikwad,Eshan Malinga,1,0,0,0,0,0,,,
202663,2026,Group Stage,63,"May 18, 2026","MA Chidambaram Stadium, Chennai",CSK,SRH,1,5.2,Kartik Sharma,Eshan Malinga,1,0,0,0,0,0,,,
202663,2026,Group Stage,63,"May 18, 2026","MA Chidambaram Stadium, Chennai",CSK,SRH,1,5.3,Ruturaj Gaikwad,Eshan Malinga,1,0,0,0,0,0,,,
202663,2026,Group Stage,63,"May 18, 2026","MA Chidambaram Stadium, Chennai",CSK,SRH,1,5.4,Kartik Sharma,Eshan Malinga,1,0,0,0,0,0,,,
202663,2026,Group Stage,63,"May 18, 2026","MA Chidambaram Stadium, Chennai",CSK,SRH,1,5.5,Ruturaj Gaikwad,Eshan Malinga,0,0,0,0,0,0,,,
202663,2026,Group Stage,63,"May 18, 2026","MA Chidambaram Stadium, Chennai",CSK,SRH,1,5.6,Ruturaj Gaikwad,Eshan Malinga,1,0,0,0,0,0,,,
202663,2026,Group Stage,63,"May 18, 2026","MA Chidambaram Stadium, Chennai",CSK,SRH,1,6.1,Ruturaj Gaikwad,Shivang Kumar,1,0,0,0,0,0,,,
202663,2026,Group Stage,63,"May 18, 2026","MA Chidambaram Stadium, Chennai",CSK,SRH,1,6.2,Kartik Sharma,Shivang Kumar,1,0,0,0,0,0,,,
202663,2026,Group Stage,63,"May 18, 2026","MA Chidambaram Stadium, Chennai",CSK,SRH,1,6.3,Ruturaj Gaikwad,Shivang Kumar,1,0,0,0,0,0,,,
202663,2026,Group Stage,63,"May 18, 2026","MA Chidambaram Stadium, Chennai",CSK,SRH,1,6.4,Kartik Sharma,Shivang Kumar,1,0,0,0,0,0,,,
202663,2026,Group Stage,63,"May 18, 2026","MA Chidambaram Stadium, Chennai",CSK,SRH,1,6.5,Ruturaj Gaikwad,Shivang Kumar,1,0,0,0,0,0,,,
202663,2026,Group Stage,63,"May 18, 2026","MA Chidambaram Stadium, Chennai",CSK,SRH,1,6.6,Kartik Sharma,Shivang Kumar,1,0,0,0,0,0,,,
202663,2026,Group Stage,63,"May 18, 2026","MA Chidambaram Stadium, Chennai",CSK,SRH,1,7.1,Kartik Sharma,Praful Hinge,4,0,0,0,0,0,,,
202663,2026,Group Stage,63,"May 18, 2026","MA Chidambaram Stadium, Chennai",CSK,SRH,1,7.2,Kartik Sharma,Praful Hinge,6,0,0,0,0,0,,,
202663,2026,Group Stage,63,"May 18, 2026","MA Chidambaram Stadium, Chennai",CSK,SRH,1,7.3,Kartik Sharma,Praful Hinge,4,0,0,0,0,0,,,
202663,2026,Group Stage,63,"May 18, 2026","MA Chidambaram Stadium, Chennai",CSK,SRH,1,7.4,Kartik Sharma,Praful Hinge,0,0,0,0,0,0,,,
202663,2026,Group Stage,63,"May 18, 2026","MA Chidambaram Stadium, Chennai",CSK,SRH,1,7.5,Kartik Sharma,Praful Hinge,1,0,0,0,0,0,,,
202663,2026,Group Stage,63,"May 18, 2026","MA Chidambaram Stadium, Chennai",CSK,SRH,1,7.6,Ruturaj Gaikwad,Praful Hinge,0,0,0,0,0,0,,,
202663,2026,Group Stage,63,"May 18, 2026","MA Chidambaram Stadium, Chennai",CSK,SRH,1,7.6,Ruturaj Gaikwad,Praful Hinge,0,1,1,0,0,0,,,
202663,2026,Group Stage,63,"May 18, 2026","MA Chidambaram Stadium, Chennai",CSK,SRH,1,8.1,Kartik Sharma,Shivang Kumar,6,0,0,0,0,0,,,
202663,2026,Group Stage,63,"May 18, 2026","MA Chidambaram Stadium, Chennai",CSK,SRH,1,8.2,Kartik Sharma,Shivang Kumar,1,0,0,0,0,0,,,
202663,2026,Group Stage,63,"May 18, 2026","MA Chidambaram Stadium, Chennai",CSK,SRH,1,8.3,Ruturaj Gaikwad,Shivang Kumar,0,0,0,0,0,0,,,
202663,2026,Group Stage,63,"May 18, 2026","MA Chidambaram Stadium, Chennai",CSK,SRH,1,8.4,Ruturaj Gaikwad,Shivang Kumar,1,0,0,0,0,0,,,
202663,2026,Group Stage,63,"May 18, 2026","MA Chidambaram Stadium, Chennai",CSK,SRH,1,8.5,Kartik Sharma,Shivang Kumar,1,0,0,0,0,0,,,
202663,2026,Group Stage,63,"May 18, 2026","MA Chidambaram Stadium, Chennai",CSK,SRH,1,8.6,Ruturaj Gaikwad,Shivang Kumar,1,0,0,0,0,0,,,
202663,2026,Group Stage,63,"May 18, 2026","MA Chidambaram Stadium, Chennai",CSK,SRH,1,9.1,Ruturaj Gaikwad,Pat Cummins,1,0,0,0,0,0,,,
202663,2026,Group Stage,63,"May 18, 2026","MA Chidambaram Stadium, Chennai",CSK,SRH,1,9.2,Kartik Sharma,Pat Cummins,0,0,0,0,0,0,,,
202663,2026,Group Stage,63,"May 18, 2026","MA Chidambaram Stadium, Chennai",CSK,SRH,1,9.3,Kartik Sharma,Pat Cummins,0,0,0,0,0,0,,,
202663,2026,Group Stage,63,"May 18, 2026","MA Chidambaram Stadium, Chennai",CSK,SRH,1,9.4,Kartik Sharma,Pat Cummins,0,0,0,0,0,0,caught,Kartik Sharma,Nitish Reddy
202663,2026,Group Stage,63,"May 18, 2026","MA Chidambaram Stadium, Chennai",CSK,SRH,1,9.5,Dewald Brevis,Pat Cummins,0,0,0,0,0,0,,,
202663,2026,Group Stage,63,"May 18, 2026","MA Chidambaram Stadium, Chennai",CSK,SRH,1,9.6,Dewald Brevis,Pat Cummins,1,0,0,0,0,0,,,
202663,2026,Group Stage,63,"May 18, 2026","MA Chidambaram Stadium, Chennai",CSK,SRH,1,10.1,Dewald Brevis,Sakib Hussain,0,0,0,0,0,0,,,
202663,2026,Group Stage,63,"May 18, 2026","MA Chidambaram Stadium, Chennai",CSK,SRH,1,10.2,Dewald Brevis,Sakib Hussain,0,0,0,0,0,0,,,
202663,2026,Group Stage,63,"May 18, 2026","MA Chidambaram Stadium, Chennai",CSK,SRH,1,10.3,Dewald Brevis,Sakib Hussain,6,0,0,0,0,0,,,
202663,2026,Group Stage,63,"May 18, 2026","MA Chidambaram Stadium, Chennai",CSK,SRH,1,10.4,Dewald Brevis,Sakib Hussain,0,0,0,0,0,0,,,
202663,2026,Group Stage,63,"May 18, 2026","MA Chidambaram Stadium, Chennai",CSK,SRH,1,10.4,Dewald Brevis,Sakib Hussain,0,1,1,0,0,0,,,
202663,2026,Group Stage,63,"May 18, 2026","MA Chidambaram Stadium, Chennai",CSK,SRH,1,10.5,Dewald Brevis,Sakib Hussain,0,0,0,0,0,0,,,
202663,2026,Group Stage,63,"May 18, 2026","MA Chidambaram Stadium, Chennai",CSK,SRH,1,10.6,Dewald Brevis,Sakib Hussain,1,0,0,0,0,0,,,
202663,2026,Group Stage,63,"May 18, 2026","MA Chidambaram Stadium, Chennai",CSK,SRH,1,11.1,Dewald Brevis,Pat Cummins,1,0,0,0,0,0,,,
202663,2026,Group Stage,63,"May 18, 2026","MA Chidambaram Stadium, Chennai",CSK,SRH,1,11.2,Ruturaj Gaikwad,Pat Cummins,0,0,0,0,0,0,,,
202663,2026,Group Stage,63,"May 18, 2026","MA Chidambaram Stadium, Chennai",CSK,SRH,1,11.3,Ruturaj Gaikwad,Pat Cummins,0,0,0,0,0,0,caught,Ruturaj Gaikwad,Eshan Malinga
202663,2026,Group Stage,63,"May 18, 2026","MA Chidambaram Stadium, Chennai",CSK,SRH,1,11.4,Shivam Dube,Pat Cummins,0,0,0,0,0,0,,,
202663,2026,Group Stage,63,"May 18, 2026","MA Chidambaram Stadium, Chennai",CSK,SRH,1,11.5,Shivam Dube,Pat Cummins,0,0,0,0,0,0,,,
202663,2026,Group Stage,63,"May 18, 2026","MA Chidambaram Stadium, Chennai",CSK,SRH,1,11.6,Shivam Dube,Pat Cummins,0,0,0,0,0,0,,,
202663,2026,Group Stage,63,"May 18, 2026","MA Chidambaram Stadium, Chennai",CSK,SRH,1,12.1,Dewald Brevis,Shivang Kumar,1,0,0,0,0,0,,,
202663,2026,Group Stage,63,"May 18, 2026","MA Chidambaram Stadium, Chennai",CSK,SRH,1,12.2,Shivam Dube,Shivang Kumar,1,0,0,0,0,0,,,
202663,2026,Group Stage,63,"May 18, 2026","MA Chidambaram Stadium, Chennai",CSK,SRH,1,12.3,Dewald Brevis,Shivang Kumar,0,0,0,0,0,0,,,
202663,2026,Group Stage,63,"May 18, 2026","MA Chidambaram Stadium, Chennai",CSK,SRH,1,12.4,Dewald Brevis,Shivang Kumar,1,0,0,0,0,0,,,
202663,2026,Group Stage,63,"May 18, 2026","MA Chidambaram Stadium, Chennai",CSK,SRH,1,12.5,Shivam Dube,Shivang Kumar,1,0,0,0,0,0,,,
202663,2026,Group Stage,63,"May 18, 2026","MA Chidambaram Stadium, Chennai",CSK,SRH,1,12.6,Dewald Brevis,Shivang Kumar,0,0,0,0,0,0,,,
202663,2026,Group Stage,63,"May 18, 2026","MA Chidambaram Stadium, Chennai",CSK,SRH,1,13.1,Shivam Dube,Nitish Reddy,0,1,1,0,0,0,,,
202663,2026,Group Stage,63,"May 18, 2026","MA Chidambaram Stadium, Chennai",CSK,SRH,1,13.1,Shivam Dube,Nitish Reddy,4,0,0,0,0,0,,,
202663,2026,Group Stage,63,"May 18, 2026","MA Chidambaram Stadium, Chennai",CSK,SRH,1,13.2,Shivam Dube,Nitish Reddy,1,0,0,0,0,0,,,
202663,2026,Group Stage,63,"May 18, 2026","MA Chidambaram Stadium, Chennai",CSK,SRH,1,13.3,Dewald Brevis,Nitish Reddy,4,0,0,0,0,0,,,
202663,2026,Group Stage,63,"May 18, 2026","MA Chidambaram Stadium, Chennai",CSK,SRH,1,13.4,Dewald Brevis,Nitish Reddy,6,0,0,0,0,0,,,
202663,2026,Group Stage,63,"May 18, 2026","MA Chidambaram Stadium, Chennai",CSK,SRH,1,13.5,Dewald Brevis,Nitish Reddy,1,0,0,0,0,0,,,
202663,2026,Group Stage,63,"May 18, 2026","MA Chidambaram Stadium, Chennai",CSK,SRH,1,13.6,Shivam Dube,Nitish Reddy,1,0,0,0,0,0,,,
202663,2026,Group Stage,63,"May 18, 2026","MA Chidambaram Stadium, Chennai",CSK,SRH,1,14.1,Shivam Dube,Eshan Malinga,1,0,0,0,0,0,,,
202663,2026,Group Stage,63,"May 18, 2026","MA Chidambaram Stadium, Chennai",CSK,SRH,1,14.2,Dewald Brevis,Eshan Malinga,1,0,0,0,0,0,,,
202663,2026,Group Stage,63,"May 18, 2026","MA Chidambaram Stadium, Chennai",CSK,SRH,1,14.3,Shivam Dube,Eshan Malinga,0,0,0,0,0,0,,,
202663,2026,Group Stage,63,"May 18, 2026","MA Chidambaram Stadium, Chennai",CSK,SRH,1,14.4,Shivam Dube,Eshan Malinga,6,0,0,0,0,0,,,
202663,2026,Group Stage,63,"May 18, 2026","MA Chidambaram Stadium, Chennai",CSK,SRH,1,14.5,Shivam Dube,Eshan Malinga,1,0,0,0,0,0,,,
202663,2026,Group Stage,63,"May 18, 2026","MA Chidambaram Stadium, Chennai",CSK,SRH,1,14.6,Dewald Brevis,Eshan Malinga,1,0,0,0,0,0,,,
202663,2026,Group Stage,63,"May 18, 2026","MA Chidambaram Stadium, Chennai",CSK,SRH,1,15.1,Dewald Brevis,Pat Cummins,6,0,0,0,0,0,,,
202663,2026,Group Stage,63,"May 18, 2026","MA Chidambaram Stadium, Chennai",CSK,SRH,1,15.2,Dewald Brevis,Pat Cummins,4,0,0,0,0,0,,,
202663,2026,Group Stage,63,"May 18, 2026","MA Chidambaram Stadium, Chennai",CSK,SRH,1,15.3,Dewald Brevis,Pat Cummins,1,0,0,0,0,0,,,
202663,2026,Group Stage,63,"May 18, 2026","MA Chidambaram Stadium, Chennai",CSK,SRH,1,15.4,Shivam Dube,Pat Cummins,0,0,0,0,0,0,,,
202663,2026,Group Stage,63,"May 18, 2026","MA Chidambaram Stadium, Chennai",CSK,SRH,1,15.5,Shivam Dube,Pat Cummins,0,0,0,0,0,0,,,
202663,2026,Group Stage,63,"May 18, 2026","MA Chidambaram Stadium, Chennai",CSK,SRH,1,15.5,Shivam Dube,Pat Cummins,0,1,1,0,0,0,,,
202663,2026,Group Stage,63,"May 18, 2026","MA Chidambaram Stadium, Chennai",CSK,SRH,1,15.6,Shivam Dube,Pat Cummins,0,0,0,0,0,0,,,
202663,2026,Group Stage,63,"May 18, 2026","MA Chidambaram Stadium, Chennai",CSK,SRH,1,16.1,Dewald Brevis,Sakib Hussain,1,0,0,0,0,0,,,
202663,2026,Group Stage,63,"May 18, 2026","MA Chidambaram Stadium, Chennai",CSK,SRH,1,16.2,Shivam Dube,Sakib Hussain,0,0,0,0,0,0,,,
202663,2026,Group Stage,63,"May 18, 2026","MA Chidambaram Stadium, Chennai",CSK,SRH,1,16.3,Shivam Dube,Sakib Hussain,1,0,0,0,0,0,,,
202663,2026,Group Stage,63,"May 18, 2026","MA Chidambaram Stadium, Chennai",CSK,SRH,1,16.4,Dewald Brevis,Sakib Hussain,1,0,0,0,0,0,,,
202663,2026,Group Stage,63,"May 18, 2026","MA Chidambaram Stadium, Chennai",CSK,SRH,1,16.5,Shivam Dube,Sakib Hussain,4,0,0,0,0,0,,,
202663,2026,Group Stage,63,"May 18, 2026","MA Chidambaram Stadium, Chennai",CSK,SRH,1,16.6,Shivam Dube,Sakib Hussain,0,0,0,0,0,0,,,
202663,2026,Group Stage,63,"May 18, 2026","MA Chidambaram Stadium, Chennai",CSK,SRH,1,17.1,Dewald Brevis,Eshan Malinga,1,0,0,0,0,0,,,
202663,2026,Group Stage,63,"May 18, 2026","MA Chidambaram Stadium, Chennai",CSK,SRH,1,17.2,Shivam Dube,Eshan Malinga,1,0,0,0,0,0,,,
202663,2026,Group Stage,63,"May 18, 2026","MA Chidambaram Stadium, Chennai",CSK,SRH,1,17.3,Dewald Brevis,Eshan Malinga,6,0,0,0,0,0,,,
202663,2026,Group Stage,63,"May 18, 2026","MA Chidambaram Stadium, Chennai",CSK,SRH,1,17.4,Dewald Brevis,Eshan Malinga,0,0,0,0,0,0,,,
202663,2026,Group Stage,63,"May 18, 2026","MA Chidambaram Stadium, Chennai",CSK,SRH,1,17.5,Dewald Brevis,Eshan Malinga,0,0,0,0,0,0,bowled,Dewald Brevis,
202663,2026,Group Stage,63,"May 18, 2026","MA Chidambaram Stadium, Chennai",CSK,SRH,1,17.6,Prashant Veer,Eshan Malinga,0,0,0,0,0,0,,,
202663,2026,Group Stage,63,"May 18, 2026","MA Chidambaram Stadium, Chennai",CSK,SRH,1,18.1,Shivam Dube,Sakib Hussain,4,0,0,0,0,0,,,
202663,2026,Group Stage,63,"May 18, 2026","MA Chidambaram Stadium, Chennai",CSK,SRH,1,18.2,Shivam Dube,Sakib Hussain,0,0,0,0,0,0,,,
202663,2026,Group Stage,63,"May 18, 2026","MA Chidambaram Stadium, Chennai",CSK,SRH,1,18.3,Shivam Dube,Sakib Hussain,0,0,0,0,0,0,bowled,Shivam Dube,
202663,2026,Group Stage,63,"May 18, 2026","MA Chidambaram Stadium, Chennai",CSK,SRH,1,18.3,Shivam Dube,Sakib Hussain,0,1,1,0,0,0,,,
202663,2026,Group Stage,63,"May 18, 2026","MA Chidambaram Stadium, Chennai",CSK,SRH,1,18.4,Akeal Hosein,Sakib Hussain,3,0,0,0,0,0,,,
202663,2026,Group Stage,63,"May 18, 2026","MA Chidambaram Stadium, Chennai",CSK,SRH,1,18.5,Prashant Veer,Sakib Hussain,4,0,0,0,0,0,,,
202663,2026,Group Stage,63,"May 18, 2026","MA Chidambaram Stadium, Chennai",CSK,SRH,1,18.6,Prashant Veer,Sakib Hussain,1,0,0,0,0,0,,,
202663,2026,Group Stage,63,"May 18, 2026","MA Chidambaram Stadium, Chennai",CSK,SRH,1,19.1,Prashant Veer,Praful Hinge,0,1,1,0,0,0,,,
202663,2026,Group Stage,63,"May 18, 2026","MA Chidambaram Stadium, Chennai",CSK,SRH,1,19.1,Prashant Veer,Praful Hinge,2,0,0,0,0,0,,,
202663,2026,Group Stage,63,"May 18, 2026","MA Chidambaram Stadium, Chennai",CSK,SRH,1,19.2,Prashant Veer,Praful Hinge,0,0,0,0,0,0,,,
202663,2026,Group Stage,63,"May 18, 2026","MA Chidambaram Stadium, Chennai",CSK,SRH,1,19.3,Prashant Veer,Praful Hinge,0,0,0,0,0,0,,,
202663,2026,Group Stage,63,"May 18, 2026","MA Chidambaram Stadium, Chennai",CSK,SRH,1,19.4,Prashant Veer,Praful Hinge,4,0,0,0,0,0,,,
202663,2026,Group Stage,63,"May 18, 2026","MA Chidambaram Stadium, Chennai",CSK,SRH,1,19.5,Prashant Veer,Praful Hinge,0,0,0,0,0,0,,,
202663,2026,Group Stage,63,"May 18, 2026","MA Chidambaram Stadium, Chennai",CSK,SRH,1,19.6,Prashant Veer,Praful Hinge,0,0,0,0,0,0,caught,Prashant Veer,Praful Hinge
202666,2026,Group Stage,66,"May 21, 2026","Narendra Modi Stadium, Ahmedabad",CSK,GT,2,0.1,Sanju Samson,Mohammed Siraj,0,0,0,0,0,0,caught,Sanju Samson,Jos Buttler
202666,2026,Group Stage,66,"May 21, 2026","Narendra Modi Stadium, Ahmedabad",CSK,GT,2,0.2,Ruturaj Gaikwad,Mohammed Siraj,0,0,0,0,0,0,,,
202666,2026,Group Stage,66,"May 21, 2026","Narendra Modi Stadium, Ahmedabad",CSK,GT,2,0.3,Ruturaj Gaikwad,Mohammed Siraj,0,0,0,0,0,0,,,
202666,2026,Group Stage,66,"May 21, 2026","Narendra Modi Stadium, Ahmedabad",CSK,GT,2,0.4,Ruturaj Gaikwad,Mohammed Siraj,4,0,0,0,0,0,,,
202666,2026,Group Stage,66,"May 21, 2026","Narendra Modi Stadium, Ahmedabad",CSK,GT,2,0.5,Ruturaj Gaikwad,Mohammed Siraj,6,0,0,0,0,0,,,
202666,2026,Group Stage,66,"May 21, 2026","Narendra Modi Stadium, Ahmedabad",CSK,GT,2,0.6,Ruturaj Gaikwad,Mohammed Siraj,0,0,0,0,0,0,,,
202666,2026,Group Stage,66,"May 21, 2026","Narendra Modi Stadium, Ahmedabad",CSK,GT,2,1.1,Matthew Short,Kagiso Rabada,4,0,0,0,0,0,,,
202666,2026,Group Stage,66,"May 21, 2026","Narendra Modi Stadium, Ahmedabad",CSK,GT,2,1.2,Matthew Short,Kagiso Rabada,0,1,1,0,0,0,,,
202666,2026,Group Stage,66,"May 21, 2026","Narendra Modi Stadium, Ahmedabad",CSK,GT,2,1.2,Matthew Short,Kagiso Rabada,2,0,0,0,0,0,,,
202666,2026,Group Stage,66,"May 21, 2026","Narendra Modi Stadium, Ahmedabad",CSK,GT,2,1.3,Matthew Short,Kagiso Rabada,0,0,0,0,0,0,,,
202666,2026,Group Stage,66,"May 21, 2026","Narendra Modi Stadium, Ahmedabad",CSK,GT,2,1.4,Matthew Short,Kagiso Rabada,0,0,0,0,0,0,,,
202666,2026,Group Stage,66,"May 21, 2026","Narendra Modi Stadium, Ahmedabad",CSK,GT,2,1.5,Matthew Short,Kagiso Rabada,6,0,0,0,0,0,,,
202666,2026,Group Stage,66,"May 21, 2026","Narendra Modi Stadium, Ahmedabad",CSK,GT,2,1.6,Matthew Short,Kagiso Rabada,0,0,0,0,0,0,,,
202666,2026,Group Stage,66,"May 21, 2026","Narendra Modi Stadium, Ahmedabad",CSK,GT,2,2.1,Ruturaj Gaikwad,Mohammed Siraj,6,0,0,0,0,0,,,
202666,2026,Group Stage,66,"May 21, 2026","Narendra Modi Stadium, Ahmedabad",CSK,GT,2,2.2,Ruturaj Gaikwad,Mohammed Siraj,0,0,0,0,0,0,bowled,Ruturaj Gaikwad,
202666,2026,Group Stage,66,"May 21, 2026","Narendra Modi Stadium, Ahmedabad",CSK,GT,2,2.3,Urvil Patel,Mohammed Siraj,0,0,0,0,0,0,,,
202666,2026,Group Stage,66,"May 21, 2026","Narendra Modi Stadium, Ahmedabad",CSK,GT,2,2.4,Urvil Patel,Mohammed Siraj,0,0,0,0,0,0,caught,Urvil Patel,Prasidh Krishna
202666,2026,Group Stage,66,"May 21, 2026","Narendra Modi Stadium, Ahmedabad",CSK,GT,2,2.5,Kartik Sharma,Mohammed Siraj,2,0,0,0,0,0,,,
202666,2026,Group Stage,66,"May 21, 2026","Narendra Modi Stadium, Ahmedabad",CSK,GT,2,2.6,Kartik Sharma,Mohammed Siraj,0,0,0,0,0,0,,,
202666,2026,Group Stage,66,"May 21, 2026","Narendra Modi Stadium, Ahmedabad",CSK,GT,2,3.1,Matthew Short,Kagiso Rabada,1,0,0,0,0,0,,,
202666,2026,Group Stage,66,"May 21, 2026","Narendra Modi Stadium, Ahmedabad",CSK,GT,2,3.2,Kartik Sharma,Kagiso Rabada,4,0,0,0,0,0,,,
202666,2026,Group Stage,66,"May 21, 2026","Narendra Modi Stadium, Ahmedabad",CSK,GT,2,3.3,Kartik Sharma,Kagiso Rabada,1,0,0,0,0,0,,,
202666,2026,Group Stage,66,"May 21, 2026","Narendra Modi Stadium, Ahmedabad",CSK,GT,2,3.4,Matthew Short,Kagiso Rabada,2,0,0,0,0,0,,,
202666,2026,Group Stage,66,"May 21, 2026","Narendra Modi Stadium, Ahmedabad",CSK,GT,2,3.5,Matthew Short,Kagiso Rabada,0,0,0,0,0,0,,,
202666,2026,Group Stage,66,"May 21, 2026","Narendra Modi Stadium, Ahmedabad",CSK,GT,2,3.6,Matthew Short,Kagiso Rabada,4,0,0,0,0,0,,,
202666,2026,Group Stage,66,"May 21, 2026","Narendra Modi Stadium, Ahmedabad",CSK,GT,2,4.1,Kartik Sharma,Mohammed Siraj,1,0,0,0,0,0,,,
202666,2026,Group Stage,66,"May 21, 2026","Narendra Modi Stadium, Ahmedabad",CSK,GT,2,4.2,Matthew Short,Mohammed Siraj,0,0,0,0,0,0,,,
202666,2026,Group Stage,66,"May 21, 2026","Narendra Modi Stadium, Ahmedabad",CSK,GT,2,4.3,Matthew Short,Mohammed Siraj,4,0,0,0,0,0,,,
202666,2026,Group Stage,66,"May 21, 2026","Narendra Modi Stadium, Ahmedabad",CSK,GT,2,4.4,Matthew Short,Mohammed Siraj,1,0,0,0,0,0,,,
202666,2026,Group Stage,66,"May 21, 2026","Narendra Modi Stadium, Ahmedabad",CSK,GT,2,4.5,Kartik Sharma,Mohammed Siraj,0,0,0,0,0,0,,,
202666,2026,Group Stage,66,"May 21, 2026","Narendra Modi Stadium, Ahmedabad",CSK,GT,2,4.6,Kartik Sharma,Mohammed Siraj,2,0,0,0,0,0,,,
202666,2026,Group Stage,66,"May 21, 2026","Narendra Modi Stadium, Ahmedabad",CSK,GT,2,5.1,Matthew Short,Kagiso Rabada,0,0,0,0,0,0,caught,Matthew Short,Prasidh Krishna
202666,2026,Group Stage,66,"May 21, 2026","Narendra Modi Stadium, Ahmedabad",CSK,GT,2,5.2,Dewald Brevis,Kagiso Rabada,1,0,0,0,0,0,,,
202666,2026,Group Stage,66,"May 21, 2026","Narendra Modi Stadium, Ahmedabad",CSK,GT,2,5.3,Kartik Sharma,Kagiso Rabada,1,0,0,0,0,0,,,
202666,2026,Group Stage,66,"May 21, 2026","Narendra Modi Stadium, Ahmedabad",CSK,GT,2,5.4,Dewald Brevis,Kagiso Rabada,1,0,0,0,0,0,,,
202666,2026,Group Stage,66,"May 21, 2026","Narendra Modi Stadium, Ahmedabad",CSK,GT,2,5.5,Kartik Sharma,Kagiso Rabada,0,0,0,0,0,0,,,
202666,2026,Group Stage,66,"May 21, 2026","Narendra Modi Stadium, Ahmedabad",CSK,GT,2,5.6,Kartik Sharma,Kagiso Rabada,4,0,0,0,0,0,,,
202666,2026,Group Stage,66,"May 21, 2026","Narendra Modi Stadium, Ahmedabad",CSK,GT,2,6.1,Dewald Brevis,Arshad Khan,1,0,0,0,0,0,,,
202666,2026,Group Stage,66,"May 21, 2026","Narendra Modi Stadium, Ahmedabad",CSK,GT,2,6.2,Kartik Sharma,Arshad Khan,0,0,0,0,0,0,,,
202666,2026,Group Stage,66,"May 21, 2026","Narendra Modi Stadium, Ahmedabad",CSK,GT,2,6.3,Kartik Sharma,Arshad Khan,0,0,0,0,0,0,,,
202666,2026,Group Stage,66,"May 21, 2026","Narendra Modi Stadium, Ahmedabad",CSK,GT,2,6.4,Kartik Sharma,Arshad Khan,0,0,0,0,0,0,,,
202666,2026,Group Stage,66,"May 21, 2026","Narendra Modi Stadium, Ahmedabad",CSK,GT,2,6.5,Kartik Sharma,Arshad Khan,4,0,0,0,0,0,,,
202666,2026,Group Stage,66,"May 21, 2026","Narendra Modi Stadium, Ahmedabad",CSK,GT,2,6.6,Kartik Sharma,Arshad Khan,0,0,0,0,0,0,runout,Kartik Sharma,Shubman Gill
202666,2026,Group Stage,66,"May 21, 2026","Narendra Modi Stadium, Ahmedabad",CSK,GT,2,7.1,Shivam Dube,Jason Holder,2,0,0,0,0,0,,,
202666,2026,Group Stage,66,"May 21, 2026","Narendra Modi Stadium, Ahmedabad",CSK,GT,2,7.2,Shivam Dube,Jason Holder,0,0,0,0,0,0,,,
202666,2026,Group Stage,66,"May 21, 2026","Narendra Modi Stadium, Ahmedabad",CSK,GT,2,7.3,Shivam Dube,Jason Holder,4,0,0,0,0,0,,,
202666,2026,Group Stage,66,"May 21, 2026","Narendra Modi Stadium, Ahmedabad",CSK,GT,2,7.4,Shivam Dube,Jason Holder,1,0,0,0,0,0,,,
202666,2026,Group Stage,66,"May 21, 2026","Narendra Modi Stadium, Ahmedabad",CSK,GT,2,7.5,Dewald Brevis,Jason Holder,1,0,0,0,0,0,,,
202666,2026,Group Stage,66,"May 21, 2026","Narendra Modi Stadium, Ahmedabad",CSK,GT,2,7.6,Shivam Dube,Jason Holder,1,0,0,0,0,0,,,
202666,2026,Group Stage,66,"May 21, 2026","Narendra Modi Stadium, Ahmedabad",CSK,GT,2,8.1,Shivam Dube,Arshad Khan,6,0,0,0,0,0,,,
202666,2026,Group Stage,66,"May 21, 2026","Narendra Modi Stadium, Ahmedabad",CSK,GT,2,8.2,Shivam Dube,Arshad Khan,4,0,0,0,0,0,,,
202666,2026,Group Stage,66,"May 21, 2026","Narendra Modi Stadium, Ahmedabad",CSK,GT,2,8.3,Shivam Dube,Arshad Khan,0,1,1,0,0,0,,,
202666,2026,Group Stage,66,"May 21, 2026","Narendra Modi Stadium, Ahmedabad",CSK,GT,2,8.3,Shivam Dube,Arshad Khan,4,0,0,0,0,0,,,
202666,2026,Group Stage,66,"May 21, 2026","Narendra Modi Stadium, Ahmedabad",CSK,GT,2,8.4,Shivam Dube,Arshad Khan,0,1,1,0,0,0,,,
202666,2026,Group Stage,66,"May 21, 2026","Narendra Modi Stadium, Ahmedabad",CSK,GT,2,8.4,Shivam Dube,Arshad Khan,1,0,0,0,0,0,,,
202666,2026,Group Stage,66,"May 21, 2026","Narendra Modi Stadium, Ahmedabad",CSK,GT,2,8.5,Dewald Brevis,Arshad Khan,1,0,0,0,0,0,,,
202666,2026,Group Stage,66,"May 21, 2026","Narendra Modi Stadium, Ahmedabad",CSK,GT,2,8.6,Shivam Dube,Arshad Khan,1,0,0,0,0,0,,,
202666,2026,Group Stage,66,"May 21, 2026","Narendra Modi Stadium, Ahmedabad",CSK,GT,2,9.1,Shivam Dube,Jason Holder,6,0,0,0,0,0,,,
202666,2026,Group Stage,66,"May 21, 2026","Narendra Modi Stadium, Ahmedabad",CSK,GT,2,9.2,Shivam Dube,Jason Holder,4,0,0,0,0,0,,,
202666,2026,Group Stage,66,"May 21, 2026","Narendra Modi Stadium, Ahmedabad",CSK,GT,2,9.3,Shivam Dube,Jason Holder,0,0,0,0,0,0,,,
202666,2026,Group Stage,66,"May 21, 2026","Narendra Modi Stadium, Ahmedabad",CSK,GT,2,9.4,Shivam Dube,Jason Holder,6,0,0,0,0,0,,,
202666,2026,Group Stage,66,"May 21, 2026","Narendra Modi Stadium, Ahmedabad",CSK,GT,2,9.5,Shivam Dube,Jason Holder,1,0,0,0,0,0,,,
202666,2026,Group Stage,66,"May 21, 2026","Narendra Modi Stadium, Ahmedabad",CSK,GT,2,9.6,Dewald Brevis,Jason Holder,1,0,0,0,0,0,,,
202666,2026,Group Stage,66,"May 21, 2026","Narendra Modi Stadium, Ahmedabad",CSK,GT,2,10.1,Dewald Brevis,Rashid Khan,1,0,0,0,0,0,,,
202666,2026,Group Stage,66,"May 21, 2026","Narendra Modi Stadium, Ahmedabad",CSK,GT,2,10.2,Shivam Dube,Rashid Khan,6,0,0,0,0,0,,,
202666,2026,Group Stage,66,"May 21, 2026","Narendra Modi Stadium, Ahmedabad",CSK,GT,2,10.3,Shivam Dube,Rashid Khan,0,0,0,0,0,0,caught,Shivam Dube,Shubman Gill
202666,2026,Group Stage,66,"May 21, 2026","Narendra Modi Stadium, Ahmedabad",CSK,GT,2,10.4,Anshul Kamboj,Rashid Khan,0,0,0,0,0,0,,,
202666,2026,Group Stage,66,"May 21, 2026","Narendra Modi Stadium, Ahmedabad",CSK,GT,2,10.5,Anshul Kamboj,Rashid Khan,6,0,0,0,0,0,,,
202666,2026,Group Stage,66,"May 21, 2026","Narendra Modi Stadium, Ahmedabad",CSK,GT,2,10.6,Anshul Kamboj,Rashid Khan,1,0,0,0,0,0,,,
202666,2026,Group Stage,66,"May 21, 2026","Narendra Modi Stadium, Ahmedabad",CSK,GT,2,11.1,Anshul Kamboj,Prasidh Krishna,6,0,0,0,0,0,,,
202666,2026,Group Stage,66,"May 21, 2026","Narendra Modi Stadium, Ahmedabad",CSK,GT,2,11.2,Anshul Kamboj,Prasidh Krishna,4,0,0,0,0,0,,,
202666,2026,Group Stage,66,"May 21, 2026","Narendra Modi Stadium, Ahmedabad",CSK,GT,2,11.3,Anshul Kamboj,Prasidh Krishna,1,0,0,0,0,0,,,
202666,2026,Group Stage,66,"May 21, 2026","Narendra Modi Stadium, Ahmedabad",CSK,GT,2,11.4,Dewald Brevis,Prasidh Krishna,1,0,0,0,0,0,,,
202666,2026,Group Stage,66,"May 21, 2026","Narendra Modi Stadium, Ahmedabad",CSK,GT,2,11.5,Anshul Kamboj,Prasidh Krishna,1,0,0,0,0,0,,,
202666,2026,Group Stage,66,"May 21, 2026","Narendra Modi Stadium, Ahmedabad",CSK,GT,2,11.6,Dewald Brevis,Prasidh Krishna,0,0,0,0,0,0,,,
202666,2026,Group Stage,66,"May 21, 2026","Narendra Modi Stadium, Ahmedabad",CSK,GT,2,12.1,Anshul Kamboj,Rashid Khan,0,0,0,0,0,0,caught,Anshul Kamboj,Jason Holder
202666,2026,Group Stage,66,"May 21, 2026","Narendra Modi Stadium, Ahmedabad",CSK,GT,2,12.2,Noor Ahmad,Rashid Khan,0,0,0,0,0,0,,,
202666,2026,Group Stage,66,"May 21, 2026","Narendra Modi Stadium, Ahmedabad",CSK,GT,2,12.3,Noor Ahmad,Rashid Khan,1,0,0,0,0,0,,,
202666,2026,Group Stage,66,"May 21, 2026","Narendra Modi Stadium, Ahmedabad",CSK,GT,2,12.4,Dewald Brevis,Rashid Khan,0,0,0,0,0,0,caught,Dewald Brevis,Jason Holder
202666,2026,Group Stage,66,"May 21, 2026","Narendra Modi Stadium, Ahmedabad",CSK,GT,2,12.4,Dewald Brevis,Rashid Khan,0,1,1,0,0,0,,,
202666,2026,Group Stage,66,"May 21, 2026","Narendra Modi Stadium, Ahmedabad",CSK,GT,2,12.5,Mukesh Choudhary,Rashid Khan,2,0,0,0,0,0,,,
202666,2026,Group Stage,66,"May 21, 2026","Narendra Modi Stadium, Ahmedabad",CSK,GT,2,12.6,Mukesh Choudhary,Rashid Khan,0,0,0,0,0,0,,,
202666,2026,Group Stage,66,"May 21, 2026","Narendra Modi Stadium, Ahmedabad",CSK,GT,2,13.1,Noor Ahmad,Kagiso Rabada,0,0,0,0,0,0,,,
202666,2026,Group Stage,66,"May 21, 2026","Narendra Modi Stadium, Ahmedabad",CSK,GT,2,13.2,Noor Ahmad,Kagiso Rabada,0,0,0,0,0,0,,,
202666,2026,Group Stage,66,"May 21, 2026","Narendra Modi Stadium, Ahmedabad",CSK,GT,2,13.3,Noor Ahmad,Kagiso Rabada,0,0,0,0,0,0,caught,Noor Ahmad,Kagiso Rabada
202666,2026,Group Stage,66,"May 21, 2026","Narendra Modi Stadium, Ahmedabad",CSK,GT,2,13.4,Spencer Johnson,Kagiso Rabada,0,0,0,0,0,0,caught,Spencer Johnson,Jos Buttler
