match_id,season,phase,match_no,date,venue,batting_team,bowling_team,innings,over,striker,bowler,runs_of_bat,extras,wide,legbyes,byes,noballs,wicket_type,player_dismissed,fielder
202603,2026,Group Stage,3,"Mar 30, 2026","Barsapara Cricket Stadium, Guwahati",RR,CSK,2,0.1,Yashasvi Jaiswal,Matt Henry,2,0,0,0,0,0,,,
202603,2026,Group Stage,3,"Mar 30, 2026","Barsapara Cricket Stadium, Guwahati",RR,CSK,2,0.2,Yashasvi Jaiswal,Matt Henry,1,0,0,0,0,0,,,
202603,2026,Group Stage,3,"Mar 30, 2026","Barsapara Cricket Stadium, Guwahati",RR,CSK,2,0.3,Vaibhav Sooryavanshi,Matt Henry,4,0,0,0,0,0,,,
202603,2026,Group Stage,3,"Mar 30, 2026","Barsapara Cricket Stadium, Guwahati",RR,CSK,2,0.4,Vaibhav Sooryavanshi,Matt Henry,6,0,0,0,0,0,,,
202603,2026,Group Stage,3,"Mar 30, 2026","Barsapara Cricket Stadium, Guwahati",RR,CSK,2,0.5,Vaibhav Sooryavanshi,Matt Henry,1,0,0,0,0,0,,,
202603,2026,Group Stage,3,"Mar 30, 2026","Barsapara Cricket Stadium, Guwahati",RR,CSK,2,0.6,Yashasvi Jaiswal,Matt Henry,4,0,0,0,0,0,,,
202603,2026,Group Stage,3,"Mar 30, 2026","Barsapara Cricket Stadium, Guwahati",RR,CSK,2,1.1,Vaibhav Sooryavanshi,Khaleel Ahmed,0,1,0,1,0,0,,,
202603,2026,Group Stage,3,"Mar 30, 2026","Barsapara Cricket Stadium, Guwahati",RR,CSK,2,1.2,Yashasvi Jaiswal,Khaleel Ahmed,0,0,0,0,0,0,,,
202603,2026,Group Stage,3,"Mar 30, 2026","Barsapara Cricket Stadium, Guwahati",RR,CSK,2,1.3,Yashasvi Jaiswal,Khaleel Ahmed,0,0,0,0,0,0,,,
202603,2026,Group Stage,3,"Mar 30, 2026","Barsapara Cricket Stadium, Guwahati",RR,CSK,2,1.4,Yashasvi Jaiswal,Khaleel Ahmed,0,0,0,0,0,0,,,
202603,2026,Group Stage,3,"Mar 30, 2026","Barsapara Cricket Stadium, Guwahati",RR,CSK,2,1.5,Yashasvi Jaiswal,Khaleel Ahmed,1,0,0,0,0,0,,,
202603,2026,Group Stage,3,"Mar 30, 2026","Barsapara Cricket Stadium, Guwahati",RR,CSK,2,1.6,Vaibhav Sooryavanshi,Khaleel Ahmed,4,0,0,0,0,0,,,
202603,2026,Group Stage,3,"Mar 30, 2026","Barsapara Cricket Stadium, Guwahati",RR,CSK,2,2.1,Yashasvi Jaiswal,Matt Henry,0,0,0,0,0,0,,,
202603,2026,Group Stage,3,"Mar 30, 2026","Barsapara Cricket Stadium, Guwahati",RR,CSK,2,2.2,Yashasvi Jaiswal,Matt Henry,1,0,0,0,0,0,,,
202603,2026,Group Stage,3,"Mar 30, 2026","Barsapara Cricket Stadium, Guwahati",RR,CSK,2,2.3,Vaibhav Sooryavanshi,Matt Henry,1,0,0,0,0,0,,,
202603,2026,Group Stage,3,"Mar 30, 2026","Barsapara Cricket Stadium, Guwahati",RR,CSK,2,2.4,Yashasvi Jaiswal,Matt Henry,1,0,0,0,0,0,,,
202603,2026,Group Stage,3,"Mar 30, 2026","Barsapara Cricket Stadium, Guwahati",RR,CSK,2,2.5,Vaibhav Sooryavanshi,Matt Henry,6,0,0,0,0,0,,,
202603,2026,Group Stage,3,"Mar 30, 2026","Barsapara Cricket Stadium, Guwahati",RR,CSK,2,2.6,Vaibhav Sooryavanshi,Matt Henry,1,0,0,0,0,0,,,
202603,2026,Group Stage,3,"Mar 30, 2026","Barsapara Cricket Stadium, Guwahati",RR,CSK,2,3.1,Vaibhav Sooryavanshi,Khaleel Ahmed,1,0,0,0,0,0,,,
202603,2026,Group Stage,3,"Mar 30, 2026","Barsapara Cricket Stadium, Guwahati",RR,CSK,2,3.2,Yashasvi Jaiswal,Khaleel Ahmed,4,0,0,0,0,0,,,
202603,2026,Group Stage,3,"Mar 30, 2026","Barsapara Cricket Stadium, Guwahati",RR,CSK,2,3.3,Yashasvi Jaiswal,Khaleel Ahmed,0,0,0,0,0,0,,,
202603,2026,Group Stage,3,"Mar 30, 2026","Barsapara Cricket Stadium, Guwahati",RR,CSK,2,3.4,Yashasvi Jaiswal,Khaleel Ahmed,0,0,0,0,0,0,,,
202603,2026,Group Stage,3,"Mar 30, 2026","Barsapara Cricket Stadium, Guwahati",RR,CSK,2,3.5,Yashasvi Jaiswal,Khaleel Ahmed,0,0,0,0,0,0,,,
202603,2026,Group Stage,3,"Mar 30, 2026","Barsapara Cricket Stadium, Guwahati",RR,CSK,2,3.6,Yashasvi Jaiswal,Khaleel Ahmed,1,0,0,0,0,0,,,
202603,2026,Group Stage,3,"Mar 30, 2026","Barsapara Cricket Stadium, Guwahati",RR,CSK,2,4.1,Yashasvi Jaiswal,Anshul Kamboj,0,0,0,0,0,0,,,
202603,2026,Group Stage,3,"Mar 30, 2026","Barsapara Cricket Stadium, Guwahati",RR,CSK,2,4.2,Yashasvi Jaiswal,Anshul Kamboj,1,0,0,0,0,0,,,
202603,2026,Group Stage,3,"Mar 30, 2026","Barsapara Cricket Stadium, Guwahati",RR,CSK,2,4.3,Vaibhav Sooryavanshi,Anshul Kamboj,4,0,0,0,0,0,,,
202603,2026,Group Stage,3,"Mar 30, 2026","Barsapara Cricket Stadium, Guwahati",RR,CSK,2,4.4,Vaibhav Sooryavanshi,Anshul Kamboj,4,0,0,0,0,0,,,
202603,2026,Group Stage,3,"Mar 30, 2026","Barsapara Cricket Stadium, Guwahati",RR,CSK,2,4.5,Vaibhav Sooryavanshi,Anshul Kamboj,0,0,0,0,0,0,,,
202603,2026,Group Stage,3,"Mar 30, 2026","Barsapara Cricket Stadium, Guwahati",RR,CSK,2,4.6,Vaibhav Sooryavanshi,Anshul Kamboj,6,0,0,0,0,0,,,
202603,2026,Group Stage,3,"Mar 30, 2026","Barsapara Cricket Stadium, Guwahati",RR,CSK,2,5.1,Yashasvi Jaiswal,Noor Ahmad,0,4,0,0,1,0,,,
202603,2026,Group Stage,3,"Mar 30, 2026","Barsapara Cricket Stadium, Guwahati",RR,CSK,2,5.2,Yashasvi Jaiswal,Noor Ahmad,0,0,0,0,0,0,,,
202603,2026,Group Stage,3,"Mar 30, 2026","Barsapara Cricket Stadium, Guwahati",RR,CSK,2,5.3,Yashasvi Jaiswal,Noor Ahmad,1,0,0,0,0,0,,,
202603,2026,Group Stage,3,"Mar 30, 2026","Barsapara Cricket Stadium, Guwahati",RR,CSK,2,5.4,Vaibhav Sooryavanshi,Noor Ahmad,6,0,0,0,0,0,,,
202603,2026,Group Stage,3,"Mar 30, 2026","Barsapara Cricket Stadium, Guwahati",RR,CSK,2,5.5,Vaibhav Sooryavanshi,Noor Ahmad,6,0,0,0,0,0,,,
202603,2026,Group Stage,3,"Mar 30, 2026","Barsapara Cricket Stadium, Guwahati",RR,CSK,2,5.6,Vaibhav Sooryavanshi,Noor Ahmad,2,0,0,0,0,0,,,
202603,2026,Group Stage,3,"Mar 30, 2026","Barsapara Cricket Stadium, Guwahati",RR,CSK,2,6.1,Yashasvi Jaiswal,Anshul Kamboj,1,0,0,0,0,0,,,
202603,2026,Group Stage,3,"Mar 30, 2026","Barsapara Cricket Stadium, Guwahati",RR,CSK,2,6.2,Vaibhav Sooryavanshi,Anshul Kamboj,0,0,0,0,0,0,caught,Vaibhav Sooryavanshi,Sarfaraz Khan
202603,2026,Group Stage,3,"Mar 30, 2026","Barsapara Cricket Stadium, Guwahati",RR,CSK,2,6.3,Dhruv Jurel,Anshul Kamboj,1,0,0,0,0,0,,,
202603,2026,Group Stage,3,"Mar 30, 2026","Barsapara Cricket Stadium, Guwahati",RR,CSK,2,6.4,Yashasvi Jaiswal,Anshul Kamboj,0,0,0,0,0,0,,,
202603,2026,Group Stage,3,"Mar 30, 2026","Barsapara Cricket Stadium, Guwahati",RR,CSK,2,6.5,Yashasvi Jaiswal,Anshul Kamboj,1,0,0,0,0,0,,,
202603,2026,Group Stage,3,"Mar 30, 2026","Barsapara Cricket Stadium, Guwahati",RR,CSK,2,6.6,Dhruv Jurel,Anshul Kamboj,0,0,0,0,0,0,,,
202603,2026,Group Stage,3,"Mar 30, 2026","Barsapara Cricket Stadium, Guwahati",RR,CSK,2,7.1,Yashasvi Jaiswal,Jamie Overton,1,0,0,0,0,0,,,
202603,2026,Group Stage,3,"Mar 30, 2026","Barsapara Cricket Stadium, Guwahati",RR,CSK,2,7.2,Dhruv Jurel,Jamie Overton,0,0,0,0,0,0,,,
202603,2026,Group Stage,3,"Mar 30, 2026","Barsapara Cricket Stadium, Guwahati",RR,CSK,2,7.3,Dhruv Jurel,Jamie Overton,4,0,0,0,0,0,,,
202603,2026,Group Stage,3,"Mar 30, 2026","Barsapara Cricket Stadium, Guwahati",RR,CSK,2,7.4,Dhruv Jurel,Jamie Overton,4,0,0,0,0,0,,,
202603,2026,Group Stage,3,"Mar 30, 2026","Barsapara Cricket Stadium, Guwahati",RR,CSK,2,7.5,Dhruv Jurel,Jamie Overton,1,0,0,0,0,0,,,
202603,2026,Group Stage,3,"Mar 30, 2026","Barsapara Cricket Stadium, Guwahati",RR,CSK,2,7.6,Yashasvi Jaiswal,Jamie Overton,4,0,0,0,0,0,,,
202603,2026,Group Stage,3,"Mar 30, 2026","Barsapara Cricket Stadium, Guwahati",RR,CSK,2,8.1,Dhruv Jurel,Anshul Kamboj,4,0,0,0,0,0,,,
202603,2026,Group Stage,3,"Mar 30, 2026","Barsapara Cricket Stadium, Guwahati",RR,CSK,2,8.2,Dhruv Jurel,Anshul Kamboj,4,0,0,0,0,0,,,
202603,2026,Group Stage,3,"Mar 30, 2026","Barsapara Cricket Stadium, Guwahati",RR,CSK,2,8.3,Dhruv Jurel,Anshul Kamboj,0,0,0,0,0,0,bowled,Dhruv Jurel,
202603,2026,Group Stage,3,"Mar 30, 2026","Barsapara Cricket Stadium, Guwahati",RR,CSK,2,8.4,Riyan Parag,Anshul Kamboj,1,0,0,0,0,0,,,
202603,2026,Group Stage,3,"Mar 30, 2026","Barsapara Cricket Stadium, Guwahati",RR,CSK,2,8.5,Yashasvi Jaiswal,Anshul Kamboj,0,0,0,0,0,0,,,
202603,2026,Group Stage,3,"Mar 30, 2026","Barsapara Cricket Stadium, Guwahati",RR,CSK,2,8.6,Yashasvi Jaiswal,Anshul Kamboj,0,0,0,0,0,0,,,
202603,2026,Group Stage,3,"Mar 30, 2026","Barsapara Cricket Stadium, Guwahati",RR,CSK,2,9.1,Riyan Parag,Khaleel Ahmed,1,0,0,0,0,0,,,
202603,2026,Group Stage,3,"Mar 30, 2026","Barsapara Cricket Stadium, Guwahati",RR,CSK,2,9.2,Yashasvi Jaiswal,Khaleel Ahmed,1,0,0,0,0,0,,,
202603,2026,Group Stage,3,"Mar 30, 2026","Barsapara Cricket Stadium, Guwahati",RR,CSK,2,9.3,Riyan Parag,Khaleel Ahmed,0,0,0,0,0,0,,,
202603,2026,Group Stage,3,"Mar 30, 2026","Barsapara Cricket Stadium, Guwahati",RR,CSK,2,9.4,Riyan Parag,Khaleel Ahmed,0,0,0,0,0,0,,,
202603,2026,Group Stage,3,"Mar 30, 2026","Barsapara Cricket Stadium, Guwahati",RR,CSK,2,9.5,Riyan Parag,Khaleel Ahmed,4,0,0,0,0,0,,,
202603,2026,Group Stage,3,"Mar 30, 2026","Barsapara Cricket Stadium, Guwahati",RR,CSK,2,9.6,Riyan Parag,Khaleel Ahmed,0,0,0,0,0,0,,,
202603,2026,Group Stage,3,"Mar 30, 2026","Barsapara Cricket Stadium, Guwahati",RR,CSK,2,10.1,Yashasvi Jaiswal,Noor Ahmad,1,0,0,0,0,0,,,
202603,2026,Group Stage,3,"Mar 30, 2026","Barsapara Cricket Stadium, Guwahati",RR,CSK,2,10.2,Riyan Parag,Noor Ahmad,1,0,0,0,0,0,,,
202603,2026,Group Stage,3,"Mar 30, 2026","Barsapara Cricket Stadium, Guwahati",RR,CSK,2,10.3,Yashasvi Jaiswal,Noor Ahmad,0,0,0,0,0,0,,,
202603,2026,Group Stage,3,"Mar 30, 2026","Barsapara Cricket Stadium, Guwahati",RR,CSK,2,10.4,Yashasvi Jaiswal,Noor Ahmad,1,0,0,0,0,0,,,
202603,2026,Group Stage,3,"Mar 30, 2026","Barsapara Cricket Stadium, Guwahati",RR,CSK,2,10.5,Riyan Parag,Noor Ahmad,0,0,0,0,0,0,,,
202603,2026,Group Stage,3,"Mar 30, 2026","Barsapara Cricket Stadium, Guwahati",RR,CSK,2,10.6,Riyan Parag,Noor Ahmad,6,0,0,0,0,0,,,
202603,2026,Group Stage,3,"Mar 30, 2026","Barsapara Cricket Stadium, Guwahati",RR,CSK,2,11.1,Yashasvi Jaiswal,Matt Henry,6,0,0,0,0,0,,,
202603,2026,Group Stage,3,"Mar 30, 2026","Barsapara Cricket Stadium, Guwahati",RR,CSK,2,11.2,Yashasvi Jaiswal,Matt Henry,2,0,0,0,0,0,,,
202603,2026,Group Stage,3,"Mar 30, 2026","Barsapara Cricket Stadium, Guwahati",RR,CSK,2,11.3,Yashasvi Jaiswal,Matt Henry,1,0,0,0,0,0,,,
202603,2026,Group Stage,3,"Mar 30, 2026","Barsapara Cricket Stadium, Guwahati",RR,CSK,2,11.4,Riyan Parag,Matt Henry,1,0,0,0,0,0,,,
202603,2026,Group Stage,3,"Mar 30, 2026","Barsapara Cricket Stadium, Guwahati",RR,CSK,2,11.5,Yashasvi Jaiswal,Matt Henry,1,0,0,0,0,0,,,
202603,2026,Group Stage,3,"Mar 30, 2026","Barsapara Cricket Stadium, Guwahati",RR,CSK,2,11.6,Riyan Parag,Matt Henry,0,0,0,0,0,0,,,
202603,2026,Group Stage,3,"Mar 30, 2026","Barsapara Cricket Stadium, Guwahati",RR,CSK,2,11.6,Riyan Parag,Matt Henry,0,1,1,0,0,0,,,
202603,2026,Group Stage,3,"Mar 30, 2026","Barsapara Cricket Stadium, Guwahati",RR,CSK,2,12.1,Yashasvi Jaiswal,Matthew Short,1,0,0,0,0,0,,,
202607,2026,Group Stage,7,"Apr 3, 2026","MA Chidambaram Stadium, Chennai",PBKS,CSK,2,0.1,Priyansh Arya,Khaleel Ahmed,0,1,1,0,0,0,,,
202607,2026,Group Stage,7,"Apr 3, 2026","MA Chidambaram Stadium, Chennai",PBKS,CSK,2,0.1,Priyansh Arya,Khaleel Ahmed,4,0,0,0,0,0,,,
202607,2026,Group Stage,7,"Apr 3, 2026","MA Chidambaram Stadium, Chennai",PBKS,CSK,2,0.2,Priyansh Arya,Khaleel Ahmed,6,0,0,0,0,0,,,
202607,2026,Group Stage,7,"Apr 3, 2026","MA Chidambaram Stadium, Chennai",PBKS,CSK,2,0.3,Priyansh Arya,Khaleel Ahmed,1,0,0,0,0,0,,,
202607,2026,Group Stage,7,"Apr 3, 2026","MA Chidambaram Stadium, Chennai",PBKS,CSK,2,0.4,Prabhsimran Singh,Khaleel Ahmed,0,0,0,0,0,0,,,
202607,2026,Group Stage,7,"Apr 3, 2026","MA Chidambaram Stadium, Chennai",PBKS,CSK,2,0.5,Prabhsimran Singh,Khaleel Ahmed,0,0,0,0,0,0,,,
202607,2026,Group Stage,7,"Apr 3, 2026","MA Chidambaram Stadium, Chennai",PBKS,CSK,2,0.6,Prabhsimran Singh,Khaleel Ahmed,0,0,0,0,0,0,,,
202607,2026,Group Stage,7,"Apr 3, 2026","MA Chidambaram Stadium, Chennai",PBKS,CSK,2,0.6,Prabhsimran Singh,Khaleel Ahmed,0,1,1,0,0,0,,,
202607,2026,Group Stage,7,"Apr 3, 2026","MA Chidambaram Stadium, Chennai",PBKS,CSK,2,1.1,Priyansh Arya,Matt Henry,4,0,0,0,0,0,,,
202607,2026,Group Stage,7,"Apr 3, 2026","MA Chidambaram Stadium, Chennai",PBKS,CSK,2,1.2,Priyansh Arya,Matt Henry,6,0,0,0,0,0,,,
202607,2026,Group Stage,7,"Apr 3, 2026","MA Chidambaram Stadium, Chennai",PBKS,CSK,2,1.3,Priyansh Arya,Matt Henry,4,0,0,0,0,0,,,
202607,2026,Group Stage,7,"Apr 3, 2026","MA Chidambaram Stadium, Chennai",PBKS,CSK,2,1.4,Priyansh Arya,Matt Henry,1,0,0,0,0,0,,,
202607,2026,Group Stage,7,"Apr 3, 2026","MA Chidambaram Stadium, Chennai",PBKS,CSK,2,1.5,Prabhsimran Singh,Matt Henry,4,0,0,0,0,0,,,
202607,2026,Group Stage,7,"Apr 3, 2026","MA Chidambaram Stadium, Chennai",PBKS,CSK,2,1.6,Prabhsimran Singh,Matt Henry,1,0,0,0,0,0,,,
202607,2026,Group Stage,7,"Apr 3, 2026","MA Chidambaram Stadium, Chennai",PBKS,CSK,2,2.1,Prabhsimran Singh,Khaleel Ahmed,0,0,0,0,0,0,,,
202607,2026,Group Stage,7,"Apr 3, 2026","MA Chidambaram Stadium, Chennai",PBKS,CSK,2,2.2,Prabhsimran Singh,Khaleel Ahmed,1,0,0,0,0,0,,,
202607,2026,Group Stage,7,"Apr 3, 2026","MA Chidambaram Stadium, Chennai",PBKS,CSK,2,2.3,Priyansh Arya,Khaleel Ahmed,1,0,0,0,0,0,,,
202607,2026,Group Stage,7,"Apr 3, 2026","MA Chidambaram Stadium, Chennai",PBKS,CSK,2,2.4,Prabhsimran Singh,Khaleel Ahmed,0,0,0,0,0,0,,,
202607,2026,Group Stage,7,"Apr 3, 2026","MA Chidambaram Stadium, Chennai",PBKS,CSK,2,2.5,Prabhsimran Singh,Khaleel Ahmed,1,0,0,0,0,0,,,
202607,2026,Group Stage,7,"Apr 3, 2026","MA Chidambaram Stadium, Chennai",PBKS,CSK,2,2.6,Priyansh Arya,Khaleel Ahmed,6,0,0,0,0,0,,,
202607,2026,Group Stage,7,"Apr 3, 2026","MA Chidambaram Stadium, Chennai",PBKS,CSK,2,3.1,Prabhsimran Singh,Anshul Kamboj,4,0,0,0,0,0,,,
202607,2026,Group Stage,7,"Apr 3, 2026","MA Chidambaram Stadium, Chennai",PBKS,CSK,2,3.2,Prabhsimran Singh,Anshul Kamboj,4,0,0,0,0,0,,,
202607,2026,Group Stage,7,"Apr 3, 2026","MA Chidambaram Stadium, Chennai",PBKS,CSK,2,3.3,Prabhsimran Singh,Anshul Kamboj,0,0,0,0,0,0,,,
202607,2026,Group Stage,7,"Apr 3, 2026","MA Chidambaram Stadium, Chennai",PBKS,CSK,2,3.4,Prabhsimran Singh,Anshul Kamboj,4,0,0,0,0,0,,,
202607,2026,Group Stage,7,"Apr 3, 2026","MA Chidambaram Stadium, Chennai",PBKS,CSK,2,3.5,Prabhsimran Singh,Anshul Kamboj,0,0,0,0,0,0,,,
202607,2026,Group Stage,7,"Apr 3, 2026","MA Chidambaram Stadium, Chennai",PBKS,CSK,2,3.6,Prabhsimran Singh,Anshul Kamboj,0,0,0,0,0,0,,,
202607,2026,Group Stage,7,"Apr 3, 2026","MA Chidambaram Stadium, Chennai",PBKS,CSK,2,4.1,Priyansh Arya,Matt Henry,6,0,0,0,0,0,,,
202607,2026,Group Stage,7,"Apr 3, 2026","MA Chidambaram Stadium, Chennai",PBKS,CSK,2,4.2,Priyansh Arya,Matt Henry,0,0,0,0,0,0,bowled,Priyansh Arya,
202607,2026,Group Stage,7,"Apr 3, 2026","MA Chidambaram Stadium, Chennai",PBKS,CSK,2,4.3,Cooper Connolly,Matt Henry,0,1,0,1,0,0,,,
202607,2026,Group Stage,7,"Apr 3, 2026","MA Chidambaram Stadium, Chennai",PBKS,CSK,2,4.4,Prabhsimran Singh,Matt Henry,0,0,0,0,0,0,,,
202607,2026,Group Stage,7,"Apr 3, 2026","MA Chidambaram Stadium, Chennai",PBKS,CSK,2,4.5,Prabhsimran Singh,Matt Henry,0,0,0,0,0,0,,,
202607,2026,Group Stage,7,"Apr 3, 2026","MA Chidambaram Stadium, Chennai",PBKS,CSK,2,4.6,Prabhsimran Singh,Matt Henry,1,0,0,0,0,0,,,
202607,2026,Group Stage,7,"Apr 3, 2026","MA Chidambaram Stadium, Chennai",PBKS,CSK,2,5.1,Prabhsimran Singh,Khaleel Ahmed,0,0,0,0,0,0,,,
202607,2026,Group Stage,7,"Apr 3, 2026","MA Chidambaram Stadium, Chennai",PBKS,CSK,2,5.2,Prabhsimran Singh,Khaleel Ahmed,4,0,0,0,0,0,,,
202607,2026,Group Stage,7,"Apr 3, 2026","MA Chidambaram Stadium, Chennai",PBKS,CSK,2,5.3,Prabhsimran Singh,Khaleel Ahmed,0,0,0,0,0,0,,,
202607,2026,Group Stage,7,"Apr 3, 2026","MA Chidambaram Stadium, Chennai",PBKS,CSK,2,5.4,Prabhsimran Singh,Khaleel Ahmed,0,0,0,0,0,0,,,
202607,2026,Group Stage,7,"Apr 3, 2026","MA Chidambaram Stadium, Chennai",PBKS,CSK,2,5.5,Prabhsimran Singh,Khaleel Ahmed,1,0,0,0,0,0,,,
202607,2026,Group Stage,7,"Apr 3, 2026","MA Chidambaram Stadium, Chennai",PBKS,CSK,2,5.6,Cooper Connolly,Khaleel Ahmed,0,0,0,0,0,0,,,
202607,2026,Group Stage,7,"Apr 3, 2026","MA Chidambaram Stadium, Chennai",PBKS,CSK,2,6.1,Prabhsimran Singh,Noor Ahmad,1,0,0,0,0,0,,,
202607,2026,Group Stage,7,"Apr 3, 2026","MA Chidambaram Stadium, Chennai",PBKS,CSK,2,6.2,Cooper Connolly,Noor Ahmad,1,0,0,0,0,0,,,
202607,2026,Group Stage,7,"Apr 3, 2026","MA Chidambaram Stadium, Chennai",PBKS,CSK,2,6.3,Prabhsimran Singh,Noor Ahmad,6,0,0,0,0,0,,,
202607,2026,Group Stage,7,"Apr 3, 2026","MA Chidambaram Stadium, Chennai",PBKS,CSK,2,6.4,Prabhsimran Singh,Noor Ahmad,0,0,0,0,0,0,,,
202607,2026,Group Stage,7,"Apr 3, 2026","MA Chidambaram Stadium, Chennai",PBKS,CSK,2,6.5,Prabhsimran Singh,Noor Ahmad,0,0,0,0,0,0,,,
202607,2026,Group Stage,7,"Apr 3, 2026","MA Chidambaram Stadium, Chennai",PBKS,CSK,2,6.6,Prabhsimran Singh,Noor Ahmad,4,0,0,0,0,0,,,
202607,2026,Group Stage,7,"Apr 3, 2026","MA Chidambaram Stadium, Chennai",PBKS,CSK,2,7.1,Cooper Connolly,Rahul Chahar,1,0,0,0,0,0,,,
202607,2026,Group Stage,7,"Apr 3, 2026","MA Chidambaram Stadium, Chennai",PBKS,CSK,2,7.2,Prabhsimran Singh,Rahul Chahar,0,0,0,0,0,0,,,
202607,2026,Group Stage,7,"Apr 3, 2026","MA Chidambaram Stadium, Chennai",PBKS,CSK,2,7.3,Prabhsimran Singh,Rahul Chahar,1,0,0,0,0,0,,,
202607,2026,Group Stage,7,"Apr 3, 2026","MA Chidambaram Stadium, Chennai",PBKS,CSK,2,7.4,Cooper Connolly,Rahul Chahar,1,0,0,0,0,0,,,
202607,2026,Group Stage,7,"Apr 3, 2026","MA Chidambaram Stadium, Chennai",PBKS,CSK,2,7.5,Prabhsimran Singh,Rahul Chahar,1,0,0,0,0,0,,,
202607,2026,Group Stage,7,"Apr 3, 2026","MA Chidambaram Stadium, Chennai",PBKS,CSK,2,7.6,Cooper Connolly,Rahul Chahar,4,0,0,0,0,0,,,
202607,2026,Group Stage,7,"Apr 3, 2026","MA Chidambaram Stadium, Chennai",PBKS,CSK,2,8.1,Prabhsimran Singh,Noor Ahmad,3,0,0,0,0,0,,,
202607,2026,Group Stage,7,"Apr 3, 2026","MA Chidambaram Stadium, Chennai",PBKS,CSK,2,8.2,Cooper Connolly,Noor Ahmad,1,0,0,0,0,0,,,
202607,2026,Group Stage,7,"Apr 3, 2026","MA Chidambaram Stadium, Chennai",PBKS,CSK,2,8.3,Prabhsimran Singh,Noor Ahmad,1,0,0,0,0,0,,,
202607,2026,Group Stage,7,"Apr 3, 2026","MA Chidambaram Stadium, Chennai",PBKS,CSK,2,8.4,Cooper Connolly,Noor Ahmad,1,0,0,0,0,0,,,
202607,2026,Group Stage,7,"Apr 3, 2026","MA Chidambaram Stadium, Chennai",PBKS,CSK,2,8.5,Prabhsimran Singh,Noor Ahmad,1,0,0,0,0,0,runout,Prabhsimran Singh,Sarfaraz Khan/Ruturaj Gaikwad
202607,2026,Group Stage,7,"Apr 3, 2026","MA Chidambaram Stadium, Chennai",PBKS,CSK,2,8.6,Cooper Connolly,Noor Ahmad,0,0,0,0,0,0,,,
202607,2026,Group Stage,7,"Apr 3, 2026","MA Chidambaram Stadium, Chennai",PBKS,CSK,2,9.1,Shreyas Iyer,Rahul Chahar,1,0,0,0,0,0,,,
202607,2026,Group Stage,7,"Apr 3, 2026","MA Chidambaram Stadium, Chennai",PBKS,CSK,2,9.2,Cooper Connolly,Rahul Chahar,0,0,0,0,0,0,,,
202607,2026,Group Stage,7,"Apr 3, 2026","MA Chidambaram Stadium, Chennai",PBKS,CSK,2,9.3,Cooper Connolly,Rahul Chahar,1,0,0,0,0,0,,,
202607,2026,Group Stage,7,"Apr 3, 2026","MA Chidambaram Stadium, Chennai",PBKS,CSK,2,9.4,Shreyas Iyer,Rahul Chahar,1,0,0,0,0,0,,,
202607,2026,Group Stage,7,"Apr 3, 2026","MA Chidambaram Stadium, Chennai",PBKS,CSK,2,9.5,Cooper Connolly,Rahul Chahar,4,0,0,0,0,0,,,
202607,2026,Group Stage,7,"Apr 3, 2026","MA Chidambaram Stadium, Chennai",PBKS,CSK,2,9.6,Cooper Connolly,Rahul Chahar,1,0,0,0,0,0,,,
202607,2026,Group Stage,7,"Apr 3, 2026","MA Chidambaram Stadium, Chennai",PBKS,CSK,2,10.1,Cooper Connolly,Noor Ahmad,4,0,0,0,0,0,,,
202607,2026,Group Stage,7,"Apr 3, 2026","MA Chidambaram Stadium, Chennai",PBKS,CSK,2,10.2,Cooper Connolly,Noor Ahmad,1,0,0,0,0,0,,,
202607,2026,Group Stage,7,"Apr 3, 2026","MA Chidambaram Stadium, Chennai",PBKS,CSK,2,10.3,Shreyas Iyer,Noor Ahmad,1,0,0,0,0,0,,,
202607,2026,Group Stage,7,"Apr 3, 2026","MA Chidambaram Stadium, Chennai",PBKS,CSK,2,10.4,Cooper Connolly,Noor Ahmad,2,0,0,0,0,0,,,
202607,2026,Group Stage,7,"Apr 3, 2026","MA Chidambaram Stadium, Chennai",PBKS,CSK,2,10.4,Cooper Connolly,Noor Ahmad,4,1,0,0,0,1,,,
202607,2026,Group Stage,7,"Apr 3, 2026","MA Chidambaram Stadium, Chennai",PBKS,CSK,2,10.5,Cooper Connolly,Noor Ahmad,1,0,0,0,0,0,,,
202607,2026,Group Stage,7,"Apr 3, 2026","MA Chidambaram Stadium, Chennai",PBKS,CSK,2,10.6,Shreyas Iyer,Noor Ahmad,0,0,0,0,0,0,,,
202607,2026,Group Stage,7,"Apr 3, 2026","MA Chidambaram Stadium, Chennai",PBKS,CSK,2,11.1,Cooper Connolly,Anshul Kamboj,4,0,0,0,0,0,,,
202607,2026,Group Stage,7,"Apr 3, 2026","MA Chidambaram Stadium, Chennai",PBKS,CSK,2,11.2,Cooper Connolly,Anshul Kamboj,1,0,0,0,0,0,,,
202607,2026,Group Stage,7,"Apr 3, 2026","MA Chidambaram Stadium, Chennai",PBKS,CSK,2,11.3,Shreyas Iyer,Anshul Kamboj,1,0,0,0,0,0,,,
202607,2026,Group Stage,7,"Apr 3, 2026","MA Chidambaram Stadium, Chennai",PBKS,CSK,2,11.4,Cooper Connolly,Anshul Kamboj,4,0,0,0,0,0,,,
202607,2026,Group Stage,7,"Apr 3, 2026","MA Chidambaram Stadium, Chennai",PBKS,CSK,2,11.5,Cooper Connolly,Anshul Kamboj,0,0,0,0,0,0,caught,Cooper Connolly,Matt Henry
202607,2026,Group Stage,7,"Apr 3, 2026","MA Chidambaram Stadium, Chennai",PBKS,CSK,2,11.6,Nehal Wadhera,Anshul Kamboj,0,0,0,0,0,0,,,
202607,2026,Group Stage,7,"Apr 3, 2026","MA Chidambaram Stadium, Chennai",PBKS,CSK,2,12.1,Shreyas Iyer,Rahul Chahar,0,0,0,0,0,0,,,
202607,2026,Group Stage,7,"Apr 3, 2026","MA Chidambaram Stadium, Chennai",PBKS,CSK,2,12.2,Shreyas Iyer,Rahul Chahar,2,0,0,0,0,0,,,
202607,2026,Group Stage,7,"Apr 3, 2026","MA Chidambaram Stadium, Chennai",PBKS,CSK,2,12.3,Shreyas Iyer,Rahul Chahar,6,0,0,0,0,0,,,
202607,2026,Group Stage,7,"Apr 3, 2026","MA Chidambaram Stadium, Chennai",PBKS,CSK,2,12.4,Shreyas Iyer,Rahul Chahar,1,0,0,0,0,0,,,
202607,2026,Group Stage,7,"Apr 3, 2026","MA Chidambaram Stadium, Chennai",PBKS,CSK,2,12.5,Nehal Wadhera,Rahul Chahar,1,0,0,0,0,0,,,
202607,2026,Group Stage,7,"Apr 3, 2026","MA Chidambaram Stadium, Chennai",PBKS,CSK,2,12.6,Shreyas Iyer,Rahul Chahar,6,0,0,0,0,0,,,
202607,2026,Group Stage,7,"Apr 3, 2026","MA Chidambaram Stadium, Chennai",PBKS,CSK,2,13.1,Nehal Wadhera,Noor Ahmad,1,0,0,0,0,0,,,
202607,2026,Group Stage,7,"Apr 3, 2026","MA Chidambaram Stadium, Chennai",PBKS,CSK,2,13.2,Shreyas Iyer,Noor Ahmad,0,0,0,0,0,0,,,
202607,2026,Group Stage,7,"Apr 3, 2026","MA Chidambaram Stadium, Chennai",PBKS,CSK,2,13.3,Shreyas Iyer,Noor Ahmad,0,1,1,0,0,0,,,
202607,2026,Group Stage,7,"Apr 3, 2026","MA Chidambaram Stadium, Chennai",PBKS,CSK,2,13.3,Shreyas Iyer,Noor Ahmad,1,0,0,0,0,0,,,
202607,2026,Group Stage,7,"Apr 3, 2026","MA Chidambaram Stadium, Chennai",PBKS,CSK,2,13.4,Nehal Wadhera,Noor Ahmad,1,0,0,0,0,0,,,
202607,2026,Group Stage,7,"Apr 3, 2026","MA Chidambaram Stadium, Chennai",PBKS,CSK,2,13.5,Shreyas Iyer,Noor Ahmad,1,0,0,0,0,0,,,
202607,2026,Group Stage,7,"Apr 3, 2026","MA Chidambaram Stadium, Chennai",PBKS,CSK,2,13.6,Nehal Wadhera,Noor Ahmad,0,0,0,0,0,0,,,
202607,2026,Group Stage,7,"Apr 3, 2026","MA Chidambaram Stadium, Chennai",PBKS,CSK,2,14.1,Shreyas Iyer,Matt Henry,2,0,0,0,0,0,,,
202607,2026,Group Stage,7,"Apr 3, 2026","MA Chidambaram Stadium, Chennai",PBKS,CSK,2,14.2,Shreyas Iyer,Matt Henry,2,0,0,0,0,0,,,
202607,2026,Group Stage,7,"Apr 3, 2026","MA Chidambaram Stadium, Chennai",PBKS,CSK,2,14.3,Shreyas Iyer,Matt Henry,0,0,0,0,0,0,,,
202607,2026,Group Stage,7,"Apr 3, 2026","MA Chidambaram Stadium, Chennai",PBKS,CSK,2,14.4,Shreyas Iyer,Matt Henry,4,0,0,0,0,0,,,
202607,2026,Group Stage,7,"Apr 3, 2026","MA Chidambaram Stadium, Chennai",PBKS,CSK,2,14.5,Shreyas Iyer,Matt Henry,6,0,0,0,0,0,,,
202607,2026,Group Stage,7,"Apr 3, 2026","MA Chidambaram Stadium, Chennai",PBKS,CSK,2,14.6,Shreyas Iyer,Matt Henry,1,0,0,0,0,0,,,
202607,2026,Group Stage,7,"Apr 3, 2026","MA Chidambaram Stadium, Chennai",PBKS,CSK,2,15.1,Shreyas Iyer,Rahul Chahar,4,0,0,0,0,0,,,
202607,2026,Group Stage,7,"Apr 3, 2026","MA Chidambaram Stadium, Chennai",PBKS,CSK,2,15.2,Shreyas Iyer,Rahul Chahar,1,0,0,0,0,0,,,
202607,2026,Group Stage,7,"Apr 3, 2026","MA Chidambaram Stadium, Chennai",PBKS,CSK,2,15.3,Nehal Wadhera,Rahul Chahar,6,0,0,0,0,0,,,
202607,2026,Group Stage,7,"Apr 3, 2026","MA Chidambaram Stadium, Chennai",PBKS,CSK,2,15.4,Nehal Wadhera,Rahul Chahar,1,0,0,0,0,0,,,
202607,2026,Group Stage,7,"Apr 3, 2026","MA Chidambaram Stadium, Chennai",PBKS,CSK,2,15.5,Shreyas Iyer,Rahul Chahar,0,1,1,0,0,0,,,
202607,2026,Group Stage,7,"Apr 3, 2026","MA Chidambaram Stadium, Chennai",PBKS,CSK,2,15.5,Shreyas Iyer,Rahul Chahar,1,0,0,0,0,0,,,
202607,2026,Group Stage,7,"Apr 3, 2026","MA Chidambaram Stadium, Chennai",PBKS,CSK,2,15.6,Nehal Wadhera,Rahul Chahar,0,0,0,0,0,0,,,
202607,2026,Group Stage,7,"Apr 3, 2026","MA Chidambaram Stadium, Chennai",PBKS,CSK,2,16.1,Shreyas Iyer,Anshul Kamboj,4,0,0,0,0,0,,,
202607,2026,Group Stage,7,"Apr 3, 2026","MA Chidambaram Stadium, Chennai",PBKS,CSK,2,16.2,Shreyas Iyer,Anshul Kamboj,0,0,0,0,0,0,,,
202607,2026,Group Stage,7,"Apr 3, 2026","MA Chidambaram Stadium, Chennai",PBKS,CSK,2,16.3,Shreyas Iyer,Anshul Kamboj,0,0,0,0,0,0,,,
202607,2026,Group Stage,7,"Apr 3, 2026","MA Chidambaram Stadium, Chennai",PBKS,CSK,2,16.4,Shreyas Iyer,Anshul Kamboj,4,0,0,0,0,0,,,
202607,2026,Group Stage,7,"Apr 3, 2026","MA Chidambaram Stadium, Chennai",PBKS,CSK,2,16.5,Shreyas Iyer,Anshul Kamboj,0,0,0,0,0,0,,,
202607,2026,Group Stage,7,"Apr 3, 2026","MA Chidambaram Stadium, Chennai",PBKS,CSK,2,16.5,Shreyas Iyer,Anshul Kamboj,0,1,0,0,0,1,,,
202607,2026,Group Stage,7,"Apr 3, 2026","MA Chidambaram Stadium, Chennai",PBKS,CSK,2,16.6,Shreyas Iyer,Anshul Kamboj,0,0,0,0,0,0,caught,Shreyas Iyer,Rahul Chahar
202607,2026,Group Stage,7,"Apr 3, 2026","MA Chidambaram Stadium, Chennai",PBKS,CSK,2,17.1,Nehal Wadhera,Matt Henry,0,0,0,0,0,0,caught,Nehal Wadhera,Noor Ahmad
202607,2026,Group Stage,7,"Apr 3, 2026","MA Chidambaram Stadium, Chennai",PBKS,CSK,2,17.2,Marcus Stoinis,Matt Henry,4,0,0,0,0,0,,,
202607,2026,Group Stage,7,"Apr 3, 2026","MA Chidambaram Stadium, Chennai",PBKS,CSK,2,17.3,Marcus Stoinis,Matt Henry,1,0,0,0,0,0,,,
202607,2026,Group Stage,7,"Apr 3, 2026","MA Chidambaram Stadium, Chennai",PBKS,CSK,2,17.4,Shashank Singh,Matt Henry,2,0,0,0,0,0,,,
202607,2026,Group Stage,7,"Apr 3, 2026","MA Chidambaram Stadium, Chennai",PBKS,CSK,2,17.5,Shashank Singh,Matt Henry,4,0,0,0,0,0,,,
202607,2026,Group Stage,7,"Apr 3, 2026","MA Chidambaram Stadium, Chennai",PBKS,CSK,2,17.6,Shashank Singh,Matt Henry,1,0,0,0,0,0,,,
202607,2026,Group Stage,7,"Apr 3, 2026","MA Chidambaram Stadium, Chennai",PBKS,CSK,2,18.1,Shashank Singh,Anshul Kamboj,4,0,0,0,0,0,,,
202607,2026,Group Stage,7,"Apr 3, 2026","MA Chidambaram Stadium, Chennai",PBKS,CSK,2,18.2,Shashank Singh,Anshul Kamboj,2,0,0,0,0,0,,,
202607,2026,Group Stage,7,"Apr 3, 2026","MA Chidambaram Stadium, Chennai",PBKS,CSK,2,18.3,Shashank Singh,Anshul Kamboj,0,1,1,0,0,0,,,
202607,2026,Group Stage,7,"Apr 3, 2026","MA Chidambaram Stadium, Chennai",PBKS,CSK,2,18.3,Shashank Singh,Anshul Kamboj,1,0,0,0,0,0,,,
202607,2026,Group Stage,7,"Apr 3, 2026","MA Chidambaram Stadium, Chennai",PBKS,CSK,2,18.4,Marcus Stoinis,Anshul Kamboj,4,0,0,0,0,0,,,
202611,2026,Group Stage,11,"Apr 5, 2026","M.Chinnaswamy Stadium, Bengaluru",RCB,CSK,1,0.1,Phil Salt,Khaleel Ahmed,0,0,0,0,0,0,,,
202611,2026,Group Stage,11,"Apr 5, 2026","M.Chinnaswamy Stadium, Bengaluru",RCB,CSK,1,0.2,Phil Salt,Khaleel Ahmed,0,0,0,0,0,0,,,
202611,2026,Group Stage,11,"Apr 5, 2026","M.Chinnaswamy Stadium, Bengaluru",RCB,CSK,1,0.3,Phil Salt,Khaleel Ahmed,3,0,0,0,0,0,,,
202611,2026,Group Stage,11,"Apr 5, 2026","M.Chinnaswamy Stadium, Bengaluru",RCB,CSK,1,0.4,Virat Kohli,Khaleel Ahmed,0,0,0,0,0,0,,,
202611,2026,Group Stage,11,"Apr 5, 2026","M.Chinnaswamy Stadium, Bengaluru",RCB,CSK,1,0.5,Virat Kohli,Khaleel Ahmed,2,0,0,0,0,0,,,
202611,2026,Group Stage,11,"Apr 5, 2026","M.Chinnaswamy Stadium, Bengaluru",RCB,CSK,1,0.6,Virat Kohli,Khaleel Ahmed,0,0,0,0,0,0,,,
202611,2026,Group Stage,11,"Apr 5, 2026","M.Chinnaswamy Stadium, Bengaluru",RCB,CSK,1,1.1,Phil Salt,Matt Henry,1,0,0,0,0,0,,,
202611,2026,Group Stage,11,"Apr 5, 2026","M.Chinnaswamy Stadium, Bengaluru",RCB,CSK,1,1.2,Virat Kohli,Matt Henry,1,0,0,0,0,0,,,
202611,2026,Group Stage,11,"Apr 5, 2026","M.Chinnaswamy Stadium, Bengaluru",RCB,CSK,1,1.3,Phil Salt,Matt Henry,1,0,0,0,0,0,,,
202611,2026,Group Stage,11,"Apr 5, 2026","M.Chinnaswamy Stadium, Bengaluru",RCB,CSK,1,1.4,Virat Kohli,Matt Henry,2,0,0,0,0,0,,,
202611,2026,Group Stage,11,"Apr 5, 2026","M.Chinnaswamy Stadium, Bengaluru",RCB,CSK,1,1.5,Virat Kohli,Matt Henry,1,0,0,0,0,0,,,
202611,2026,Group Stage,11,"Apr 5, 2026","M.Chinnaswamy Stadium, Bengaluru",RCB,CSK,1,1.6,Phil Salt,Matt Henry,0,0,0,0,0,0,,,
202611,2026,Group Stage,11,"Apr 5, 2026","M.Chinnaswamy Stadium, Bengaluru",RCB,CSK,1,2.1,Virat Kohli,Khaleel Ahmed,1,0,0,0,0,0,,,
202611,2026,Group Stage,11,"Apr 5, 2026","M.Chinnaswamy Stadium, Bengaluru",RCB,CSK,1,2.2,Phil Salt,Khaleel Ahmed,1,0,0,0,0,0,,,
202611,2026,Group Stage,11,"Apr 5, 2026","M.Chinnaswamy Stadium, Bengaluru",RCB,CSK,1,2.3,Virat Kohli,Khaleel Ahmed,2,0,0,0,0,0,,,
202611,2026,Group Stage,11,"Apr 5, 2026","M.Chinnaswamy Stadium, Bengaluru",RCB,CSK,1,2.4,Virat Kohli,Khaleel Ahmed,0,1,0,1,0,0,,,
202611,2026,Group Stage,11,"Apr 5, 2026","M.Chinnaswamy Stadium, Bengaluru",RCB,CSK,1,2.5,Phil Salt,Khaleel Ahmed,1,0,0,0,0,0,,,
202611,2026,Group Stage,11,"Apr 5, 2026","M.Chinnaswamy Stadium, Bengaluru",RCB,CSK,1,2.6,Virat Kohli,Khaleel Ahmed,0,0,0,0,0,0,,,
202611,2026,Group Stage,11,"Apr 5, 2026","M.Chinnaswamy Stadium, Bengaluru",RCB,CSK,1,3.1,Phil Salt,Matt Henry,1,0,0,0,0,0,,,
202611,2026,Group Stage,11,"Apr 5, 2026","M.Chinnaswamy Stadium, Bengaluru",RCB,CSK,1,3.2,Virat Kohli,Matt Henry,6,0,0,0,0,0,,,
202611,2026,Group Stage,11,"Apr 5, 2026","M.Chinnaswamy Stadium, Bengaluru",RCB,CSK,1,3.3,Virat Kohli,Matt Henry,2,0,0,0,0,0,,,
202611,2026,Group Stage,11,"Apr 5, 2026","M.Chinnaswamy Stadium, Bengaluru",RCB,CSK,1,3.4,Virat Kohli,Matt Henry,2,0,0,0,0,0,,,
202611,2026,Group Stage,11,"Apr 5, 2026","M.Chinnaswamy Stadium, Bengaluru",RCB,CSK,1,3.5,Virat Kohli,Matt Henry,4,0,0,0,0,0,,,
202611,2026,Group Stage,11,"Apr 5, 2026","M.Chinnaswamy Stadium, Bengaluru",RCB,CSK,1,3.6,Virat Kohli,Matt Henry,1,0,0,0,0,0,,,
202611,2026,Group Stage,11,"Apr 5, 2026","M.Chinnaswamy Stadium, Bengaluru",RCB,CSK,1,4.1,Virat Kohli,Anshul Kamboj,0,0,0,0,0,0,,,
202611,2026,Group Stage,11,"Apr 5, 2026","M.Chinnaswamy Stadium, Bengaluru",RCB,CSK,1,4.2,Virat Kohli,Anshul Kamboj,4,0,0,0,0,0,,,
202611,2026,Group Stage,11,"Apr 5, 2026","M.Chinnaswamy Stadium, Bengaluru",RCB,CSK,1,4.3,Virat Kohli,Anshul Kamboj,0,0,0,0,0,0,caught,Virat Kohli,Shivam Dube
202611,2026,Group Stage,11,"Apr 5, 2026","M.Chinnaswamy Stadium, Bengaluru",RCB,CSK,1,4.4,Devdutt Padikkal,Anshul Kamboj,1,0,0,0,0,0,,,
202611,2026,Group Stage,11,"Apr 5, 2026","M.Chinnaswamy Stadium, Bengaluru",RCB,CSK,1,4.5,Phil Salt,Anshul Kamboj,4,0,0,0,0,0,,,
202611,2026,Group Stage,11,"Apr 5, 2026","M.Chinnaswamy Stadium, Bengaluru",RCB,CSK,1,4.6,Phil Salt,Anshul Kamboj,1,0,0,0,0,0,,,
202611,2026,Group Stage,11,"Apr 5, 2026","M.Chinnaswamy Stadium, Bengaluru",RCB,CSK,1,5.1,Phil Salt,Khaleel Ahmed,2,0,0,0,0,0,,,
202611,2026,Group Stage,11,"Apr 5, 2026","M.Chinnaswamy Stadium, Bengaluru",RCB,CSK,1,5.2,Phil Salt,Khaleel Ahmed,0,0,0,0,0,0,,,
202611,2026,Group Stage,11,"Apr 5, 2026","M.Chinnaswamy Stadium, Bengaluru",RCB,CSK,1,5.3,Phil Salt,Khaleel Ahmed,1,0,0,0,0,0,,,
202611,2026,Group Stage,11,"Apr 5, 2026","M.Chinnaswamy Stadium, Bengaluru",RCB,CSK,1,5.4,Devdutt Padikkal,Khaleel Ahmed,0,0,0,0,0,0,,,
202611,2026,Group Stage,11,"Apr 5, 2026","M.Chinnaswamy Stadium, Bengaluru",RCB,CSK,1,5.5,Devdutt Padikkal,Khaleel Ahmed,1,0,0,0,0,0,,,
202611,2026,Group Stage,11,"Apr 5, 2026","M.Chinnaswamy Stadium, Bengaluru",RCB,CSK,1,5.6,Phil Salt,Khaleel Ahmed,4,0,0,0,0,0,,,
202611,2026,Group Stage,11,"Apr 5, 2026","M.Chinnaswamy Stadium, Bengaluru",RCB,CSK,1,6.1,Devdutt Padikkal,Anshul Kamboj,1,0,0,0,0,0,,,
202611,2026,Group Stage,11,"Apr 5, 2026","M.Chinnaswamy Stadium, Bengaluru",RCB,CSK,1,6.2,Phil Salt,Anshul Kamboj,0,0,0,0,0,0,,,
202611,2026,Group Stage,11,"Apr 5, 2026","M.Chinnaswamy Stadium, Bengaluru",RCB,CSK,1,6.2,Phil Salt,Anshul Kamboj,0,1,1,0,0,0,,,
202611,2026,Group Stage,11,"Apr 5, 2026","M.Chinnaswamy Stadium, Bengaluru",RCB,CSK,1,6.3,Phil Salt,Anshul Kamboj,6,0,0,0,0,0,,,
202611,2026,Group Stage,11,"Apr 5, 2026","M.Chinnaswamy Stadium, Bengaluru",RCB,CSK,1,6.4,Phil Salt,Anshul Kamboj,2,0,0,0,0,0,,,
202611,2026,Group Stage,11,"Apr 5, 2026","M.Chinnaswamy Stadium, Bengaluru",RCB,CSK,1,6.5,Phil Salt,Anshul Kamboj,4,0,0,0,0,0,,,
202611,2026,Group Stage,11,"Apr 5, 2026","M.Chinnaswamy Stadium, Bengaluru",RCB,CSK,1,6.6,Phil Salt,Anshul Kamboj,1,0,0,0,0,0,,,
202611,2026,Group Stage,11,"Apr 5, 2026","M.Chinnaswamy Stadium, Bengaluru",RCB,CSK,1,7.1,Phil Salt,Noor Ahmad,0,0,0,0,0,0,,,
202611,2026,Group Stage,11,"Apr 5, 2026","M.Chinnaswamy Stadium, Bengaluru",RCB,CSK,1,7.2,Phil Salt,Noor Ahmad,1,0,0,0,0,0,,,
202611,2026,Group Stage,11,"Apr 5, 2026","M.Chinnaswamy Stadium, Bengaluru",RCB,CSK,1,7.3,Devdutt Padikkal,Noor Ahmad,1,0,0,0,0,0,,,
202611,2026,Group Stage,11,"Apr 5, 2026","M.Chinnaswamy Stadium, Bengaluru",RCB,CSK,1,7.4,Phil Salt,Noor Ahmad,6,0,0,0,0,0,,,
202611,2026,Group Stage,11,"Apr 5, 2026","M.Chinnaswamy Stadium, Bengaluru",RCB,CSK,1,7.5,Phil Salt,Noor Ahmad,1,0,0,0,0,0,,,
202611,2026,Group Stage,11,"Apr 5, 2026","M.Chinnaswamy Stadium, Bengaluru",RCB,CSK,1,7.6,Devdutt Padikkal,Noor Ahmad,1,0,0,0,0,0,,,
202611,2026,Group Stage,11,"Apr 5, 2026","M.Chinnaswamy Stadium, Bengaluru",RCB,CSK,1,8.1,Devdutt Padikkal,Jamie Overton,1,0,0,0,0,0,,,
202611,2026,Group Stage,11,"Apr 5, 2026","M.Chinnaswamy Stadium, Bengaluru",RCB,CSK,1,8.2,Phil Salt,Jamie Overton,2,0,0,0,0,0,,,
202611,2026,Group Stage,11,"Apr 5, 2026","M.Chinnaswamy Stadium, Bengaluru",RCB,CSK,1,8.3,Phil Salt,Jamie Overton,1,0,0,0,0,0,,,
202611,2026,Group Stage,11,"Apr 5, 2026","M.Chinnaswamy Stadium, Bengaluru",RCB,CSK,1,8.4,Devdutt Padikkal,Jamie Overton,2,0,0,0,0,0,,,
202611,2026,Group Stage,11,"Apr 5, 2026","M.Chinnaswamy Stadium, Bengaluru",RCB,CSK,1,8.5,Devdutt Padikkal,Jamie Overton,4,0,0,0,0,0,,,
202611,2026,Group Stage,11,"Apr 5, 2026","M.Chinnaswamy Stadium, Bengaluru",RCB,CSK,1,8.6,Devdutt Padikkal,Jamie Overton,1,0,0,0,0,0,,,
202611,2026,Group Stage,11,"Apr 5, 2026","M.Chinnaswamy Stadium, Bengaluru",RCB,CSK,1,9.1,Devdutt Padikkal,Noor Ahmad,0,0,0,0,0,0,,,
202611,2026,Group Stage,11,"Apr 5, 2026","M.Chinnaswamy Stadium, Bengaluru",RCB,CSK,1,9.2,Devdutt Padikkal,Noor Ahmad,0,0,0,0,0,0,,,
202611,2026,Group Stage,11,"Apr 5, 2026","M.Chinnaswamy Stadium, Bengaluru",RCB,CSK,1,9.3,Devdutt Padikkal,Noor Ahmad,0,0,0,0,0,0,,,
202611,2026,Group Stage,11,"Apr 5, 2026","M.Chinnaswamy Stadium, Bengaluru",RCB,CSK,1,9.4,Devdutt Padikkal,Noor Ahmad,1,0,0,0,0,0,,,
202611,2026,Group Stage,11,"Apr 5, 2026","M.Chinnaswamy Stadium, Bengaluru",RCB,CSK,1,9.5,Phil Salt,Noor Ahmad,1,0,0,0,0,0,,,
202611,2026,Group Stage,11,"Apr 5, 2026","M.Chinnaswamy Stadium, Bengaluru",RCB,CSK,1,9.6,Devdutt Padikkal,Noor Ahmad,2,0,0,0,0,0,,,
202611,2026,Group Stage,11,"Apr 5, 2026","M.Chinnaswamy Stadium, Bengaluru",RCB,CSK,1,10.1,Phil Salt,Shivam Dube,0,0,0,0,0,0,,,
202611,2026,Group Stage,11,"Apr 5, 2026","M.Chinnaswamy Stadium, Bengaluru",RCB,CSK,1,10.2,Phil Salt,Shivam Dube,1,0,0,0,0,0,,,
202611,2026,Group Stage,11,"Apr 5, 2026","M.Chinnaswamy Stadium, Bengaluru",RCB,CSK,1,10.3,Devdutt Padikkal,Shivam Dube,1,0,0,0,0,0,,,
202611,2026,Group Stage,11,"Apr 5, 2026","M.Chinnaswamy Stadium, Bengaluru",RCB,CSK,1,10.4,Phil Salt,Shivam Dube,0,0,0,0,0,0,caught,Phil Salt,Noor Ahmad
202611,2026,Group Stage,11,"Apr 5, 2026","M.Chinnaswamy Stadium, Bengaluru",RCB,CSK,1,10.5,Rajat Patidar,Shivam Dube,1,0,0,0,0,0,,,
202611,2026,Group Stage,11,"Apr 5, 2026","M.Chinnaswamy Stadium, Bengaluru",RCB,CSK,1,10.6,Devdutt Padikkal,Shivam Dube,4,0,0,0,0,0,,,
202611,2026,Group Stage,11,"Apr 5, 2026","M.Chinnaswamy Stadium, Bengaluru",RCB,CSK,1,11.1,Rajat Patidar,Noor Ahmad,6,0,0,0,0,0,,,
202611,2026,Group Stage,11,"Apr 5, 2026","M.Chinnaswamy Stadium, Bengaluru",RCB,CSK,1,11.2,Rajat Patidar,Noor Ahmad,1,0,0,0,0,0,,,
202611,2026,Group Stage,11,"Apr 5, 2026","M.Chinnaswamy Stadium, Bengaluru",RCB,CSK,1,11.3,Devdutt Padikkal,Noor Ahmad,6,0,0,0,0,0,,,
202611,2026,Group Stage,11,"Apr 5, 2026","M.Chinnaswamy Stadium, Bengaluru",RCB,CSK,1,11.4,Devdutt Padikkal,Noor Ahmad,0,1,0,1,0,0,,,
202611,2026,Group Stage,11,"Apr 5, 2026","M.Chinnaswamy Stadium, Bengaluru",RCB,CSK,1,11.5,Rajat Patidar,Noor Ahmad,1,0,0,0,0,0,,,
202611,2026,Group Stage,11,"Apr 5, 2026","M.Chinnaswamy Stadium, Bengaluru",RCB,CSK,1,11.6,Devdutt Padikkal,Noor Ahmad,1,0,0,0,0,0,,,
202611,2026,Group Stage,11,"Apr 5, 2026","M.Chinnaswamy Stadium, Bengaluru",RCB,CSK,1,12.1,Devdutt Padikkal,Shivam Dube,0,1,1,0,0,0,,,
202611,2026,Group Stage,11,"Apr 5, 2026","M.Chinnaswamy Stadium, Bengaluru",RCB,CSK,1,12.1,Devdutt Padikkal,Shivam Dube,1,0,0,0,0,0,,,
202611,2026,Group Stage,11,"Apr 5, 2026","M.Chinnaswamy Stadium, Bengaluru",RCB,CSK,1,12.2,Rajat Patidar,Shivam Dube,6,0,0,0,0,0,,,
202611,2026,Group Stage,11,"Apr 5, 2026","M.Chinnaswamy Stadium, Bengaluru",RCB,CSK,1,12.3,Rajat Patidar,Shivam Dube,1,0,0,0,0,0,,,
202611,2026,Group Stage,11,"Apr 5, 2026","M.Chinnaswamy Stadium, Bengaluru",RCB,CSK,1,12.4,Devdutt Padikkal,Shivam Dube,6,0,0,0,0,0,,,
202611,2026,Group Stage,11,"Apr 5, 2026","M.Chinnaswamy Stadium, Bengaluru",RCB,CSK,1,12.5,Devdutt Padikkal,Shivam Dube,4,0,0,0,0,0,,,
202611,2026,Group Stage,11,"Apr 5, 2026","M.Chinnaswamy Stadium, Bengaluru",RCB,CSK,1,12.6,Devdutt Padikkal,Shivam Dube,4,0,0,0,0,0,,,
202611,2026,Group Stage,11,"Apr 5, 2026","M.Chinnaswamy Stadium, Bengaluru",RCB,CSK,1,13.1,Rajat Patidar,Matt Henry,6,0,0,0,0,0,,,
202611,2026,Group Stage,11,"Apr 5, 2026","M.Chinnaswamy Stadium, Bengaluru",RCB,CSK,1,13.2,Rajat Patidar,Matt Henry,1,0,0,0,0,0,,,
202611,2026,Group Stage,11,"Apr 5, 2026","M.Chinnaswamy Stadium, Bengaluru",RCB,CSK,1,13.3,Devdutt Padikkal,Matt Henry,2,0,0,0,0,0,,,
202611,2026,Group Stage,11,"Apr 5, 2026","M.Chinnaswamy Stadium, Bengaluru",RCB,CSK,1,13.4,Devdutt Padikkal,Matt Henry,0,0,0,0,0,0,,,
202611,2026,Group Stage,11,"Apr 5, 2026","M.Chinnaswamy Stadium, Bengaluru",RCB,CSK,1,13.5,Devdutt Padikkal,Matt Henry,4,0,0,0,0,0,,,
202611,2026,Group Stage,11,"Apr 5, 2026","M.Chinnaswamy Stadium, Bengaluru",RCB,CSK,1,13.6,Devdutt Padikkal,Matt Henry,1,0,0,0,0,0,,,
202611,2026,Group Stage,11,"Apr 5, 2026","M.Chinnaswamy Stadium, Bengaluru",RCB,CSK,1,14.1,Devdutt Padikkal,Jamie Overton,0,0,0,0,0,0,bowled,Devdutt Padikkal,
202611,2026,Group Stage,11,"Apr 5, 2026","M.Chinnaswamy Stadium, Bengaluru",RCB,CSK,1,14.2,Tim David,Jamie Overton,0,0,0,0,0,0,,,
202611,2026,Group Stage,11,"Apr 5, 2026","M.Chinnaswamy Stadium, Bengaluru",RCB,CSK,1,14.3,Tim David,Jamie Overton,0,0,0,0,0,0,,,
202611,2026,Group Stage,11,"Apr 5, 2026","M.Chinnaswamy Stadium, Bengaluru",RCB,CSK,1,14.4,Tim David,Jamie Overton,0,0,0,0,0,0,,,
202611,2026,Group Stage,11,"Apr 5, 2026","M.Chinnaswamy Stadium, Bengaluru",RCB,CSK,1,14.5,Tim David,Jamie Overton,1,0,0,0,0,0,,,
202611,2026,Group Stage,11,"Apr 5, 2026","M.Chinnaswamy Stadium, Bengaluru",RCB,CSK,1,14.6,Rajat Patidar,Jamie Overton,0,1,0,1,0,0,,,
202611,2026,Group Stage,11,"Apr 5, 2026","M.Chinnaswamy Stadium, Bengaluru",RCB,CSK,1,15.1,Rajat Patidar,Khaleel Ahmed,1,0,0,0,0,0,,,
202611,2026,Group Stage,11,"Apr 5, 2026","M.Chinnaswamy Stadium, Bengaluru",RCB,CSK,1,15.2,Tim David,Khaleel Ahmed,1,0,0,0,0,0,,,
202611,2026,Group Stage,11,"Apr 5, 2026","M.Chinnaswamy Stadium, Bengaluru",RCB,CSK,1,15.3,Rajat Patidar,Khaleel Ahmed,0,1,1,0,0,0,,,
202611,2026,Group Stage,11,"Apr 5, 2026","M.Chinnaswamy Stadium, Bengaluru",RCB,CSK,1,15.3,Rajat Patidar,Khaleel Ahmed,6,0,0,0,0,0,,,
202611,2026,Group Stage,11,"Apr 5, 2026","M.Chinnaswamy Stadium, Bengaluru",RCB,CSK,1,15.4,Rajat Patidar,Khaleel Ahmed,0,0,0,0,0,0,,,
202611,2026,Group Stage,11,"Apr 5, 2026","M.Chinnaswamy Stadium, Bengaluru",RCB,CSK,1,15.5,Rajat Patidar,Khaleel Ahmed,4,0,0,0,0,0,,,
202611,2026,Group Stage,11,"Apr 5, 2026","M.Chinnaswamy Stadium, Bengaluru",RCB,CSK,1,15.6,Rajat Patidar,Khaleel Ahmed,6,0,0,0,0,0,,,
202611,2026,Group Stage,11,"Apr 5, 2026","M.Chinnaswamy Stadium, Bengaluru",RCB,CSK,1,16.1,Tim David,Noor Ahmad,1,0,0,0,0,0,,,
202611,2026,Group Stage,11,"Apr 5, 2026","M.Chinnaswamy Stadium, Bengaluru",RCB,CSK,1,16.2,Rajat Patidar,Noor Ahmad,0,1,0,0,1,0,,,
202611,2026,Group Stage,11,"Apr 5, 2026","M.Chinnaswamy Stadium, Bengaluru",RCB,CSK,1,16.3,Tim David,Noor Ahmad,6,0,0,0,0,0,,,
202611,2026,Group Stage,11,"Apr 5, 2026","M.Chinnaswamy Stadium, Bengaluru",RCB,CSK,1,16.4,Tim David,Noor Ahmad,6,0,0,0,0,0,,,
202611,2026,Group Stage,11,"Apr 5, 2026","M.Chinnaswamy Stadium, Bengaluru",RCB,CSK,1,16.5,Tim David,Noor Ahmad,6,0,0,0,0,0,,,
202611,2026,Group Stage,11,"Apr 5, 2026","M.Chinnaswamy Stadium, Bengaluru",RCB,CSK,1,16.6,Tim David,Noor Ahmad,1,0,0,0,0,0,,,
202611,2026,Group Stage,11,"Apr 5, 2026","M.Chinnaswamy Stadium, Bengaluru",RCB,CSK,1,17.1,Tim David,Anshul Kamboj,4,0,0,0,0,0,,,
202611,2026,Group Stage,11,"Apr 5, 2026","M.Chinnaswamy Stadium, Bengaluru",RCB,CSK,1,17.2,Tim David,Anshul Kamboj,0,0,0,0,0,0,,,
202611,2026,Group Stage,11,"Apr 5, 2026","M.Chinnaswamy Stadium, Bengaluru",RCB,CSK,1,17.3,Tim David,Anshul Kamboj,2,0,0,0,0,0,,,
202611,2026,Group Stage,11,"Apr 5, 2026","M.Chinnaswamy Stadium, Bengaluru",RCB,CSK,1,17.4,Tim David,Anshul Kamboj,0,0,0,0,0,0,,,
202611,2026,Group Stage,11,"Apr 5, 2026","M.Chinnaswamy Stadium, Bengaluru",RCB,CSK,1,17.5,Tim David,Anshul Kamboj,0,1,0,0,0,1,,,
202611,2026,Group Stage,11,"Apr 5, 2026","M.Chinnaswamy Stadium, Bengaluru",RCB,CSK,1,17.5,Tim David,Anshul Kamboj,6,0,0,0,0,0,,,
202611,2026,Group Stage,11,"Apr 5, 2026","M.Chinnaswamy Stadium, Bengaluru",RCB,CSK,1,17.6,Tim David,Anshul Kamboj,1,0,0,0,0,0,,,
202611,2026,Group Stage,11,"Apr 5, 2026","M.Chinnaswamy Stadium, Bengaluru",RCB,CSK,1,18.1,Tim David,Jamie Overton,6,0,0,0,0,0,,,
202611,2026,Group Stage,11,"Apr 5, 2026","M.Chinnaswamy Stadium, Bengaluru",RCB,CSK,1,18.2,Tim David,Jamie Overton,2,0,0,0,0,0,,,
202611,2026,Group Stage,11,"Apr 5, 2026","M.Chinnaswamy Stadium, Bengaluru",RCB,CSK,1,18.3,Tim David,Jamie Overton,4,0,0,0,0,0,,,
202611,2026,Group Stage,11,"Apr 5, 2026","M.Chinnaswamy Stadium, Bengaluru",RCB,CSK,1,18.4,Tim David,Jamie Overton,6,0,0,0,0,0,,,
202611,2026,Group Stage,11,"Apr 5, 2026","M.Chinnaswamy Stadium, Bengaluru",RCB,CSK,1,18.5,Tim David,Jamie Overton,6,0,0,0,0,0,,,
202611,2026,Group Stage,11,"Apr 5, 2026","M.Chinnaswamy Stadium, Bengaluru",RCB,CSK,1,18.6,Tim David,Jamie Overton,6,0,0,0,0,0,,,
202611,2026,Group Stage,11,"Apr 5, 2026","M.Chinnaswamy Stadium, Bengaluru",RCB,CSK,1,19.1,Rajat Patidar,Anshul Kamboj,6,0,0,0,0,0,,,
202611,2026,Group Stage,11,"Apr 5, 2026","M.Chinnaswamy Stadium, Bengaluru",RCB,CSK,1,19.2,Rajat Patidar,Anshul Kamboj,0,0,0,0,0,0,,,
202611,2026,Group Stage,11,"Apr 5, 2026","M.Chinnaswamy Stadium, Bengaluru",RCB,CSK,1,19.3,Rajat Patidar,Anshul Kamboj,1,0,0,0,0,0,,,
202611,2026,Group Stage,11,"Apr 5, 2026","M.Chinnaswamy Stadium, Bengaluru",RCB,CSK,1,19.4,Tim David,Anshul Kamboj,1,0,0,0,0,0,,,
202611,2026,Group Stage,11,"Apr 5, 2026","M.Chinnaswamy Stadium, Bengaluru",RCB,CSK,1,19.5,Rajat Patidar,Anshul Kamboj,1,0,0,0,0,0,,,
202611,2026,Group Stage,11,"Apr 5, 2026","M.Chinnaswamy Stadium, Bengaluru",RCB,CSK,1,19.6,Tim David,Anshul Kamboj,4,0,0,0,0,0,,,
202618,2026,Group Stage,18,"Apr 11, 2026","MA Chidambaram Stadium, Chennai",DC,CSK,2,0.1,Pathum Nissanka,Akeal Hosein,0,1,0,0,0,1,,,
202618,2026,Group Stage,18,"Apr 11, 2026","MA Chidambaram Stadium, Chennai",DC,CSK,2,0.1,Pathum Nissanka,Akeal Hosein,4,0,0,0,0,0,,,
202618,2026,Group Stage,18,"Apr 11, 2026","MA Chidambaram Stadium, Chennai",DC,CSK,2,0.2,Pathum Nissanka,Akeal Hosein,0,0,0,0,0,0,,,
202618,2026,Group Stage,18,"Apr 11, 2026","MA Chidambaram Stadium, Chennai",DC,CSK,2,0.3,Pathum Nissanka,Akeal Hosein,0,0,0,0,0,0,,,
202618,2026,Group Stage,18,"Apr 11, 2026","MA Chidambaram Stadium, Chennai",DC,CSK,2,0.4,Rahul,Akeal Hosein,0,0,0,0,0,0,,,
202618,2026,Group Stage,18,"Apr 11, 2026","MA Chidambaram Stadium, Chennai",DC,CSK,2,0.4,Pathum Nissanka,Akeal Hosein,0,2,0,0,0,1,,,
202618,2026,Group Stage,18,"Apr 11, 2026","MA Chidambaram Stadium, Chennai",DC,CSK,2,0.5,Rahul,Akeal Hosein,1,0,0,0,0,0,,,
202618,2026,Group Stage,18,"Apr 11, 2026","MA Chidambaram Stadium, Chennai",DC,CSK,2,0.6,Pathum Nissanka,Akeal Hosein,0,0,0,0,0,0,,,
202618,2026,Group Stage,18,"Apr 11, 2026","MA Chidambaram Stadium, Chennai",DC,CSK,2,1.1,Rahul,Khaleel Ahmed,1,0,0,0,0,0,,,
202618,2026,Group Stage,18,"Apr 11, 2026","MA Chidambaram Stadium, Chennai",DC,CSK,2,1.2,Pathum Nissanka,Khaleel Ahmed,6,0,0,0,0,0,,,
202618,2026,Group Stage,18,"Apr 11, 2026","MA Chidambaram Stadium, Chennai",DC,CSK,2,1.3,Pathum Nissanka,Khaleel Ahmed,0,0,0,0,0,0,,,
202618,2026,Group Stage,18,"Apr 11, 2026","MA Chidambaram Stadium, Chennai",DC,CSK,2,1.4,Pathum Nissanka,Khaleel Ahmed,4,0,0,0,0,0,,,
202618,2026,Group Stage,18,"Apr 11, 2026","MA Chidambaram Stadium, Chennai",DC,CSK,2,1.5,Pathum Nissanka,Khaleel Ahmed,4,0,0,0,0,0,,,
202618,2026,Group Stage,18,"Apr 11, 2026","MA Chidambaram Stadium, Chennai",DC,CSK,2,1.6,Pathum Nissanka,Khaleel Ahmed,1,0,0,0,0,0,,,
202618,2026,Group Stage,18,"Apr 11, 2026","MA Chidambaram Stadium, Chennai",DC,CSK,2,2.1,Pathum Nissanka,Akeal Hosein,1,0,0,0,0,0,,,
202618,2026,Group Stage,18,"Apr 11, 2026","MA Chidambaram Stadium, Chennai",DC,CSK,2,2.2,Rahul,Akeal Hosein,4,0,0,0,0,0,,,
202618,2026,Group Stage,18,"Apr 11, 2026","MA Chidambaram Stadium, Chennai",DC,CSK,2,2.3,Rahul,Akeal Hosein,6,0,0,0,0,0,,,
202618,2026,Group Stage,18,"Apr 11, 2026","MA Chidambaram Stadium, Chennai",DC,CSK,2,2.4,Rahul,Akeal Hosein,1,0,0,0,0,0,,,
202618,2026,Group Stage,18,"Apr 11, 2026","MA Chidambaram Stadium, Chennai",DC,CSK,2,2.5,Pathum Nissanka,Akeal Hosein,0,0,0,0,0,0,,,
202618,2026,Group Stage,18,"Apr 11, 2026","MA Chidambaram Stadium, Chennai",DC,CSK,2,2.6,Pathum Nissanka,Akeal Hosein,0,0,0,0,0,0,,,
202618,2026,Group Stage,18,"Apr 11, 2026","MA Chidambaram Stadium, Chennai",DC,CSK,2,3.1,Rahul,Anshul Kamboj,4,0,0,0,0,0,,,
202618,2026,Group Stage,18,"Apr 11, 2026","MA Chidambaram Stadium, Chennai",DC,CSK,2,3.2,Rahul,Anshul Kamboj,0,0,0,0,0,0,,,
202618,2026,Group Stage,18,"Apr 11, 2026","MA Chidambaram Stadium, Chennai",DC,CSK,2,3.3,Rahul,Anshul Kamboj,1,0,0,0,0,0,,,
202618,2026,Group Stage,18,"Apr 11, 2026","MA Chidambaram Stadium, Chennai",DC,CSK,2,3.4,Pathum Nissanka,Anshul Kamboj,6,0,0,0,0,0,,,
202618,2026,Group Stage,18,"Apr 11, 2026","MA Chidambaram Stadium, Chennai",DC,CSK,2,3.5,Pathum Nissanka,Anshul Kamboj,4,0,0,0,0,0,,,
202618,2026,Group Stage,18,"Apr 11, 2026","MA Chidambaram Stadium, Chennai",DC,CSK,2,3.6,Pathum Nissanka,Anshul Kamboj,1,0,0,0,0,0,,,
202618,2026,Group Stage,18,"Apr 11, 2026","MA Chidambaram Stadium, Chennai",DC,CSK,2,4.1,Pathum Nissanka,Khaleel Ahmed,0,0,0,0,0,0,,,
202618,2026,Group Stage,18,"Apr 11, 2026","MA Chidambaram Stadium, Chennai",DC,CSK,2,4.2,Pathum Nissanka,Khaleel Ahmed,2,0,0,0,0,0,,,
202618,2026,Group Stage,18,"Apr 11, 2026","MA Chidambaram Stadium, Chennai",DC,CSK,2,4.3,Pathum Nissanka,Khaleel Ahmed,2,0,0,0,0,0,,,
202618,2026,Group Stage,18,"Apr 11, 2026","MA Chidambaram Stadium, Chennai",DC,CSK,2,4.4,Pathum Nissanka,Khaleel Ahmed,4,0,0,0,0,0,,,
202618,2026,Group Stage,18,"Apr 11, 2026","MA Chidambaram Stadium, Chennai",DC,CSK,2,4.5,Pathum Nissanka,Khaleel Ahmed,1,0,0,0,0,0,,,
202618,2026,Group Stage,18,"Apr 11, 2026","MA Chidambaram Stadium, Chennai",DC,CSK,2,4.6,Rahul,Khaleel Ahmed,0,0,0,0,0,0,caught,Rahul,Jamie Overton
202618,2026,Group Stage,18,"Apr 11, 2026","MA Chidambaram Stadium, Chennai",DC,CSK,2,5.1,Pathum Nissanka,Anshul Kamboj,0,0,0,0,0,0,,,
202618,2026,Group Stage,18,"Apr 11, 2026","MA Chidambaram Stadium, Chennai",DC,CSK,2,5.2,Pathum Nissanka,Anshul Kamboj,0,0,0,0,0,0,caught,Pathum Nissanka,Dewald Brevis
202618,2026,Group Stage,18,"Apr 11, 2026","MA Chidambaram Stadium, Chennai",DC,CSK,2,5.3,Axar Patel,Anshul Kamboj,1,0,0,0,0,0,,,
202618,2026,Group Stage,18,"Apr 11, 2026","MA Chidambaram Stadium, Chennai",DC,CSK,2,5.4,Sameer Rizvi,Anshul Kamboj,4,0,0,0,0,0,,,
202618,2026,Group Stage,18,"Apr 11, 2026","MA Chidambaram Stadium, Chennai",DC,CSK,2,5.5,Sameer Rizvi,Anshul Kamboj,0,0,0,0,0,0,,,
202618,2026,Group Stage,18,"Apr 11, 2026","MA Chidambaram Stadium, Chennai",DC,CSK,2,5.6,Sameer Rizvi,Anshul Kamboj,0,0,0,0,0,0,,,
202618,2026,Group Stage,18,"Apr 11, 2026","MA Chidambaram Stadium, Chennai",DC,CSK,2,6.1,Axar Patel,Gurjapneet Singh,0,0,0,0,0,0,caught,Axar Patel,Sarfaraz Khan
202618,2026,Group Stage,18,"Apr 11, 2026","MA Chidambaram Stadium, Chennai",DC,CSK,2,6.2,David Miller,Gurjapneet Singh,0,5,1,0,0,0,,,
202618,2026,Group Stage,18,"Apr 11, 2026","MA Chidambaram Stadium, Chennai",DC,CSK,2,6.2,David Miller,Gurjapneet Singh,1,0,0,0,0,0,,,
202618,2026,Group Stage,18,"Apr 11, 2026","MA Chidambaram Stadium, Chennai",DC,CSK,2,6.3,Sameer Rizvi,Gurjapneet Singh,1,0,0,0,0,0,,,
202618,2026,Group Stage,18,"Apr 11, 2026","MA Chidambaram Stadium, Chennai",DC,CSK,2,6.4,David Miller,Gurjapneet Singh,0,0,0,0,0,0,,,
202618,2026,Group Stage,18,"Apr 11, 2026","MA Chidambaram Stadium, Chennai",DC,CSK,2,6.5,David Miller,Gurjapneet Singh,0,0,0,0,0,0,,,
202618,2026,Group Stage,18,"Apr 11, 2026","MA Chidambaram Stadium, Chennai",DC,CSK,2,6.6,David Miller,Gurjapneet Singh,0,0,0,0,0,0,,,
202618,2026,Group Stage,18,"Apr 11, 2026","MA Chidambaram Stadium, Chennai",DC,CSK,2,7.1,Sameer Rizvi,Jamie Overton,0,0,0,0,0,0,,,
202618,2026,Group Stage,18,"Apr 11, 2026","MA Chidambaram Stadium, Chennai",DC,CSK,2,7.2,Sameer Rizvi,Jamie Overton,0,0,0,0,0,0,,,
202618,2026,Group Stage,18,"Apr 11, 2026","MA Chidambaram Stadium, Chennai",DC,CSK,2,7.3,Sameer Rizvi,Jamie Overton,1,0,0,0,0,0,,,
202618,2026,Group Stage,18,"Apr 11, 2026","MA Chidambaram Stadium, Chennai",DC,CSK,2,7.4,David Miller,Jamie Overton,0,1,1,0,0,0,,,
202618,2026,Group Stage,18,"Apr 11, 2026","MA Chidambaram Stadium, Chennai",DC,CSK,2,7.4,David Miller,Jamie Overton,1,0,0,0,0,0,,,
202618,2026,Group Stage,18,"Apr 11, 2026","MA Chidambaram Stadium, Chennai",DC,CSK,2,7.5,Sameer Rizvi,Jamie Overton,0,0,0,0,0,0,,,
202618,2026,Group Stage,18,"Apr 11, 2026","MA Chidambaram Stadium, Chennai",DC,CSK,2,7.6,Sameer Rizvi,Jamie Overton,0,0,0,0,0,0,caught,Sameer Rizvi,Dewald Brevis
202618,2026,Group Stage,18,"Apr 11, 2026","MA Chidambaram Stadium, Chennai",DC,CSK,2,8.1,David Miller,Noor Ahmad,1,0,0,0,0,0,,,
202618,2026,Group Stage,18,"Apr 11, 2026","MA Chidambaram Stadium, Chennai",DC,CSK,2,8.2,Tristan Stubbs,Noor Ahmad,1,0,0,0,0,0,,,
202618,2026,Group Stage,18,"Apr 11, 2026","MA Chidambaram Stadium, Chennai",DC,CSK,2,8.3,David Miller,Noor Ahmad,1,0,0,0,0,0,,,
202618,2026,Group Stage,18,"Apr 11, 2026","MA Chidambaram Stadium, Chennai",DC,CSK,2,8.4,Tristan Stubbs,Noor Ahmad,1,0,0,0,0,0,,,
202618,2026,Group Stage,18,"Apr 11, 2026","MA Chidambaram Stadium, Chennai",DC,CSK,2,8.5,David Miller,Noor Ahmad,1,0,0,0,0,0,,,
202618,2026,Group Stage,18,"Apr 11, 2026","MA Chidambaram Stadium, Chennai",DC,CSK,2,8.6,Tristan Stubbs,Noor Ahmad,1,0,0,0,0,0,,,
202618,2026,Group Stage,18,"Apr 11, 2026","MA Chidambaram Stadium, Chennai",DC,CSK,2,9.1,Tristan Stubbs,Gurjapneet Singh,0,0,0,0,0,0,,,
202618,2026,Group Stage,18,"Apr 11, 2026","MA Chidambaram Stadium, Chennai",DC,CSK,2,9.2,Tristan Stubbs,Gurjapneet Singh,1,0,0,0,0,0,,,
202618,2026,Group Stage,18,"Apr 11, 2026","MA Chidambaram Stadium, Chennai",DC,CSK,2,9.3,David Miller,Gurjapneet Singh,1,0,0,0,0,0,,,
202618,2026,Group Stage,18,"Apr 11, 2026","MA Chidambaram Stadium, Chennai",DC,CSK,2,9.4,Tristan Stubbs,Gurjapneet Singh,0,0,0,0,0,0,,,
202618,2026,Group Stage,18,"Apr 11, 2026","MA Chidambaram Stadium, Chennai",DC,CSK,2,9.5,Tristan Stubbs,Gurjapneet Singh,6,0,0,0,0,0,,,
202618,2026,Group Stage,18,"Apr 11, 2026","MA Chidambaram Stadium, Chennai",DC,CSK,2,9.6,Tristan Stubbs,Gurjapneet Singh,1,0,0,0,0,0,,,
202618,2026,Group Stage,18,"Apr 11, 2026","MA Chidambaram Stadium, Chennai",DC,CSK,2,10.1,Tristan Stubbs,Noor Ahmad,0,0,0,0,0,0,,,
202618,2026,Group Stage,18,"Apr 11, 2026","MA Chidambaram Stadium, Chennai",DC,CSK,2,10.2,Tristan Stubbs,Noor Ahmad,0,0,0,0,0,0,,,
202618,2026,Group Stage,18,"Apr 11, 2026","MA Chidambaram Stadium, Chennai",DC,CSK,2,10.3,Tristan Stubbs,Noor Ahmad,1,0,0,0,0,0,,,
202618,2026,Group Stage,18,"Apr 11, 2026","MA Chidambaram Stadium, Chennai",DC,CSK,2,10.4,David Miller,Noor Ahmad,0,2,1,0,0,0,,,
202618,2026,Group Stage,18,"Apr 11, 2026","MA Chidambaram Stadium, Chennai",DC,CSK,2,10.4,Tristan Stubbs,Noor Ahmad,1,0,0,0,0,0,,,
202618,2026,Group Stage,18,"Apr 11, 2026","MA Chidambaram Stadium, Chennai",DC,CSK,2,10.5,David Miller,Noor Ahmad,6,0,0,0,0,0,,,
202618,2026,Group Stage,18,"Apr 11, 2026","MA Chidambaram Stadium, Chennai",DC,CSK,2,10.6,David Miller,Noor Ahmad,0,1,1,0,0,0,,,
202618,2026,Group Stage,18,"Apr 11, 2026","MA Chidambaram Stadium, Chennai",DC,CSK,2,10.6,David Miller,Noor Ahmad,4,0,0,0,0,0,,,
202618,2026,Group Stage,18,"Apr 11, 2026","MA Chidambaram Stadium, Chennai",DC,CSK,2,11.1,Tristan Stubbs,Khaleel Ahmed,0,1,1,0,0,0,,,
202618,2026,Group Stage,18,"Apr 11, 2026","MA Chidambaram Stadium, Chennai",DC,CSK,2,11.1,Tristan Stubbs,Khaleel Ahmed,1,0,0,0,0,0,,,
202618,2026,Group Stage,18,"Apr 11, 2026","MA Chidambaram Stadium, Chennai",DC,CSK,2,11.2,David Miller,Khaleel Ahmed,1,0,0,0,0,0,,,
202618,2026,Group Stage,18,"Apr 11, 2026","MA Chidambaram Stadium, Chennai",DC,CSK,2,11.3,Tristan Stubbs,Khaleel Ahmed,2,0,0,0,0,0,,,
202618,2026,Group Stage,18,"Apr 11, 2026","MA Chidambaram Stadium, Chennai",DC,CSK,2,11.4,Tristan Stubbs,Khaleel Ahmed,6,0,0,0,0,0,,,
202618,2026,Group Stage,18,"Apr 11, 2026","MA Chidambaram Stadium, Chennai",DC,CSK,2,11.5,Tristan Stubbs,Khaleel Ahmed,2,0,0,0,0,0,,,
202618,2026,Group Stage,18,"Apr 11, 2026","MA Chidambaram Stadium, Chennai",DC,CSK,2,11.6,Tristan Stubbs,Khaleel Ahmed,2,0,0,0,0,0,,,
202618,2026,Group Stage,18,"Apr 11, 2026","MA Chidambaram Stadium, Chennai",DC,CSK,2,12.1,David Miller,Jamie Overton,0,0,0,0,0,0,,,
202618,2026,Group Stage,18,"Apr 11, 2026","MA Chidambaram Stadium, Chennai",DC,CSK,2,12.2,David Miller,Jamie Overton,0,0,0,0,0,0,bowled,David Miller,
202618,2026,Group Stage,18,"Apr 11, 2026","MA Chidambaram Stadium, Chennai",DC,CSK,2,12.3,Ashutosh Sharma,Jamie Overton,1,0,0,0,0,0,,,
202618,2026,Group Stage,18,"Apr 11, 2026","MA Chidambaram Stadium, Chennai",DC,CSK,2,12.4,Tristan Stubbs,Jamie Overton,1,0,0,0,0,0,,,
202618,2026,Group Stage,18,"Apr 11, 2026","MA Chidambaram Stadium, Chennai",DC,CSK,2,12.5,Ashutosh Sharma,Jamie Overton,6,0,0,0,0,0,,,
202618,2026,Group Stage,18,"Apr 11, 2026","MA Chidambaram Stadium, Chennai",DC,CSK,2,12.6,Ashutosh Sharma,Jamie Overton,1,0,0,0,0,0,,,
202618,2026,Group Stage,18,"Apr 11, 2026","MA Chidambaram Stadium, Chennai",DC,CSK,2,13.1,Ashutosh Sharma,Gurjapneet Singh,1,0,0,0,0,0,,,
202618,2026,Group Stage,18,"Apr 11, 2026","MA Chidambaram Stadium, Chennai",DC,CSK,2,13.2,Tristan Stubbs,Gurjapneet Singh,2,0,0,0,0,0,,,
202618,2026,Group Stage,18,"Apr 11, 2026","MA Chidambaram Stadium, Chennai",DC,CSK,2,13.3,Tristan Stubbs,Gurjapneet Singh,4,0,0,0,0,0,,,
202618,2026,Group Stage,18,"Apr 11, 2026","MA Chidambaram Stadium, Chennai",DC,CSK,2,13.4,Tristan Stubbs,Gurjapneet Singh,1,0,0,0,0,0,,,
202618,2026,Group Stage,18,"Apr 11, 2026","MA Chidambaram Stadium, Chennai",DC,CSK,2,13.5,Ashutosh Sharma,Gurjapneet Singh,0,0,0,0,0,0,,,
202618,2026,Group Stage,18,"Apr 11, 2026","MA Chidambaram Stadium, Chennai",DC,CSK,2,13.6,Ashutosh Sharma,Gurjapneet Singh,0,0,0,0,0,0,,,
202618,2026,Group Stage,18,"Apr 11, 2026","MA Chidambaram Stadium, Chennai",DC,CSK,2,14.1,Tristan Stubbs,Noor Ahmad,1,0,0,0,0,0,,,
202618,2026,Group Stage,18,"Apr 11, 2026","MA Chidambaram Stadium, Chennai",DC,CSK,2,14.2,Ashutosh Sharma,Noor Ahmad,4,0,0,0,0,0,,,
202618,2026,Group Stage,18,"Apr 11, 2026","MA Chidambaram Stadium, Chennai",DC,CSK,2,14.3,Ashutosh Sharma,Noor Ahmad,0,0,0,0,0,0,,,
202618,2026,Group Stage,18,"Apr 11, 2026","MA Chidambaram Stadium, Chennai",DC,CSK,2,14.4,Ashutosh Sharma,Noor Ahmad,6,0,0,0,0,0,,,
202618,2026,Group Stage,18,"Apr 11, 2026","MA Chidambaram Stadium, Chennai",DC,CSK,2,14.5,Ashutosh Sharma,Noor Ahmad,0,0,0,0,0,0,caught,Ashutosh Sharma,Anshul Kamboj
202618,2026,Group Stage,18,"Apr 11, 2026","MA Chidambaram Stadium, Chennai",DC,CSK,2,14.6,Auqib Nabi,Noor Ahmad,4,0,0,0,0,0,,,
202618,2026,Group Stage,18,"Apr 11, 2026","MA Chidambaram Stadium, Chennai",DC,CSK,2,15.1,Tristan Stubbs,Jamie Overton,0,0,0,0,0,0,,,
202618,2026,Group Stage,18,"Apr 11, 2026","MA Chidambaram Stadium, Chennai",DC,CSK,2,15.2,Tristan Stubbs,Jamie Overton,0,0,0,0,0,0,,,
202618,2026,Group Stage,18,"Apr 11, 2026","MA Chidambaram Stadium, Chennai",DC,CSK,2,15.3,Tristan Stubbs,Jamie Overton,1,0,0,0,0,0,,,
202618,2026,Group Stage,18,"Apr 11, 2026","MA Chidambaram Stadium, Chennai",DC,CSK,2,15.4,Auqib Nabi,Jamie Overton,0,0,0,0,0,0,caught,Auqib Nabi,Akeal Hosein
202618,2026,Group Stage,18,"Apr 11, 2026","MA Chidambaram Stadium, Chennai",DC,CSK,2,15.5,Kuldeep Yadav,Jamie Overton,1,0,0,0,0,0,,,
202618,2026,Group Stage,18,"Apr 11, 2026","MA Chidambaram Stadium, Chennai",DC,CSK,2,15.6,Tristan Stubbs,Jamie Overton,1,0,0,0,0,0,,,
202618,2026,Group Stage,18,"Apr 11, 2026","MA Chidambaram Stadium, Chennai",DC,CSK,2,16.1,Tristan Stubbs,Gurjapneet Singh,1,0,0,0,0,0,,,
202618,2026,Group Stage,18,"Apr 11, 2026","MA Chidambaram Stadium, Chennai",DC,CSK,2,16.2,Kuldeep Yadav,Gurjapneet Singh,1,0,0,0,0,0,,,
202618,2026,Group Stage,18,"Apr 11, 2026","MA Chidambaram Stadium, Chennai",DC,CSK,2,16.3,Tristan Stubbs,Gurjapneet Singh,4,0,0,0,0,0,,,
202618,2026,Group Stage,18,"Apr 11, 2026","MA Chidambaram Stadium, Chennai",DC,CSK,2,16.4,Tristan Stubbs,Gurjapneet Singh,6,0,0,0,0,0,,,
202618,2026,Group Stage,18,"Apr 11, 2026","MA Chidambaram Stadium, Chennai",DC,CSK,2,16.5,Tristan Stubbs,Gurjapneet Singh,2,0,0,0,0,0,,,
202618,2026,Group Stage,18,"Apr 11, 2026","MA Chidambaram Stadium, Chennai",DC,CSK,2,16.6,Tristan Stubbs,Gurjapneet Singh,1,0,0,0,0,0,,,
202618,2026,Group Stage,18,"Apr 11, 2026","MA Chidambaram Stadium, Chennai",DC,CSK,2,17.1,Tristan Stubbs,Anshul Kamboj,0,0,0,0,0,0,,,
202618,2026,Group Stage,18,"Apr 11, 2026","MA Chidambaram Stadium, Chennai",DC,CSK,2,17.2,Tristan Stubbs,Anshul Kamboj,0,0,0,0,0,0,,,
202618,2026,Group Stage,18,"Apr 11, 2026","MA Chidambaram Stadium, Chennai",DC,CSK,2,17.3,Tristan Stubbs,Anshul Kamboj,4,0,0,0,0,0,,,
202618,2026,Group Stage,18,"Apr 11, 2026","MA Chidambaram Stadium, Chennai",DC,CSK,2,17.4,Tristan Stubbs,Anshul Kamboj,1,0,0,0,0,0,,,
202618,2026,Group Stage,18,"Apr 11, 2026","MA Chidambaram Stadium, Chennai",DC,CSK,2,17.5,Kuldeep Yadav,Anshul Kamboj,1,0,0,0,0,0,,,
202618,2026,Group Stage,18,"Apr 11, 2026","MA Chidambaram Stadium, Chennai",DC,CSK,2,17.6,Tristan Stubbs,Anshul Kamboj,4,0,0,0,0,0,,,
202618,2026,Group Stage,18,"Apr 11, 2026","MA Chidambaram Stadium, Chennai",DC,CSK,2,18.1,Kuldeep Yadav,Jamie Overton,0,1,0,1,0,0,,,
202618,2026,Group Stage,18,"Apr 11, 2026","MA Chidambaram Stadium, Chennai",DC,CSK,2,18.2,Tristan Stubbs,Jamie Overton,0,0,0,0,0,0,,,
202618,2026,Group Stage,18,"Apr 11, 2026","MA Chidambaram Stadium, Chennai",DC,CSK,2,18.2,Tristan Stubbs,Jamie Overton,0,1,1,0,0,0,,,
202618,2026,Group Stage,18,"Apr 11, 2026","MA Chidambaram Stadium, Chennai",DC,CSK,2,18.3,Tristan Stubbs,Jamie Overton,0,0,0,0,0,0,caught,Tristan Stubbs,Noor Ahmad
202618,2026,Group Stage,18,"Apr 11, 2026","MA Chidambaram Stadium, Chennai",DC,CSK,2,18.4,Lungi Ngidi,Jamie Overton,1,0,0,0,0,0,,,
202618,2026,Group Stage,18,"Apr 11, 2026","MA Chidambaram Stadium, Chennai",DC,CSK,2,18.5,Kuldeep Yadav,Jamie Overton,0,0,0,0,0,0,,,
202618,2026,Group Stage,18,"Apr 11, 2026","MA Chidambaram Stadium, Chennai",DC,CSK,2,18.6,Kuldeep Yadav,Jamie Overton,1,0,0,0,0,0,,,
202618,2026,Group Stage,18,"Apr 11, 2026","MA Chidambaram Stadium, Chennai",DC,CSK,2,19.1,Kuldeep Yadav,Anshul Kamboj,0,0,0,0,0,0,caught,Kuldeep Yadav,Dewald Brevis
202618,2026,Group Stage,18,"Apr 11, 2026","MA Chidambaram Stadium, Chennai",DC,CSK,2,19.2,Natarajan,Anshul Kamboj,0,0,0,0,0,0,,,
202618,2026,Group Stage,18,"Apr 11, 2026","MA Chidambaram Stadium, Chennai",DC,CSK,2,19.3,Natarajan,Anshul Kamboj,1,0,0,0,0,0,,,
202618,2026,Group Stage,18,"Apr 11, 2026","MA Chidambaram Stadium, Chennai",DC,CSK,2,19.4,Lungi Ngidi,Anshul Kamboj,0,0,0,0,0,0,,,
202618,2026,Group Stage,18,"Apr 11, 2026","MA Chidambaram Stadium, Chennai",DC,CSK,2,19.4,Lungi Ngidi,Anshul Kamboj,0,1,0,0,0,1,,,
202618,2026,Group Stage,18,"Apr 11, 2026","MA Chidambaram Stadium, Chennai",DC,CSK,2,19.5,Lungi Ngidi,Anshul Kamboj,2,0,0,0,0,0,,,
202618,2026,Group Stage,18,"Apr 11, 2026","MA Chidambaram Stadium, Chennai",DC,CSK,2,19.6,Lungi Ngidi,Anshul Kamboj,0,0,0,0,0,0,caught,Lungi Ngidi,Gurjapneet Singh
202622,2026,Group Stage,22,"Apr 14, 2026","MA Chidambaram Stadium, Chennai",KKR,CSK,2,0.1,Finn Allen,Khaleel Ahmed,0,1,0,1,0,0,,,
202622,2026,Group Stage,22,"Apr 14, 2026","MA Chidambaram Stadium, Chennai",KKR,CSK,2,0.2,Sunil Narine,Khaleel Ahmed,0,0,0,0,0,0,,,
202622,2026,Group Stage,22,"Apr 14, 2026","MA Chidambaram Stadium, Chennai",KKR,CSK,2,0.3,Sunil Narine,Khaleel Ahmed,0,0,0,0,0,0,,,
202622,2026,Group Stage,22,"Apr 14, 2026","MA Chidambaram Stadium, Chennai",KKR,CSK,2,0.4,Sunil Narine,Khaleel Ahmed,0,0,0,0,0,0,,,
202622,2026,Group Stage,22,"Apr 14, 2026","MA Chidambaram Stadium, Chennai",KKR,CSK,2,0.5,Sunil Narine,Khaleel Ahmed,6,0,0,0,0,0,,,
202622,2026,Group Stage,22,"Apr 14, 2026","MA Chidambaram Stadium, Chennai",KKR,CSK,2,0.6,Sunil Narine,Khaleel Ahmed,0,0,0,0,0,0,,,
202622,2026,Group Stage,22,"Apr 14, 2026","MA Chidambaram Stadium, Chennai",KKR,CSK,2,1.1,Finn Allen,Anshul Kamboj,1,0,0,0,0,0,,,
202622,2026,Group Stage,22,"Apr 14, 2026","MA Chidambaram Stadium, Chennai",KKR,CSK,2,1.2,Sunil Narine,Anshul Kamboj,4,0,0,0,0,0,,,
202622,2026,Group Stage,22,"Apr 14, 2026","MA Chidambaram Stadium, Chennai",KKR,CSK,2,1.3,Sunil Narine,Anshul Kamboj,1,0,0,0,0,0,,,
202622,2026,Group Stage,22,"Apr 14, 2026","MA Chidambaram Stadium, Chennai",KKR,CSK,2,1.4,Finn Allen,Anshul Kamboj,0,0,0,0,0,0,caught,Finn Allen,Shivam Dube
202622,2026,Group Stage,22,"Apr 14, 2026","MA Chidambaram Stadium, Chennai",KKR,CSK,2,1.5,Ajinkya Rahane,Anshul Kamboj,0,0,0,0,0,0,,,
202622,2026,Group Stage,22,"Apr 14, 2026","MA Chidambaram Stadium, Chennai",KKR,CSK,2,1.6,Ajinkya Rahane,Anshul Kamboj,1,0,0,0,0,0,,,
202622,2026,Group Stage,22,"Apr 14, 2026","MA Chidambaram Stadium, Chennai",KKR,CSK,2,2.1,Ajinkya Rahane,Khaleel Ahmed,0,0,0,0,0,0,,,
202622,2026,Group Stage,22,"Apr 14, 2026","MA Chidambaram Stadium, Chennai",KKR,CSK,2,2.2,Ajinkya Rahane,Khaleel Ahmed,0,0,0,0,0,0,,,
202622,2026,Group Stage,22,"Apr 14, 2026","MA Chidambaram Stadium, Chennai",KKR,CSK,2,2.3,Ajinkya Rahane,Khaleel Ahmed,1,0,0,0,0,0,,,
202622,2026,Group Stage,22,"Apr 14, 2026","MA Chidambaram Stadium, Chennai",KKR,CSK,2,2.4,Sunil Narine,Khaleel Ahmed,6,0,0,0,0,0,,,
202622,2026,Group Stage,22,"Apr 14, 2026","MA Chidambaram Stadium, Chennai",KKR,CSK,2,2.5,Sunil Narine,Khaleel Ahmed,0,0,0,0,0,0,,,
202622,2026,Group Stage,22,"Apr 14, 2026","MA Chidambaram Stadium, Chennai",KKR,CSK,2,2.6,Sunil Narine,Khaleel Ahmed,1,0,0,0,0,0,,,
202622,2026,Group Stage,22,"Apr 14, 2026","MA Chidambaram Stadium, Chennai",KKR,CSK,2,3.1,Sunil Narine,Anshul Kamboj,0,0,0,0,0,0,,,
202622,2026,Group Stage,22,"Apr 14, 2026","MA Chidambaram Stadium, Chennai",KKR,CSK,2,3.2,Sunil Narine,Anshul Kamboj,0,0,0,0,0,0,,,
202622,2026,Group Stage,22,"Apr 14, 2026","MA Chidambaram Stadium, Chennai",KKR,CSK,2,3.3,Sunil Narine,Anshul Kamboj,0,0,0,0,0,0,,,
202622,2026,Group Stage,22,"Apr 14, 2026","MA Chidambaram Stadium, Chennai",KKR,CSK,2,3.4,Sunil Narine,Anshul Kamboj,4,0,0,0,0,0,,,
202622,2026,Group Stage,22,"Apr 14, 2026","MA Chidambaram Stadium, Chennai",KKR,CSK,2,3.5,Sunil Narine,Anshul Kamboj,2,0,0,0,0,0,,,
202622,2026,Group Stage,22,"Apr 14, 2026","MA Chidambaram Stadium, Chennai",KKR,CSK,2,3.6,Sunil Narine,Anshul Kamboj,0,0,0,0,0,0,,,
202622,2026,Group Stage,22,"Apr 14, 2026","MA Chidambaram Stadium, Chennai",KKR,CSK,2,4.1,Ajinkya Rahane,Khaleel Ahmed,1,0,0,0,0,0,,,
202622,2026,Group Stage,22,"Apr 14, 2026","MA Chidambaram Stadium, Chennai",KKR,CSK,2,4.2,Sunil Narine,Khaleel Ahmed,0,0,0,0,0,0,caught,Sunil Narine,Gurjapneet Singh
202622,2026,Group Stage,22,"Apr 14, 2026","MA Chidambaram Stadium, Chennai",KKR,CSK,2,4.3,Angkrish Raghuvanshi,Khaleel Ahmed,0,0,0,0,0,0,,,
202622,2026,Group Stage,22,"Apr 14, 2026","MA Chidambaram Stadium, Chennai",KKR,CSK,2,4.4,Angkrish Raghuvanshi,Khaleel Ahmed,0,0,0,0,0,0,,,
202622,2026,Group Stage,22,"Apr 14, 2026","MA Chidambaram Stadium, Chennai",KKR,CSK,2,4.5,Angkrish Raghuvanshi,Khaleel Ahmed,1,0,0,0,0,0,,,
202622,2026,Group Stage,22,"Apr 14, 2026","MA Chidambaram Stadium, Chennai",KKR,CSK,2,4.6,Ajinkya Rahane,Khaleel Ahmed,1,0,0,0,0,0,,,
202622,2026,Group Stage,22,"Apr 14, 2026","MA Chidambaram Stadium, Chennai",KKR,CSK,2,5.1,Ajinkya Rahane,Akeal Hosein,1,0,0,0,0,0,,,
202622,2026,Group Stage,22,"Apr 14, 2026","MA Chidambaram Stadium, Chennai",KKR,CSK,2,5.2,Angkrish Raghuvanshi,Akeal Hosein,0,0,0,0,0,0,,,
202622,2026,Group Stage,22,"Apr 14, 2026","MA Chidambaram Stadium, Chennai",KKR,CSK,2,5.3,Angkrish Raghuvanshi,Akeal Hosein,0,0,0,0,0,0,,,
202622,2026,Group Stage,22,"Apr 14, 2026","MA Chidambaram Stadium, Chennai",KKR,CSK,2,5.4,Angkrish Raghuvanshi,Akeal Hosein,4,0,0,0,0,0,,,
202622,2026,Group Stage,22,"Apr 14, 2026","MA Chidambaram Stadium, Chennai",KKR,CSK,2,5.5,Angkrish Raghuvanshi,Akeal Hosein,0,0,0,0,0,0,,,
202622,2026,Group Stage,22,"Apr 14, 2026","MA Chidambaram Stadium, Chennai",KKR,CSK,2,5.6,Angkrish Raghuvanshi,Akeal Hosein,0,0,0,0,0,0,,,
202622,2026,Group Stage,22,"Apr 14, 2026","MA Chidambaram Stadium, Chennai",KKR,CSK,2,6.1,Ajinkya Rahane,Noor Ahmad,1,0,0,0,0,0,,,
202622,2026,Group Stage,22,"Apr 14, 2026","MA Chidambaram Stadium, Chennai",KKR,CSK,2,6.2,Angkrish Raghuvanshi,Noor Ahmad,1,0,0,0,0,0,,,
202622,2026,Group Stage,22,"Apr 14, 2026","MA Chidambaram Stadium, Chennai",KKR,CSK,2,6.3,Ajinkya Rahane,Noor Ahmad,1,0,0,0,0,0,,,
202622,2026,Group Stage,22,"Apr 14, 2026","MA Chidambaram Stadium, Chennai",KKR,CSK,2,6.4,Angkrish Raghuvanshi,Noor Ahmad,4,0,0,0,0,0,,,
202622,2026,Group Stage,22,"Apr 14, 2026","MA Chidambaram Stadium, Chennai",KKR,CSK,2,6.5,Angkrish Raghuvanshi,Noor Ahmad,1,0,0,0,0,0,,,
202622,2026,Group Stage,22,"Apr 14, 2026","MA Chidambaram Stadium, Chennai",KKR,CSK,2,6.6,Ajinkya Rahane,Noor Ahmad,2,0,0,0,0,0,,,
202622,2026,Group Stage,22,"Apr 14, 2026","MA Chidambaram Stadium, Chennai",KKR,CSK,2,7.1,Angkrish Raghuvanshi,Akeal Hosein,1,0,0,0,0,0,,,
202622,2026,Group Stage,22,"Apr 14, 2026","MA Chidambaram Stadium, Chennai",KKR,CSK,2,7.2,Ajinkya Rahane,Akeal Hosein,1,0,0,0,0,0,,,
202622,2026,Group Stage,22,"Apr 14, 2026","MA Chidambaram Stadium, Chennai",KKR,CSK,2,7.3,Angkrish Raghuvanshi,Akeal Hosein,6,0,0,0,0,0,,,
202622,2026,Group Stage,22,"Apr 14, 2026","MA Chidambaram Stadium, Chennai",KKR,CSK,2,7.4,Angkrish Raghuvanshi,Akeal Hosein,2,0,0,0,0,0,,,
202622,2026,Group Stage,22,"Apr 14, 2026","MA Chidambaram Stadium, Chennai",KKR,CSK,2,7.5,Angkrish Raghuvanshi,Akeal Hosein,1,0,0,0,0,0,,,
202622,2026,Group Stage,22,"Apr 14, 2026","MA Chidambaram Stadium, Chennai",KKR,CSK,2,7.6,Ajinkya Rahane,Akeal Hosein,1,0,0,0,0,0,,,
202622,2026,Group Stage,22,"Apr 14, 2026","MA Chidambaram Stadium, Chennai",KKR,CSK,2,8.1,Ajinkya Rahane,Gurjapneet Singh,0,1,1,0,0,0,,,
202622,2026,Group Stage,22,"Apr 14, 2026","MA Chidambaram Stadium, Chennai",KKR,CSK,2,8.1,Ajinkya Rahane,Gurjapneet Singh,6,0,0,0,0,0,,,
202622,2026,Group Stage,22,"Apr 14, 2026","MA Chidambaram Stadium, Chennai",KKR,CSK,2,8.2,Ajinkya Rahane,Gurjapneet Singh,0,0,0,0,0,0,,,
202622,2026,Group Stage,22,"Apr 14, 2026","MA Chidambaram Stadium, Chennai",KKR,CSK,2,8.3,Ajinkya Rahane,Gurjapneet Singh,6,0,0,0,0,0,,,
202622,2026,Group Stage,22,"Apr 14, 2026","MA Chidambaram Stadium, Chennai",KKR,CSK,2,8.4,Ajinkya Rahane,Gurjapneet Singh,1,0,0,0,0,0,,,
202622,2026,Group Stage,22,"Apr 14, 2026","MA Chidambaram Stadium, Chennai",KKR,CSK,2,8.5,Angkrish Raghuvanshi,Gurjapneet Singh,4,0,0,0,0,0,,,
202622,2026,Group Stage,22,"Apr 14, 2026","MA Chidambaram Stadium, Chennai",KKR,CSK,2,8.6,Angkrish Raghuvanshi,Gurjapneet Singh,1,0,0,0,0,0,,,
202622,2026,Group Stage,22,"Apr 14, 2026","MA Chidambaram Stadium, Chennai",KKR,CSK,2,9.1,Angkrish Raghuvanshi,Akeal Hosein,1,0,0,0,0,0,,,
202622,2026,Group Stage,22,"Apr 14, 2026","MA Chidambaram Stadium, Chennai",KKR,CSK,2,9.2,Ajinkya Rahane,Akeal Hosein,1,0,0,0,0,0,,,
202622,2026,Group Stage,22,"Apr 14, 2026","MA Chidambaram Stadium, Chennai",KKR,CSK,2,9.3,Angkrish Raghuvanshi,Akeal Hosein,0,0,0,0,0,0,caught,Angkrish Raghuvanshi,Dewald Brevis
202622,2026,Group Stage,22,"Apr 14, 2026","MA Chidambaram Stadium, Chennai",KKR,CSK,2,9.4,Rinku Singh,Akeal Hosein,0,0,0,0,0,0,,,
202622,2026,Group Stage,22,"Apr 14, 2026","MA Chidambaram Stadium, Chennai",KKR,CSK,2,9.5,Rinku Singh,Akeal Hosein,1,0,0,0,0,0,,,
202622,2026,Group Stage,22,"Apr 14, 2026","MA Chidambaram Stadium, Chennai",KKR,CSK,2,9.6,Ajinkya Rahane,Akeal Hosein,1,0,0,0,0,0,,,
202622,2026,Group Stage,22,"Apr 14, 2026","MA Chidambaram Stadium, Chennai",KKR,CSK,2,10.1,Ajinkya Rahane,Noor Ahmad,1,0,0,0,0,0,,,
202622,2026,Group Stage,22,"Apr 14, 2026","MA Chidambaram Stadium, Chennai",KKR,CSK,2,10.2,Rinku Singh,Noor Ahmad,1,0,0,0,0,0,,,
202622,2026,Group Stage,22,"Apr 14, 2026","MA Chidambaram Stadium, Chennai",KKR,CSK,2,10.3,Ajinkya Rahane,Noor Ahmad,1,0,0,0,0,0,,,
202622,2026,Group Stage,22,"Apr 14, 2026","MA Chidambaram Stadium, Chennai",KKR,CSK,2,10.4,Rinku Singh,Noor Ahmad,1,0,0,0,0,0,,,
202622,2026,Group Stage,22,"Apr 14, 2026","MA Chidambaram Stadium, Chennai",KKR,CSK,2,10.5,Ajinkya Rahane,Noor Ahmad,0,0,0,0,0,0,caught,Ajinkya Rahane,Ruturaj Gaikwad
202622,2026,Group Stage,22,"Apr 14, 2026","MA Chidambaram Stadium, Chennai",KKR,CSK,2,10.6,Cameron Green,Noor Ahmad,0,0,0,0,0,0,bowled,Cameron Green,
202622,2026,Group Stage,22,"Apr 14, 2026","MA Chidambaram Stadium, Chennai",KKR,CSK,2,11.1,Rinku Singh,Akeal Hosein,1,0,0,0,0,0,,,
202622,2026,Group Stage,22,"Apr 14, 2026","MA Chidambaram Stadium, Chennai",KKR,CSK,2,11.2,Rovman Powell,Akeal Hosein,1,0,0,0,0,0,,,
202622,2026,Group Stage,22,"Apr 14, 2026","MA Chidambaram Stadium, Chennai",KKR,CSK,2,11.3,Rinku Singh,Akeal Hosein,1,0,0,0,0,0,,,
202622,2026,Group Stage,22,"Apr 14, 2026","MA Chidambaram Stadium, Chennai",KKR,CSK,2,11.4,Rovman Powell,Akeal Hosein,0,0,0,0,0,0,,,
202622,2026,Group Stage,22,"Apr 14, 2026","MA Chidambaram Stadium, Chennai",KKR,CSK,2,11.5,Rovman Powell,Akeal Hosein,1,0,0,0,0,0,,,
202622,2026,Group Stage,22,"Apr 14, 2026","MA Chidambaram Stadium, Chennai",KKR,CSK,2,11.6,Rinku Singh,Akeal Hosein,1,0,0,0,0,0,,,
202622,2026,Group Stage,22,"Apr 14, 2026","MA Chidambaram Stadium, Chennai",KKR,CSK,2,12.1,Rinku Singh,Noor Ahmad,0,0,0,0,0,0,,,
202622,2026,Group Stage,22,"Apr 14, 2026","MA Chidambaram Stadium, Chennai",KKR,CSK,2,12.2,Rinku Singh,Noor Ahmad,0,0,0,0,0,0,,,
202622,2026,Group Stage,22,"Apr 14, 2026","MA Chidambaram Stadium, Chennai",KKR,CSK,2,12.3,Rinku Singh,Noor Ahmad,0,0,0,0,0,0,,,
202622,2026,Group Stage,22,"Apr 14, 2026","MA Chidambaram Stadium, Chennai",KKR,CSK,2,12.4,Rinku Singh,Noor Ahmad,0,0,0,0,0,0,,,
202622,2026,Group Stage,22,"Apr 14, 2026","MA Chidambaram Stadium, Chennai",KKR,CSK,2,12.5,Rinku Singh,Noor Ahmad,0,0,0,0,0,0,caught,Rinku Singh,Shivam Dube
202622,2026,Group Stage,22,"Apr 14, 2026","MA Chidambaram Stadium, Chennai",KKR,CSK,2,12.6,Ramandeep Singh,Noor Ahmad,1,0,0,0,0,0,,,
202622,2026,Group Stage,22,"Apr 14, 2026","MA Chidambaram Stadium, Chennai",KKR,CSK,2,13.1,Ramandeep Singh,Jamie Overton,0,0,0,0,0,0,,,
202622,2026,Group Stage,22,"Apr 14, 2026","MA Chidambaram Stadium, Chennai",KKR,CSK,2,13.2,Ramandeep Singh,Jamie Overton,1,0,0,0,0,0,,,
202622,2026,Group Stage,22,"Apr 14, 2026","MA Chidambaram Stadium, Chennai",KKR,CSK,2,13.3,Rovman Powell,Jamie Overton,1,0,0,0,0,0,,,
202622,2026,Group Stage,22,"Apr 14, 2026","MA Chidambaram Stadium, Chennai",KKR,CSK,2,13.4,Ramandeep Singh,Jamie Overton,1,0,0,0,0,0,,,
202622,2026,Group Stage,22,"Apr 14, 2026","MA Chidambaram Stadium, Chennai",KKR,CSK,2,13.5,Rovman Powell,Jamie Overton,6,0,0,0,0,0,,,
202622,2026,Group Stage,22,"Apr 14, 2026","MA Chidambaram Stadium, Chennai",KKR,CSK,2,13.6,Rovman Powell,Jamie Overton,0,0,0,0,0,0,,,
202622,2026,Group Stage,22,"Apr 14, 2026","MA Chidambaram Stadium, Chennai",KKR,CSK,2,14.1,Ramandeep Singh,Noor Ahmad,1,0,0,0,0,0,,,
202622,2026,Group Stage,22,"Apr 14, 2026","MA Chidambaram Stadium, Chennai",KKR,CSK,2,14.2,Rovman Powell,Noor Ahmad,1,0,0,0,0,0,,,
202622,2026,Group Stage,22,"Apr 14, 2026","MA Chidambaram Stadium, Chennai",KKR,CSK,2,14.3,Ramandeep Singh,Noor Ahmad,1,0,0,0,0,0,,,
202622,2026,Group Stage,22,"Apr 14, 2026","MA Chidambaram Stadium, Chennai",KKR,CSK,2,14.4,Rovman Powell,Noor Ahmad,1,0,0,0,0,0,,,
202622,2026,Group Stage,22,"Apr 14, 2026","MA Chidambaram Stadium, Chennai",KKR,CSK,2,14.5,Ramandeep Singh,Noor Ahmad,0,1,0,1,0,0,,,
202622,2026,Group Stage,22,"Apr 14, 2026","MA Chidambaram Stadium, Chennai",KKR,CSK,2,14.6,Rovman Powell,Noor Ahmad,2,0,0,0,0,0,,,
202622,2026,Group Stage,22,"Apr 14, 2026","MA Chidambaram Stadium, Chennai",KKR,CSK,2,15.1,Ramandeep Singh,Jamie Overton,0,0,0,0,0,0,,,
202622,2026,Group Stage,22,"Apr 14, 2026","MA Chidambaram Stadium, Chennai",KKR,CSK,2,15.2,Ramandeep Singh,Jamie Overton,4,0,0,0,0,0,,,
202622,2026,Group Stage,22,"Apr 14, 2026","MA Chidambaram Stadium, Chennai",KKR,CSK,2,15.3,Ramandeep Singh,Jamie Overton,6,0,0,0,0,0,,,
202622,2026,Group Stage,22,"Apr 14, 2026","MA Chidambaram Stadium, Chennai",KKR,CSK,2,15.4,Ramandeep Singh,Jamie Overton,0,0,0,0,0,0,,,
202622,2026,Group Stage,22,"Apr 14, 2026","MA Chidambaram Stadium, Chennai",KKR,CSK,2,15.4,Ramandeep Singh,Jamie Overton,0,1,1,0,0,0,,,
202622,2026,Group Stage,22,"Apr 14, 2026","MA Chidambaram Stadium, Chennai",KKR,CSK,2,15.5,Ramandeep Singh,Jamie Overton,1,0,0,0,0,0,,,
202622,2026,Group Stage,22,"Apr 14, 2026","MA Chidambaram Stadium, Chennai",KKR,CSK,2,15.6,Rovman Powell,Jamie Overton,1,0,0,0,0,0,,,
202622,2026,Group Stage,22,"Apr 14, 2026","MA Chidambaram Stadium, Chennai",KKR,CSK,2,16.1,Rovman Powell,Khaleel Ahmed,1,0,0,0,0,0,,,
202622,2026,Group Stage,22,"Apr 14, 2026","MA Chidambaram Stadium, Chennai",KKR,CSK,2,16.2,Ramandeep Singh,Khaleel Ahmed,1,0,0,0,0,0,,,
202622,2026,Group Stage,22,"Apr 14, 2026","MA Chidambaram Stadium, Chennai",KKR,CSK,2,16.3,Rovman Powell,Khaleel Ahmed,4,0,0,0,0,0,,,
202622,2026,Group Stage,22,"Apr 14, 2026","MA Chidambaram Stadium, Chennai",KKR,CSK,2,16.4,Rovman Powell,Khaleel Ahmed,0,0,0,0,0,0,,,
202622,2026,Group Stage,22,"Apr 14, 2026","MA Chidambaram Stadium, Chennai",KKR,CSK,2,16.5,Rovman Powell,Khaleel Ahmed,1,0,0,0,0,0,,,
202622,2026,Group Stage,22,"Apr 14, 2026","MA Chidambaram Stadium, Chennai",KKR,CSK,2,16.6,Ramandeep Singh,Gurjapneet Singh,4,0,0,0,0,0,,,
202622,2026,Group Stage,22,"Apr 14, 2026","MA Chidambaram Stadium, Chennai",KKR,CSK,2,17.1,Rovman Powell,Anshul Kamboj,0,1,1,0,0,0,,,
202622,2026,Group Stage,22,"Apr 14, 2026","MA Chidambaram Stadium, Chennai",KKR,CSK,2,17.1,Rovman Powell,Anshul Kamboj,1,0,0,0,0,0,,,
202622,2026,Group Stage,22,"Apr 14, 2026","MA Chidambaram Stadium, Chennai",KKR,CSK,2,17.2,Ramandeep Singh,Anshul Kamboj,1,0,0,0,0,0,,,
202622,2026,Group Stage,22,"Apr 14, 2026","MA Chidambaram Stadium, Chennai",KKR,CSK,2,17.3,Rovman Powell,Anshul Kamboj,1,0,0,0,0,0,,,
202622,2026,Group Stage,22,"Apr 14, 2026","MA Chidambaram Stadium, Chennai",KKR,CSK,2,17.4,Ramandeep Singh,Anshul Kamboj,1,0,0,0,0,0,,,
202622,2026,Group Stage,22,"Apr 14, 2026","MA Chidambaram Stadium, Chennai",KKR,CSK,2,17.5,Rovman Powell,Anshul Kamboj,1,0,0,0,0,0,,,
202622,2026,Group Stage,22,"Apr 14, 2026","MA Chidambaram Stadium, Chennai",KKR,CSK,2,17.6,Ramandeep Singh,Anshul Kamboj,1,0,0,0,0,0,,,
202622,2026,Group Stage,22,"Apr 14, 2026","MA Chidambaram Stadium, Chennai",KKR,CSK,2,18.1,Ramandeep Singh,Jamie Overton,2,0,0,0,0,0,,,
202622,2026,Group Stage,22,"Apr 14, 2026","MA Chidambaram Stadium, Chennai",KKR,CSK,2,18.2,Ramandeep Singh,Jamie Overton,4,0,0,0,0,0,,,
202622,2026,Group Stage,22,"Apr 14, 2026","MA Chidambaram Stadium, Chennai",KKR,CSK,2,18.3,Ramandeep Singh,Jamie Overton,1,0,0,0,0,0,,,
202622,2026,Group Stage,22,"Apr 14, 2026","MA Chidambaram Stadium, Chennai",KKR,CSK,2,18.4,Rovman Powell,Jamie Overton,0,0,0,0,0,0,,,
202622,2026,Group Stage,22,"Apr 14, 2026","MA Chidambaram Stadium, Chennai",KKR,CSK,2,18.5,Rovman Powell,Jamie Overton,0,0,0,0,0,0,,,
202622,2026,Group Stage,22,"Apr 14, 2026","MA Chidambaram Stadium, Chennai",KKR,CSK,2,18.6,Rovman Powell,Jamie Overton,0,1,1,0,0,0,,,
202622,2026,Group Stage,22,"Apr 14, 2026","MA Chidambaram Stadium, Chennai",KKR,CSK,2,18.6,Rovman Powell,Jamie Overton,2,0,0,0,0,0,,,
202622,2026,Group Stage,22,"Apr 14, 2026","MA Chidambaram Stadium, Chennai",KKR,CSK,2,19.1,Ramandeep Singh,Anshul Kamboj,4,0,0,0,0,0,,,
202622,2026,Group Stage,22,"Apr 14, 2026","MA Chidambaram Stadium, Chennai",KKR,CSK,2,19.2,Ramandeep Singh,Anshul Kamboj,0,0,0,0,0,0,,,
202622,2026,Group Stage,22,"Apr 14, 2026","MA Chidambaram Stadium, Chennai",KKR,CSK,2,19.2,Ramandeep Singh,Anshul Kamboj,0,1,1,0,0,0,,,
202622,2026,Group Stage,22,"Apr 14, 2026","MA Chidambaram Stadium, Chennai",KKR,CSK,2,19.3,Ramandeep Singh,Anshul Kamboj,0,0,0,0,0,0,caught,Ramandeep Singh,Sarfaraz Khan
202622,2026,Group Stage,22,"Apr 14, 2026","MA Chidambaram Stadium, Chennai",KKR,CSK,2,19.4,Anukul Roy,Anshul Kamboj,1,0,0,0,0,0,,,
202622,2026,Group Stage,22,"Apr 14, 2026","MA Chidambaram Stadium, Chennai",KKR,CSK,2,19.5,Rovman Powell,Anshul Kamboj,6,0,0,0,0,0,,,
202622,2026,Group Stage,22,"Apr 14, 2026","MA Chidambaram Stadium, Chennai",KKR,CSK,2,19.6,Rovman Powell,Anshul Kamboj,0,0,0,0,0,0,,,
202627,2026,Group Stage,27,"Apr 18, 2026","Rajiv Gandhi International Stadium, Hyderabad",SRH,CSK,1,0.1,Abhishek Sharma,Matthew Short,0,0,0,0,0,0,,,
202627,2026,Group Stage,27,"Apr 18, 2026","Rajiv Gandhi International Stadium, Hyderabad",SRH,CSK,1,0.2,Abhishek Sharma,Matthew Short,1,0,0,0,0,0,,,
202627,2026,Group Stage,27,"Apr 18, 2026","Rajiv Gandhi International Stadium, Hyderabad",SRH,CSK,1,0.3,Travis Head,Matthew Short,0,0,0,0,0,0,,,
202627,2026,Group Stage,27,"Apr 18, 2026","Rajiv Gandhi International Stadium, Hyderabad",SRH,CSK,1,0.4,Travis Head,Matthew Short,1,0,0,0,0,0,,,
202627,2026,Group Stage,27,"Apr 18, 2026","Rajiv Gandhi International Stadium, Hyderabad",SRH,CSK,1,0.5,Abhishek Sharma,Matthew Short,1,0,0,0,0,0,,,
202627,2026,Group Stage,27,"Apr 18, 2026","Rajiv Gandhi International Stadium, Hyderabad",SRH,CSK,1,0.6,Travis Head,Matthew Short,0,0,0,0,0,0,,,
202627,2026,Group Stage,27,"Apr 18, 2026","Rajiv Gandhi International Stadium, Hyderabad",SRH,CSK,1,0.6,Travis Head,Matthew Short,0,1,1,0,0,0,,,
202627,2026,Group Stage,27,"Apr 18, 2026","Rajiv Gandhi International Stadium, Hyderabad",SRH,CSK,1,1.1,Abhishek Sharma,Mukesh Choudhary,6,0,0,0,0,0,,,
202627,2026,Group Stage,27,"Apr 18, 2026","Rajiv Gandhi International Stadium, Hyderabad",SRH,CSK,1,1.2,Abhishek Sharma,Mukesh Choudhary,2,0,0,0,0,0,,,
202627,2026,Group Stage,27,"Apr 18, 2026","Rajiv Gandhi International Stadium, Hyderabad",SRH,CSK,1,1.3,Abhishek Sharma,Mukesh Choudhary,1,0,0,0,0,0,,,
202627,2026,Group Stage,27,"Apr 18, 2026","Rajiv Gandhi International Stadium, Hyderabad",SRH,CSK,1,1.4,Travis Head,Mukesh Choudhary,0,0,0,0,0,0,,,
202627,2026,Group Stage,27,"Apr 18, 2026","Rajiv Gandhi International Stadium, Hyderabad",SRH,CSK,1,1.5,Travis Head,Mukesh Choudhary,0,0,0,0,0,0,,,
202627,2026,Group Stage,27,"Apr 18, 2026","Rajiv Gandhi International Stadium, Hyderabad",SRH,CSK,1,1.6,Travis Head,Mukesh Choudhary,0,1,0,1,0,0,,,
202627,2026,Group Stage,27,"Apr 18, 2026","Rajiv Gandhi International Stadium, Hyderabad",SRH,CSK,1,2.1,Travis Head,Matthew Short,1,0,0,0,0,0,,,
202627,2026,Group Stage,27,"Apr 18, 2026","Rajiv Gandhi International Stadium, Hyderabad",SRH,CSK,1,2.2,Abhishek Sharma,Matthew Short,6,0,0,0,0,0,,,
202627,2026,Group Stage,27,"Apr 18, 2026","Rajiv Gandhi International Stadium, Hyderabad",SRH,CSK,1,2.3,Abhishek Sharma,Matthew Short,1,0,0,0,0,0,,,
202627,2026,Group Stage,27,"Apr 18, 2026","Rajiv Gandhi International Stadium, Hyderabad",SRH,CSK,1,2.4,Travis Head,Matthew Short,0,0,0,0,0,0,,,
202627,2026,Group Stage,27,"Apr 18, 2026","Rajiv Gandhi International Stadium, Hyderabad",SRH,CSK,1,2.5,Travis Head,Matthew Short,0,0,0,0,0,0,,,
202627,2026,Group Stage,27,"Apr 18, 2026","Rajiv Gandhi International Stadium, Hyderabad",SRH,CSK,1,2.6,Travis Head,Matthew Short,1,0,0,0,0,0,,,
202627,2026,Group Stage,27,"Apr 18, 2026","Rajiv Gandhi International Stadium, Hyderabad",SRH,CSK,1,3.1,Travis Head,Anshul Kamboj,6,0,0,0,0,0,,,
202627,2026,Group Stage,27,"Apr 18, 2026","Rajiv Gandhi International Stadium, Hyderabad",SRH,CSK,1,3.2,Travis Head,Anshul Kamboj,0,0,0,0,0,0,,,
202627,2026,Group Stage,27,"Apr 18, 2026","Rajiv Gandhi International Stadium, Hyderabad",SRH,CSK,1,3.3,Travis Head,Anshul Kamboj,0,0,0,0,0,0,,,
202627,2026,Group Stage,27,"Apr 18, 2026","Rajiv Gandhi International Stadium, Hyderabad",SRH,CSK,1,3.4,Travis Head,Anshul Kamboj,1,0,0,0,0,0,,,
202627,2026,Group Stage,27,"Apr 18, 2026","Rajiv Gandhi International Stadium, Hyderabad",SRH,CSK,1,3.5,Abhishek Sharma,Anshul Kamboj,4,0,0,0,0,0,,,
202627,2026,Group Stage,27,"Apr 18, 2026","Rajiv Gandhi International Stadium, Hyderabad",SRH,CSK,1,3.6,Abhishek Sharma,Anshul Kamboj,4,0,0,0,0,0,,,
202627,2026,Group Stage,27,"Apr 18, 2026","Rajiv Gandhi International Stadium, Hyderabad",SRH,CSK,1,4.1,Travis Head,Matthew Short,1,0,0,0,0,0,,,
202627,2026,Group Stage,27,"Apr 18, 2026","Rajiv Gandhi International Stadium, Hyderabad",SRH,CSK,1,4.2,Abhishek Sharma,Matthew Short,4,0,0,0,0,0,,,
202627,2026,Group Stage,27,"Apr 18, 2026","Rajiv Gandhi International Stadium, Hyderabad",SRH,CSK,1,4.3,Abhishek Sharma,Matthew Short,4,0,0,0,0,0,,,
202627,2026,Group Stage,27,"Apr 18, 2026","Rajiv Gandhi International Stadium, Hyderabad",SRH,CSK,1,4.4,Abhishek Sharma,Matthew Short,4,0,0,0,0,0,,,
202627,2026,Group Stage,27,"Apr 18, 2026","Rajiv Gandhi International Stadium, Hyderabad",SRH,CSK,1,4.5,Abhishek Sharma,Matthew Short,6,0,0,0,0,0,,,
202627,2026,Group Stage,27,"Apr 18, 2026","Rajiv Gandhi International Stadium, Hyderabad",SRH,CSK,1,4.6,Abhishek Sharma,Matthew Short,6,0,0,0,0,0,,,
202627,2026,Group Stage,27,"Apr 18, 2026","Rajiv Gandhi International Stadium, Hyderabad",SRH,CSK,1,5.1,Travis Head,Mukesh Choudhary,4,0,0,0,0,0,,,
202627,2026,Group Stage,27,"Apr 18, 2026","Rajiv Gandhi International Stadium, Hyderabad",SRH,CSK,1,5.2,Travis Head,Mukesh Choudhary,0,0,0,0,0,0,,,
202627,2026,Group Stage,27,"Apr 18, 2026","Rajiv Gandhi International Stadium, Hyderabad",SRH,CSK,1,5.3,Travis Head,Mukesh Choudhary,4,0,0,0,0,0,,,
202627,2026,Group Stage,27,"Apr 18, 2026","Rajiv Gandhi International Stadium, Hyderabad",SRH,CSK,1,5.4,Travis Head,Mukesh Choudhary,4,0,0,0,0,0,,,
202627,2026,Group Stage,27,"Apr 18, 2026","Rajiv Gandhi International Stadium, Hyderabad",SRH,CSK,1,5.5,Travis Head,Mukesh Choudhary,0,0,0,0,0,0,caught,Travis Head,Ruturaj Gaikwad
202627,2026,Group Stage,27,"Apr 18, 2026","Rajiv Gandhi International Stadium, Hyderabad",SRH,CSK,1,5.6,Ishan Kishan,Mukesh Choudhary,0,0,0,0,0,0,caught,Ishan Kishan,Ruturaj Gaikwad
202627,2026,Group Stage,27,"Apr 18, 2026","Rajiv Gandhi International Stadium, Hyderabad",SRH,CSK,1,6.1,Abhishek Sharma,Noor Ahmad,0,4,0,0,1,0,,,
202627,2026,Group Stage,27,"Apr 18, 2026","Rajiv Gandhi International Stadium, Hyderabad",SRH,CSK,1,6.2,Abhishek Sharma,Noor Ahmad,0,1,1,0,0,0,,,
202627,2026,Group Stage,27,"Apr 18, 2026","Rajiv Gandhi International Stadium, Hyderabad",SRH,CSK,1,6.2,Abhishek Sharma,Noor Ahmad,1,0,0,0,0,0,,,
202627,2026,Group Stage,27,"Apr 18, 2026","Rajiv Gandhi International Stadium, Hyderabad",SRH,CSK,1,6.3,Heinrich Klaasen,Noor Ahmad,0,0,0,0,0,0,,,
202627,2026,Group Stage,27,"Apr 18, 2026","Rajiv Gandhi International Stadium, Hyderabad",SRH,CSK,1,6.4,Heinrich Klaasen,Noor Ahmad,1,0,0,0,0,0,,,
202627,2026,Group Stage,27,"Apr 18, 2026","Rajiv Gandhi International Stadium, Hyderabad",SRH,CSK,1,6.5,Abhishek Sharma,Noor Ahmad,1,0,0,0,0,0,,,
202627,2026,Group Stage,27,"Apr 18, 2026","Rajiv Gandhi International Stadium, Hyderabad",SRH,CSK,1,6.6,Heinrich Klaasen,Noor Ahmad,0,1,0,1,0,0,,,
202627,2026,Group Stage,27,"Apr 18, 2026","Rajiv Gandhi International Stadium, Hyderabad",SRH,CSK,1,7.1,Heinrich Klaasen,Jamie Overton,1,0,0,0,0,0,,,
202627,2026,Group Stage,27,"Apr 18, 2026","Rajiv Gandhi International Stadium, Hyderabad",SRH,CSK,1,7.2,Abhishek Sharma,Jamie Overton,4,0,0,0,0,0,,,
202627,2026,Group Stage,27,"Apr 18, 2026","Rajiv Gandhi International Stadium, Hyderabad",SRH,CSK,1,7.3,Abhishek Sharma,Jamie Overton,2,0,0,0,0,0,,,
202627,2026,Group Stage,27,"Apr 18, 2026","Rajiv Gandhi International Stadium, Hyderabad",SRH,CSK,1,7.4,Abhishek Sharma,Jamie Overton,1,0,0,0,0,0,,,
202627,2026,Group Stage,27,"Apr 18, 2026","Rajiv Gandhi International Stadium, Hyderabad",SRH,CSK,1,7.5,Heinrich Klaasen,Jamie Overton,0,1,0,1,0,0,,,
202627,2026,Group Stage,27,"Apr 18, 2026","Rajiv Gandhi International Stadium, Hyderabad",SRH,CSK,1,7.6,Abhishek Sharma,Jamie Overton,0,0,0,0,0,0,bowled,Abhishek Sharma,
202627,2026,Group Stage,27,"Apr 18, 2026","Rajiv Gandhi International Stadium, Hyderabad",SRH,CSK,1,8.1,Heinrich Klaasen,Gurjapneet Singh,0,0,0,0,0,0,,,
202627,2026,Group Stage,27,"Apr 18, 2026","Rajiv Gandhi International Stadium, Hyderabad",SRH,CSK,1,8.2,Heinrich Klaasen,Gurjapneet Singh,6,0,0,0,0,0,,,
202627,2026,Group Stage,27,"Apr 18, 2026","Rajiv Gandhi International Stadium, Hyderabad",SRH,CSK,1,8.3,Heinrich Klaasen,Gurjapneet Singh,0,0,0,0,0,0,,,
202627,2026,Group Stage,27,"Apr 18, 2026","Rajiv Gandhi International Stadium, Hyderabad",SRH,CSK,1,8.4,Heinrich Klaasen,Gurjapneet Singh,0,0,0,0,0,0,,,
202627,2026,Group Stage,27,"Apr 18, 2026","Rajiv Gandhi International Stadium, Hyderabad",SRH,CSK,1,8.5,Heinrich Klaasen,Gurjapneet Singh,1,0,0,0,0,0,,,
202627,2026,Group Stage,27,"Apr 18, 2026","Rajiv Gandhi International Stadium, Hyderabad",SRH,CSK,1,8.6,Aniket Verma,Gurjapneet Singh,0,0,0,0,0,0,,,
202627,2026,Group Stage,27,"Apr 18, 2026","Rajiv Gandhi International Stadium, Hyderabad",SRH,CSK,1,9.1,Heinrich Klaasen,Noor Ahmad,1,0,0,0,0,0,,,
202627,2026,Group Stage,27,"Apr 18, 2026","Rajiv Gandhi International Stadium, Hyderabad",SRH,CSK,1,9.2,Aniket Verma,Noor Ahmad,1,0,0,0,0,0,,,
202627,2026,Group Stage,27,"Apr 18, 2026","Rajiv Gandhi International Stadium, Hyderabad",SRH,CSK,1,9.3,Heinrich Klaasen,Noor Ahmad,4,0,0,0,0,0,,,
202627,2026,Group Stage,27,"Apr 18, 2026","Rajiv Gandhi International Stadium, Hyderabad",SRH,CSK,1,9.4,Heinrich Klaasen,Noor Ahmad,4,0,0,0,0,0,,,
202627,2026,Group Stage,27,"Apr 18, 2026","Rajiv Gandhi International Stadium, Hyderabad",SRH,CSK,1,9.5,Heinrich Klaasen,Noor Ahmad,1,0,0,0,0,0,,,
202627,2026,Group Stage,27,"Apr 18, 2026","Rajiv Gandhi International Stadium, Hyderabad",SRH,CSK,1,9.6,Aniket Verma,Noor Ahmad,1,0,0,0,0,0,,,
202627,2026,Group Stage,27,"Apr 18, 2026","Rajiv Gandhi International Stadium, Hyderabad",SRH,CSK,1,10.1,Aniket Verma,Jamie Overton,0,0,0,0,0,0,caught,Aniket Verma,Noor Ahmad
202627,2026,Group Stage,27,"Apr 18, 2026","Rajiv Gandhi International Stadium, Hyderabad",SRH,CSK,1,10.2,Nitish Reddy,Jamie Overton,1,0,0,0,0,0,,,
202627,2026,Group Stage,27,"Apr 18, 2026","Rajiv Gandhi International Stadium, Hyderabad",SRH,CSK,1,10.3,Heinrich Klaasen,Jamie Overton,0,0,0,0,0,0,,,
202627,2026,Group Stage,27,"Apr 18, 2026","Rajiv Gandhi International Stadium, Hyderabad",SRH,CSK,1,10.4,Heinrich Klaasen,Jamie Overton,2,0,0,0,0,0,,,
202627,2026,Group Stage,27,"Apr 18, 2026","Rajiv Gandhi International Stadium, Hyderabad",SRH,CSK,1,10.5,Heinrich Klaasen,Jamie Overton,2,0,0,0,0,0,,,
202627,2026,Group Stage,27,"Apr 18, 2026","Rajiv Gandhi International Stadium, Hyderabad",SRH,CSK,1,10.6,Heinrich Klaasen,Jamie Overton,1,0,0,0,0,0,,,
202627,2026,Group Stage,27,"Apr 18, 2026","Rajiv Gandhi International Stadium, Hyderabad",SRH,CSK,1,11.1,Heinrich Klaasen,Gurjapneet Singh,1,0,0,0,0,0,,,
202627,2026,Group Stage,27,"Apr 18, 2026","Rajiv Gandhi International Stadium, Hyderabad",SRH,CSK,1,11.2,Nitish Reddy,Gurjapneet Singh,1,0,0,0,0,0,,,
202627,2026,Group Stage,27,"Apr 18, 2026","Rajiv Gandhi International Stadium, Hyderabad",SRH,CSK,1,11.3,Heinrich Klaasen,Gurjapneet Singh,0,0,0,0,0,0,,,
202627,2026,Group Stage,27,"Apr 18, 2026","Rajiv Gandhi International Stadium, Hyderabad",SRH,CSK,1,11.4,Heinrich Klaasen,Gurjapneet Singh,4,0,0,0,0,0,,,
202627,2026,Group Stage,27,"Apr 18, 2026","Rajiv Gandhi International Stadium, Hyderabad",SRH,CSK,1,11.5,Heinrich Klaasen,Gurjapneet Singh,1,0,0,0,0,0,,,
202627,2026,Group Stage,27,"Apr 18, 2026","Rajiv Gandhi International Stadium, Hyderabad",SRH,CSK,1,11.6,Nitish Reddy,Gurjapneet Singh,6,0,0,0,0,0,,,
202627,2026,Group Stage,27,"Apr 18, 2026","Rajiv Gandhi International Stadium, Hyderabad",SRH,CSK,1,12.1,Heinrich Klaasen,Noor Ahmad,1,0,0,0,0,0,,,
202627,2026,Group Stage,27,"Apr 18, 2026","Rajiv Gandhi International Stadium, Hyderabad",SRH,CSK,1,12.2,Nitish Reddy,Noor Ahmad,2,0,0,0,0,0,,,
202627,2026,Group Stage,27,"Apr 18, 2026","Rajiv Gandhi International Stadium, Hyderabad",SRH,CSK,1,12.3,Nitish Reddy,Noor Ahmad,0,0,0,0,0,0,,,
202627,2026,Group Stage,27,"Apr 18, 2026","Rajiv Gandhi International Stadium, Hyderabad",SRH,CSK,1,12.4,Nitish Reddy,Noor Ahmad,1,0,0,0,0,0,,,
202627,2026,Group Stage,27,"Apr 18, 2026","Rajiv Gandhi International Stadium, Hyderabad",SRH,CSK,1,12.5,Heinrich Klaasen,Noor Ahmad,4,0,0,0,0,0,,,
202627,2026,Group Stage,27,"Apr 18, 2026","Rajiv Gandhi International Stadium, Hyderabad",SRH,CSK,1,12.6,Heinrich Klaasen,Noor Ahmad,0,0,0,0,0,0,,,
202627,2026,Group Stage,27,"Apr 18, 2026","Rajiv Gandhi International Stadium, Hyderabad",SRH,CSK,1,13.1,Nitish Reddy,Jamie Overton,1,0,0,0,0,0,,,
202627,2026,Group Stage,27,"Apr 18, 2026","Rajiv Gandhi International Stadium, Hyderabad",SRH,CSK,1,13.2,Heinrich Klaasen,Jamie Overton,4,0,0,0,0,0,,,
202627,2026,Group Stage,27,"Apr 18, 2026","Rajiv Gandhi International Stadium, Hyderabad",SRH,CSK,1,13.3,Heinrich Klaasen,Jamie Overton,2,0,0,0,0,0,,,
202627,2026,Group Stage,27,"Apr 18, 2026","Rajiv Gandhi International Stadium, Hyderabad",SRH,CSK,1,13.4,Heinrich Klaasen,Jamie Overton,1,0,0,0,0,0,,,
202627,2026,Group Stage,27,"Apr 18, 2026","Rajiv Gandhi International Stadium, Hyderabad",SRH,CSK,1,13.5,Nitish Reddy,Jamie Overton,0,0,0,0,0,0,caught,Nitish Reddy,Matthew Short
202627,2026,Group Stage,27,"Apr 18, 2026","Rajiv Gandhi International Stadium, Hyderabad",SRH,CSK,1,13.6,Salil Arora,Jamie Overton,1,0,0,0,0,0,,,
202627,2026,Group Stage,27,"Apr 18, 2026","Rajiv Gandhi International Stadium, Hyderabad",SRH,CSK,1,14.1,Salil Arora,Gurjapneet Singh,1,0,0,0,0,0,,,
202627,2026,Group Stage,27,"Apr 18, 2026","Rajiv Gandhi International Stadium, Hyderabad",SRH,CSK,1,14.2,Heinrich Klaasen,Gurjapneet Singh,0,0,0,0,0,0,,,
202627,2026,Group Stage,27,"Apr 18, 2026","Rajiv Gandhi International Stadium, Hyderabad",SRH,CSK,1,14.3,Heinrich Klaasen,Gurjapneet Singh,1,0,0,0,0,0,,,
202627,2026,Group Stage,27,"Apr 18, 2026","Rajiv Gandhi International Stadium, Hyderabad",SRH,CSK,1,14.4,Salil Arora,Gurjapneet Singh,0,0,0,0,0,0,,,
202627,2026,Group Stage,27,"Apr 18, 2026","Rajiv Gandhi International Stadium, Hyderabad",SRH,CSK,1,14.5,Salil Arora,Gurjapneet Singh,4,0,0,0,0,0,,,
202627,2026,Group Stage,27,"Apr 18, 2026","Rajiv Gandhi International Stadium, Hyderabad",SRH,CSK,1,14.6,Salil Arora,Gurjapneet Singh,0,0,0,0,0,0,,,
202627,2026,Group Stage,27,"Apr 18, 2026","Rajiv Gandhi International Stadium, Hyderabad",SRH,CSK,1,15.1,Heinrich Klaasen,Noor Ahmad,6,0,0,0,0,0,,,
202627,2026,Group Stage,27,"Apr 18, 2026","Rajiv Gandhi International Stadium, Hyderabad",SRH,CSK,1,15.2,Heinrich Klaasen,Noor Ahmad,1,0,0,0,0,0,,,
202627,2026,Group Stage,27,"Apr 18, 2026","Rajiv Gandhi International Stadium, Hyderabad",SRH,CSK,1,15.3,Salil Arora,Noor Ahmad,1,0,0,0,0,0,,,
202627,2026,Group Stage,27,"Apr 18, 2026","Rajiv Gandhi International Stadium, Hyderabad",SRH,CSK,1,15.4,Heinrich Klaasen,Noor Ahmad,1,0,0,0,0,0,,,
202627,2026,Group Stage,27,"Apr 18, 2026","Rajiv Gandhi International Stadium, Hyderabad",SRH,CSK,1,15.5,Salil Arora,Noor Ahmad,0,0,0,0,0,0,,,
202627,2026,Group Stage,27,"Apr 18, 2026","Rajiv Gandhi International Stadium, Hyderabad",SRH,CSK,1,15.6,Salil Arora,Noor Ahmad,0,0,0,0,0,0,,,
202627,2026,Group Stage,27,"Apr 18, 2026","Rajiv Gandhi International Stadium, Hyderabad",SRH,CSK,1,16.1,Heinrich Klaasen,Jamie Overton,1,0,0,0,0,0,,,
202627,2026,Group Stage,27,"Apr 18, 2026","Rajiv Gandhi International Stadium, Hyderabad",SRH,CSK,1,16.2,Salil Arora,Jamie Overton,1,0,0,0,0,0,,,
202627,2026,Group Stage,27,"Apr 18, 2026","Rajiv Gandhi International Stadium, Hyderabad",SRH,CSK,1,16.3,Heinrich Klaasen,Jamie Overton,4,0,0,0,0,0,,,
202627,2026,Group Stage,27,"Apr 18, 2026","Rajiv Gandhi International Stadium, Hyderabad",SRH,CSK,1,16.4,Heinrich Klaasen,Jamie Overton,0,1,1,0,0,0,,,
202627,2026,Group Stage,27,"Apr 18, 2026","Rajiv Gandhi International Stadium, Hyderabad",SRH,CSK,1,16.4,Heinrich Klaasen,Jamie Overton,2,0,0,0,0,0,,,
202627,2026,Group Stage,27,"Apr 18, 2026","Rajiv Gandhi International Stadium, Hyderabad",SRH,CSK,1,16.5,Heinrich Klaasen,Jamie Overton,1,0,0,0,0,0,,,
202627,2026,Group Stage,27,"Apr 18, 2026","Rajiv Gandhi International Stadium, Hyderabad",SRH,CSK,1,16.6,Salil Arora,Jamie Overton,4,0,0,0,0,0,,,
202627,2026,Group Stage,27,"Apr 18, 2026","Rajiv Gandhi International Stadium, Hyderabad",SRH,CSK,1,17.1,Heinrich Klaasen,Anshul Kamboj,0,0,0,0,0,0,,,
202627,2026,Group Stage,27,"Apr 18, 2026","Rajiv Gandhi International Stadium, Hyderabad",SRH,CSK,1,17.2,Heinrich Klaasen,Anshul Kamboj,0,0,0,0,0,0,bowled,Heinrich Klaasen,
202627,2026,Group Stage,27,"Apr 18, 2026","Rajiv Gandhi International Stadium, Hyderabad",SRH,CSK,1,17.3,Liam Livingstone,Anshul Kamboj,0,1,0,1,0,0,,,
202627,2026,Group Stage,27,"Apr 18, 2026","Rajiv Gandhi International Stadium, Hyderabad",SRH,CSK,1,17.4,Salil Arora,Anshul Kamboj,1,0,0,0,0,0,,,
202627,2026,Group Stage,27,"Apr 18, 2026","Rajiv Gandhi International Stadium, Hyderabad",SRH,CSK,1,17.5,Liam Livingstone,Anshul Kamboj,0,0,0,0,0,0,,,
202627,2026,Group Stage,27,"Apr 18, 2026","Rajiv Gandhi International Stadium, Hyderabad",SRH,CSK,1,17.6,Liam Livingstone,Anshul Kamboj,0,0,0,0,0,0,,,
202627,2026,Group Stage,27,"Apr 18, 2026","Rajiv Gandhi International Stadium, Hyderabad",SRH,CSK,1,18.1,Salil Arora,Gurjapneet Singh,0,0,0,0,0,0,caught,Salil Arora,Dewald Brevis
202627,2026,Group Stage,27,"Apr 18, 2026","Rajiv Gandhi International Stadium, Hyderabad",SRH,CSK,1,18.2,Shivang Kumar,Gurjapneet Singh,0,0,0,0,0,0,,,
202627,2026,Group Stage,27,"Apr 18, 2026","Rajiv Gandhi International Stadium, Hyderabad",SRH,CSK,1,18.3,Shivang Kumar,Gurjapneet Singh,0,0,0,0,0,0,,,
202627,2026,Group Stage,27,"Apr 18, 2026","Rajiv Gandhi International Stadium, Hyderabad",SRH,CSK,1,18.4,Shivang Kumar,Gurjapneet Singh,0,0,0,0,0,0,,,
202627,2026,Group Stage,27,"Apr 18, 2026","Rajiv Gandhi International Stadium, Hyderabad",SRH,CSK,1,18.4,Shivang Kumar,Gurjapneet Singh,0,1,1,0,0,0,,,
202627,2026,Group Stage,27,"Apr 18, 2026","Rajiv Gandhi International Stadium, Hyderabad",SRH,CSK,1,18.5,Shivang Kumar,Gurjapneet Singh,6,0,0,0,0,0,,,
202627,2026,Group Stage,27,"Apr 18, 2026","Rajiv Gandhi International Stadium, Hyderabad",SRH,CSK,1,18.6,Shivang Kumar,Gurjapneet Singh,1,0,0,0,0,0,,,
202627,2026,Group Stage,27,"Apr 18, 2026","Rajiv Gandhi International Stadium, Hyderabad",SRH,CSK,1,19.1,Shivang Kumar,Anshul Kamboj,1,0,0,0,0,0,,,
202627,2026,Group Stage,27,"Apr 18, 2026","Rajiv Gandhi International Stadium, Hyderabad",SRH,CSK,1,19.2,Liam Livingstone,Anshul Kamboj,1,0,0,0,0,0,,,
202627,2026,Group Stage,27,"Apr 18, 2026","Rajiv Gandhi International Stadium, Hyderabad",SRH,CSK,1,19.3,Shivang Kumar,Anshul Kamboj,4,0,0,0,0,0,,,
202627,2026,Group Stage,27,"Apr 18, 2026","Rajiv Gandhi International Stadium, Hyderabad",SRH,CSK,1,19.4,Shivang Kumar,Anshul Kamboj,0,0,0,0,0,0,caught,Shivang Kumar,Gurjapneet Singh
202627,2026,Group Stage,27,"Apr 18, 2026","Rajiv Gandhi International Stadium, Hyderabad",SRH,CSK,1,19.5,Praful Hinge,Anshul Kamboj,0,1,0,0,1,0,,,
202627,2026,Group Stage,27,"Apr 18, 2026","Rajiv Gandhi International Stadium, Hyderabad",SRH,CSK,1,19.6,Liam Livingstone,Anshul Kamboj,0,0,0,0,0,0,caught,Liam Livingstone,Dewald Brevis
202633,2026,Group Stage,33,"Apr 23, 2026","Wankhede Stadium, Mumbai",MI,CSK,2,0.1,Quinton de Kock,Akeal Hosein,0,0,0,0,0,0,,,
202633,2026,Group Stage,33,"Apr 23, 2026","Wankhede Stadium, Mumbai",MI,CSK,2,0.2,Quinton de Kock,Akeal Hosein,6,0,0,0,0,0,,,
202633,2026,Group Stage,33,"Apr 23, 2026","Wankhede Stadium, Mumbai",MI,CSK,2,0.3,Quinton de Kock,Akeal Hosein,0,0,0,0,0,0,,,
202633,2026,Group Stage,33,"Apr 23, 2026","Wankhede Stadium, Mumbai",MI,CSK,2,0.4,Quinton de Kock,Akeal Hosein,0,0,0,0,0,0,,,
202633,2026,Group Stage,33,"Apr 23, 2026","Wankhede Stadium, Mumbai",MI,CSK,2,0.5,Quinton de Kock,Akeal Hosein,1,0,0,0,0,0,,,
202633,2026,Group Stage,33,"Apr 23, 2026","Wankhede Stadium, Mumbai",MI,CSK,2,0.6,Danish Malewar,Akeal Hosein,0,0,0,0,0,0,caught,Danish Malewar,Sanju Samson
202633,2026,Group Stage,33,"Apr 23, 2026","Wankhede Stadium, Mumbai",MI,CSK,2,1.1,Quinton de Kock,Mukesh Choudhary,0,0,0,0,0,0,,,
202633,2026,Group Stage,33,"Apr 23, 2026","Wankhede Stadium, Mumbai",MI,CSK,2,1.2,Quinton de Kock,Mukesh Choudhary,0,0,0,0,0,0,,,
202633,2026,Group Stage,33,"Apr 23, 2026","Wankhede Stadium, Mumbai",MI,CSK,2,1.3,Quinton de Kock,Mukesh Choudhary,0,0,0,0,0,0,,,
202633,2026,Group Stage,33,"Apr 23, 2026","Wankhede Stadium, Mumbai",MI,CSK,2,1.4,Quinton de Kock,Mukesh Choudhary,0,0,0,0,0,0,,,
202633,2026,Group Stage,33,"Apr 23, 2026","Wankhede Stadium, Mumbai",MI,CSK,2,1.5,Quinton de Kock,Mukesh Choudhary,0,0,0,0,0,0,bowled,Quinton de Kock,
202633,2026,Group Stage,33,"Apr 23, 2026","Wankhede Stadium, Mumbai",MI,CSK,2,1.6,Suryakumar Yadav,Mukesh Choudhary,4,0,0,0,0,0,,,
202633,2026,Group Stage,33,"Apr 23, 2026","Wankhede Stadium, Mumbai",MI,CSK,2,2.1,Naman Dhir,Akeal Hosein,0,0,0,0,0,0,,,
202633,2026,Group Stage,33,"Apr 23, 2026","Wankhede Stadium, Mumbai",MI,CSK,2,2.2,Naman Dhir,Akeal Hosein,0,0,0,0,0,0,,,
202633,2026,Group Stage,33,"Apr 23, 2026","Wankhede Stadium, Mumbai",MI,CSK,2,2.3,Naman Dhir,Akeal Hosein,0,0,0,0,0,0,bowled,Naman Dhir,
202633,2026,Group Stage,33,"Apr 23, 2026","Wankhede Stadium, Mumbai",MI,CSK,2,2.4,Tilak Varma,Akeal Hosein,0,0,0,0,0,0,,,
202633,2026,Group Stage,33,"Apr 23, 2026","Wankhede Stadium, Mumbai",MI,CSK,2,2.5,Tilak Varma,Akeal Hosein,0,0,0,0,0,0,,,
202633,2026,Group Stage,33,"Apr 23, 2026","Wankhede Stadium, Mumbai",MI,CSK,2,2.6,Tilak Varma,Akeal Hosein,0,0,0,0,0,0,,,
202633,2026,Group Stage,33,"Apr 23, 2026","Wankhede Stadium, Mumbai",MI,CSK,2,3.1,Suryakumar Yadav,Mukesh Choudhary,1,0,0,0,0,0,,,
202633,2026,Group Stage,33,"Apr 23, 2026","Wankhede Stadium, Mumbai",MI,CSK,2,3.2,Tilak Varma,Mukesh Choudhary,0,0,0,0,0,0,,,
202633,2026,Group Stage,33,"Apr 23, 2026","Wankhede Stadium, Mumbai",MI,CSK,2,3.3,Tilak Varma,Mukesh Choudhary,1,0,0,0,0,0,,,
202633,2026,Group Stage,33,"Apr 23, 2026","Wankhede Stadium, Mumbai",MI,CSK,2,3.4,Suryakumar Yadav,Mukesh Choudhary,0,0,0,0,0,0,,,
202633,2026,Group Stage,33,"Apr 23, 2026","Wankhede Stadium, Mumbai",MI,CSK,2,3.5,Suryakumar Yadav,Mukesh Choudhary,4,0,0,0,0,0,,,
202633,2026,Group Stage,33,"Apr 23, 2026","Wankhede Stadium, Mumbai",MI,CSK,2,3.6,Suryakumar Yadav,Mukesh Choudhary,0,0,0,0,0,0,,,
202633,2026,Group Stage,33,"Apr 23, 2026","Wankhede Stadium, Mumbai",MI,CSK,2,4.1,Tilak Varma,Anshul Kamboj,1,0,0,0,0,0,,,
202633,2026,Group Stage,33,"Apr 23, 2026","Wankhede Stadium, Mumbai",MI,CSK,2,4.2,Suryakumar Yadav,Anshul Kamboj,1,0,0,0,0,0,,,
202633,2026,Group Stage,33,"Apr 23, 2026","Wankhede Stadium, Mumbai",MI,CSK,2,4.3,Tilak Varma,Anshul Kamboj,4,0,0,0,0,0,,,
202633,2026,Group Stage,33,"Apr 23, 2026","Wankhede Stadium, Mumbai",MI,CSK,2,4.4,Tilak Varma,Anshul Kamboj,1,0,0,0,0,0,,,
202633,2026,Group Stage,33,"Apr 23, 2026","Wankhede Stadium, Mumbai",MI,CSK,2,4.5,Suryakumar Yadav,Anshul Kamboj,0,0,0,0,0,0,,,
202633,2026,Group Stage,33,"Apr 23, 2026","Wankhede Stadium, Mumbai",MI,CSK,2,4.6,Suryakumar Yadav,Anshul Kamboj,0,0,0,0,0,0,,,
202633,2026,Group Stage,33,"Apr 23, 2026","Wankhede Stadium, Mumbai",MI,CSK,2,5.1,Tilak Varma,Mukesh Choudhary,1,0,0,0,0,0,,,
202633,2026,Group Stage,33,"Apr 23, 2026","Wankhede Stadium, Mumbai",MI,CSK,2,5.2,Suryakumar Yadav,Mukesh Choudhary,0,0,0,0,0,0,,,
202633,2026,Group Stage,33,"Apr 23, 2026","Wankhede Stadium, Mumbai",MI,CSK,2,5.3,Suryakumar Yadav,Mukesh Choudhary,1,0,0,0,0,0,,,
202633,2026,Group Stage,33,"Apr 23, 2026","Wankhede Stadium, Mumbai",MI,CSK,2,5.4,Tilak Varma,Mukesh Choudhary,0,0,0,0,0,0,,,
202633,2026,Group Stage,33,"Apr 23, 2026","Wankhede Stadium, Mumbai",MI,CSK,2,5.5,Tilak Varma,Mukesh Choudhary,0,0,0,0,0,0,,,
202633,2026,Group Stage,33,"Apr 23, 2026","Wankhede Stadium, Mumbai",MI,CSK,2,5.6,Tilak Varma,Mukesh Choudhary,0,1,1,0,0,0,,,
202633,2026,Group Stage,33,"Apr 23, 2026","Wankhede Stadium, Mumbai",MI,CSK,2,5.6,Tilak Varma,Mukesh Choudhary,1,0,0,0,0,0,,,
202633,2026,Group Stage,33,"Apr 23, 2026","Wankhede Stadium, Mumbai",MI,CSK,2,6.1,Tilak Varma,Anshul Kamboj,0,0,0,0,0,0,,,
202633,2026,Group Stage,33,"Apr 23, 2026","Wankhede Stadium, Mumbai",MI,CSK,2,6.2,Tilak Varma,Anshul Kamboj,1,0,0,0,0,0,,,
202633,2026,Group Stage,33,"Apr 23, 2026","Wankhede Stadium, Mumbai",MI,CSK,2,6.3,Suryakumar Yadav,Anshul Kamboj,0,0,0,0,0,0,,,
202633,2026,Group Stage,33,"Apr 23, 2026","Wankhede Stadium, Mumbai",MI,CSK,2,6.4,Suryakumar Yadav,Anshul Kamboj,0,0,0,0,0,0,,,
202633,2026,Group Stage,33,"Apr 23, 2026","Wankhede Stadium, Mumbai",MI,CSK,2,6.5,Suryakumar Yadav,Anshul Kamboj,0,0,0,0,0,0,,,
202633,2026,Group Stage,33,"Apr 23, 2026","Wankhede Stadium, Mumbai",MI,CSK,2,6.6,Suryakumar Yadav,Anshul Kamboj,0,0,0,0,0,0,,,
202633,2026,Group Stage,33,"Apr 23, 2026","Wankhede Stadium, Mumbai",MI,CSK,2,7.1,Tilak Varma,Mukesh Choudhary,4,0,0,0,0,0,,,
202633,2026,Group Stage,33,"Apr 23, 2026","Wankhede Stadium, Mumbai",MI,CSK,2,7.2,Tilak Varma,Mukesh Choudhary,1,0,0,0,0,0,,,
202633,2026,Group Stage,33,"Apr 23, 2026","Wankhede Stadium, Mumbai",MI,CSK,2,7.3,Suryakumar Yadav,Mukesh Choudhary,4,0,0,0,0,0,,,
202633,2026,Group Stage,33,"Apr 23, 2026","Wankhede Stadium, Mumbai",MI,CSK,2,7.4,Suryakumar Yadav,Mukesh Choudhary,4,0,0,0,0,0,,,
202633,2026,Group Stage,33,"Apr 23, 2026","Wankhede Stadium, Mumbai",MI,CSK,2,7.5,Suryakumar Yadav,Mukesh Choudhary,0,1,1,0,0,0,,,
202633,2026,Group Stage,33,"Apr 23, 2026","Wankhede Stadium, Mumbai",MI,CSK,2,7.5,Suryakumar Yadav,Mukesh Choudhary,1,0,0,0,0,0,,,
202633,2026,Group Stage,33,"Apr 23, 2026","Wankhede Stadium, Mumbai",MI,CSK,2,7.6,Tilak Varma,Mukesh Choudhary,1,0,0,0,0,0,,,
202633,2026,Group Stage,33,"Apr 23, 2026","Wankhede Stadium, Mumbai",MI,CSK,2,8.1,Suryakumar Yadav,Noor Ahmad,0,0,0,0,0,0,,,
202633,2026,Group Stage,33,"Apr 23, 2026","Wankhede Stadium, Mumbai",MI,CSK,2,8.1,Tilak Varma,Noor Ahmad,0,2,1,0,0,0,,,
202633,2026,Group Stage,33,"Apr 23, 2026","Wankhede Stadium, Mumbai",MI,CSK,2,8.2,Suryakumar Yadav,Noor Ahmad,1,0,0,0,0,0,,,
202633,2026,Group Stage,33,"Apr 23, 2026","Wankhede Stadium, Mumbai",MI,CSK,2,8.3,Tilak Varma,Noor Ahmad,1,0,0,0,0,0,,,
202633,2026,Group Stage,33,"Apr 23, 2026","Wankhede Stadium, Mumbai",MI,CSK,2,8.4,Suryakumar Yadav,Noor Ahmad,1,0,0,0,0,0,,,
202633,2026,Group Stage,33,"Apr 23, 2026","Wankhede Stadium, Mumbai",MI,CSK,2,8.5,Tilak Varma,Noor Ahmad,1,0,0,0,0,0,,,
202633,2026,Group Stage,33,"Apr 23, 2026","Wankhede Stadium, Mumbai",MI,CSK,2,8.6,Suryakumar Yadav,Noor Ahmad,4,0,0,0,0,0,,,
202633,2026,Group Stage,33,"Apr 23, 2026","Wankhede Stadium, Mumbai",MI,CSK,2,9.1,Tilak Varma,Jamie Overton,4,0,0,0,0,0,,,
202633,2026,Group Stage,33,"Apr 23, 2026","Wankhede Stadium, Mumbai",MI,CSK,2,9.2,Tilak Varma,Jamie Overton,2,0,0,0,0,0,,,
202633,2026,Group Stage,33,"Apr 23, 2026","Wankhede Stadium, Mumbai",MI,CSK,2,9.3,Tilak Varma,Jamie Overton,4,0,0,0,0,0,,,
202633,2026,Group Stage,33,"Apr 23, 2026","Wankhede Stadium, Mumbai",MI,CSK,2,9.4,Tilak Varma,Jamie Overton,1,0,0,0,0,0,,,
202633,2026,Group Stage,33,"Apr 23, 2026","Wankhede Stadium, Mumbai",MI,CSK,2,9.5,Suryakumar Yadav,Jamie Overton,1,0,0,0,0,0,,,
202633,2026,Group Stage,33,"Apr 23, 2026","Wankhede Stadium, Mumbai",MI,CSK,2,9.6,Tilak Varma,Jamie Overton,1,0,0,0,0,0,,,
202633,2026,Group Stage,33,"Apr 23, 2026","Wankhede Stadium, Mumbai",MI,CSK,2,10.1,Tilak Varma,Noor Ahmad,1,0,0,0,0,0,,,
202633,2026,Group Stage,33,"Apr 23, 2026","Wankhede Stadium, Mumbai",MI,CSK,2,10.2,Suryakumar Yadav,Noor Ahmad,0,0,0,0,0,0,,,
202633,2026,Group Stage,33,"Apr 23, 2026","Wankhede Stadium, Mumbai",MI,CSK,2,10.3,Suryakumar Yadav,Noor Ahmad,1,0,0,0,0,0,,,
202633,2026,Group Stage,33,"Apr 23, 2026","Wankhede Stadium, Mumbai",MI,CSK,2,10.4,Tilak Varma,Noor Ahmad,4,0,0,0,0,0,,,
202633,2026,Group Stage,33,"Apr 23, 2026","Wankhede Stadium, Mumbai",MI,CSK,2,10.5,Tilak Varma,Noor Ahmad,1,0,0,0,0,0,,,
202633,2026,Group Stage,33,"Apr 23, 2026","Wankhede Stadium, Mumbai",MI,CSK,2,10.6,Suryakumar Yadav,Noor Ahmad,2,0,0,0,0,0,,,
202633,2026,Group Stage,33,"Apr 23, 2026","Wankhede Stadium, Mumbai",MI,CSK,2,11.1,Tilak Varma,Akeal Hosein,1,0,0,0,0,0,,,
202633,2026,Group Stage,33,"Apr 23, 2026","Wankhede Stadium, Mumbai",MI,CSK,2,11.2,Suryakumar Yadav,Akeal Hosein,2,0,0,0,0,0,,,
202633,2026,Group Stage,33,"Apr 23, 2026","Wankhede Stadium, Mumbai",MI,CSK,2,11.3,Suryakumar Yadav,Akeal Hosein,2,0,0,0,0,0,,,
202633,2026,Group Stage,33,"Apr 23, 2026","Wankhede Stadium, Mumbai",MI,CSK,2,11.4,Suryakumar Yadav,Akeal Hosein,1,0,0,0,0,0,,,
202633,2026,Group Stage,33,"Apr 23, 2026","Wankhede Stadium, Mumbai",MI,CSK,2,11.5,Tilak Varma,Akeal Hosein,0,0,0,0,0,0,bowled,Tilak Varma,
202633,2026,Group Stage,33,"Apr 23, 2026","Wankhede Stadium, Mumbai",MI,CSK,2,11.6,Hardik Pandya,Akeal Hosein,1,0,0,0,0,0,,,
202633,2026,Group Stage,33,"Apr 23, 2026","Wankhede Stadium, Mumbai",MI,CSK,2,12.1,Hardik Pandya,Noor Ahmad,0,0,0,0,0,0,caught,Hardik Pandya,Mukesh Choudhary
202633,2026,Group Stage,33,"Apr 23, 2026","Wankhede Stadium, Mumbai",MI,CSK,2,12.2,Sherfane Rutherford,Noor Ahmad,0,0,0,0,0,0,caught,Sherfane Rutherford,Anshul Kamboj
202633,2026,Group Stage,33,"Apr 23, 2026","Wankhede Stadium, Mumbai",MI,CSK,2,12.3,Shardul Thakur,Noor Ahmad,0,0,0,0,0,0,,,
202633,2026,Group Stage,33,"Apr 23, 2026","Wankhede Stadium, Mumbai",MI,CSK,2,12.4,Shardul Thakur,Noor Ahmad,0,0,0,0,0,0,,,
202633,2026,Group Stage,33,"Apr 23, 2026","Wankhede Stadium, Mumbai",MI,CSK,2,12.5,Shardul Thakur,Noor Ahmad,0,1,0,1,0,0,,,
202633,2026,Group Stage,33,"Apr 23, 2026","Wankhede Stadium, Mumbai",MI,CSK,2,12.6,Suryakumar Yadav,Noor Ahmad,1,0,0,0,0,0,,,
202633,2026,Group Stage,33,"Apr 23, 2026","Wankhede Stadium, Mumbai",MI,CSK,2,13.1,Suryakumar Yadav,Akeal Hosein,0,0,0,0,0,0,caught,Suryakumar Yadav,Sarfaraz Khan
202633,2026,Group Stage,33,"Apr 23, 2026","Wankhede Stadium, Mumbai",MI,CSK,2,13.2,Krish Bhagat,Akeal Hosein,0,0,0,0,0,0,,,
202633,2026,Group Stage,33,"Apr 23, 2026","Wankhede Stadium, Mumbai",MI,CSK,2,13.3,Krish Bhagat,Akeal Hosein,1,0,0,0,0,0,,,
202633,2026,Group Stage,33,"Apr 23, 2026","Wankhede Stadium, Mumbai",MI,CSK,2,13.4,Shardul Thakur,Akeal Hosein,1,0,0,0,0,0,,,
202633,2026,Group Stage,33,"Apr 23, 2026","Wankhede Stadium, Mumbai",MI,CSK,2,13.5,Krish Bhagat,Akeal Hosein,0,0,0,0,0,0,,,
202633,2026,Group Stage,33,"Apr 23, 2026","Wankhede Stadium, Mumbai",MI,CSK,2,13.6,Krish Bhagat,Akeal Hosein,1,0,0,0,0,0,,,
202633,2026,Group Stage,33,"Apr 23, 2026","Wankhede Stadium, Mumbai",MI,CSK,2,14.1,Krish Bhagat,Noor Ahmad,1,0,0,0,0,0,,,
202633,2026,Group Stage,33,"Apr 23, 2026","Wankhede Stadium, Mumbai",MI,CSK,2,14.2,Shardul Thakur,Noor Ahmad,1,0,0,0,0,0,,,
202633,2026,Group Stage,33,"Apr 23, 2026","Wankhede Stadium, Mumbai",MI,CSK,2,14.3,Krish Bhagat,Noor Ahmad,0,0,0,0,0,0,,,
202633,2026,Group Stage,33,"Apr 23, 2026","Wankhede Stadium, Mumbai",MI,CSK,2,14.4,Krish Bhagat,Noor Ahmad,1,0,0,0,0,0,,,
202633,2026,Group Stage,33,"Apr 23, 2026","Wankhede Stadium, Mumbai",MI,CSK,2,14.5,Shardul Thakur,Noor Ahmad,1,0,0,0,0,0,,,
202633,2026,Group Stage,33,"Apr 23, 2026","Wankhede Stadium, Mumbai",MI,CSK,2,14.6,Krish Bhagat,Noor Ahmad,0,0,0,0,0,0,,,
202633,2026,Group Stage,33,"Apr 23, 2026","Wankhede Stadium, Mumbai",MI,CSK,2,15.1,Shardul Thakur,Gurjapneet Singh,0,0,0,0,0,0,,,
202633,2026,Group Stage,33,"Apr 23, 2026","Wankhede Stadium, Mumbai",MI,CSK,2,15.2,Shardul Thakur,Gurjapneet Singh,1,0,0,0,0,0,,,
202633,2026,Group Stage,33,"Apr 23, 2026","Wankhede Stadium, Mumbai",MI,CSK,2,15.3,Krish Bhagat,Gurjapneet Singh,2,0,0,0,0,0,,,
202633,2026,Group Stage,33,"Apr 23, 2026","Wankhede Stadium, Mumbai",MI,CSK,2,15.4,Krish Bhagat,Gurjapneet Singh,1,0,0,0,0,0,,,
202633,2026,Group Stage,33,"Apr 23, 2026","Wankhede Stadium, Mumbai",MI,CSK,2,15.5,Shardul Thakur,Gurjapneet Singh,1,0,0,0,0,0,,,
202633,2026,Group Stage,33,"Apr 23, 2026","Wankhede Stadium, Mumbai",MI,CSK,2,15.6,Krish Bhagat,Gurjapneet Singh,0,0,0,0,0,0,,,
202633,2026,Group Stage,33,"Apr 23, 2026","Wankhede Stadium, Mumbai",MI,CSK,2,16.1,Shardul Thakur,Jamie Overton,0,0,0,0,0,0,,,
202633,2026,Group Stage,33,"Apr 23, 2026","Wankhede Stadium, Mumbai",MI,CSK,2,16.2,Shardul Thakur,Jamie Overton,1,0,0,0,0,0,,,
202633,2026,Group Stage,33,"Apr 23, 2026","Wankhede Stadium, Mumbai",MI,CSK,2,16.3,Krish Bhagat,Jamie Overton,0,0,0,0,0,0,,,
202633,2026,Group Stage,33,"Apr 23, 2026","Wankhede Stadium, Mumbai",MI,CSK,2,16.4,Krish Bhagat,Jamie Overton,0,0,0,0,0,0,,,
202633,2026,Group Stage,33,"Apr 23, 2026","Wankhede Stadium, Mumbai",MI,CSK,2,16.5,Krish Bhagat,Jamie Overton,0,0,0,0,0,0,,,
202633,2026,Group Stage,33,"Apr 23, 2026","Wankhede Stadium, Mumbai",MI,CSK,2,16.6,Krish Bhagat,Jamie Overton,0,0,0,0,0,0,caught,Krish Bhagat,Gurjapneet Singh
202633,2026,Group Stage,33,"Apr 23, 2026","Wankhede Stadium, Mumbai",MI,CSK,2,17.1,Shardul Thakur,Anshul Kamboj,0,0,0,0,0,0,caught,Shardul Thakur,Dewald Brevis
202633,2026,Group Stage,33,"Apr 23, 2026","Wankhede Stadium, Mumbai",MI,CSK,2,17.2,Jasprit Bumrah,Anshul Kamboj,0,1,1,0,0,0,,,
202633,2026,Group Stage,33,"Apr 23, 2026","Wankhede Stadium, Mumbai",MI,CSK,2,17.2,Jasprit Bumrah,Anshul Kamboj,1,0,0,0,0,0,,,
202633,2026,Group Stage,33,"Apr 23, 2026","Wankhede Stadium, Mumbai",MI,CSK,2,17.3,Ashwani Kumar,Anshul Kamboj,0,0,0,0,0,0,,,
202633,2026,Group Stage,33,"Apr 23, 2026","Wankhede Stadium, Mumbai",MI,CSK,2,17.4,Ashwani Kumar,Anshul Kamboj,0,0,0,0,0,0,,,
202633,2026,Group Stage,33,"Apr 23, 2026","Wankhede Stadium, Mumbai",MI,CSK,2,17.5,Ashwani Kumar,Anshul Kamboj,0,0,0,0,0,0,,,
202633,2026,Group Stage,33,"Apr 23, 2026","Wankhede Stadium, Mumbai",MI,CSK,2,17.6,Ashwani Kumar,Anshul Kamboj,0,0,0,0,0,0,,,
202633,2026,Group Stage,33,"Apr 23, 2026","Wankhede Stadium, Mumbai",MI,CSK,2,18.1,Jasprit Bumrah,Gurjapneet Singh,0,0,0,0,0,0,,,
202633,2026,Group Stage,33,"Apr 23, 2026","Wankhede Stadium, Mumbai",MI,CSK,2,18.2,Jasprit Bumrah,Gurjapneet Singh,1,0,0,0,0,0,,,
202633,2026,Group Stage,33,"Apr 23, 2026","Wankhede Stadium, Mumbai",MI,CSK,2,18.3,Ashwani Kumar,Gurjapneet Singh,0,0,0,0,0,0,,,
202633,2026,Group Stage,33,"Apr 23, 2026","Wankhede Stadium, Mumbai",MI,CSK,2,18.4,Ashwani Kumar,Gurjapneet Singh,1,0,0,0,0,0,,,
202633,2026,Group Stage,33,"Apr 23, 2026","Wankhede Stadium, Mumbai",MI,CSK,2,18.5,Jasprit Bumrah,Gurjapneet Singh,0,0,0,0,0,0,,,
202633,2026,Group Stage,33,"Apr 23, 2026","Wankhede Stadium, Mumbai",MI,CSK,2,18.6,Jasprit Bumrah,Gurjapneet Singh,0,0,0,0,0,0,caught,Jasprit Bumrah,Sanju Samson
202637,2026,Group Stage,37,"Apr 26, 2026","MA Chidambaram Stadium, Chennai",GT,CSK,2,0.1,Sai Sudharsan,Akeal Hosein,1,0,0,0,0,0,,,
202637,2026,Group Stage,37,"Apr 26, 2026","MA Chidambaram Stadium, Chennai",GT,CSK,2,0.2,Shubman Gill,Akeal Hosein,0,0,0,0,0,0,,,
202637,2026,Group Stage,37,"Apr 26, 2026","MA Chidambaram Stadium, Chennai",GT,CSK,2,0.3,Shubman Gill,Akeal Hosein,0,0,0,0,0,0,,,
202637,2026,Group Stage,37,"Apr 26, 2026","MA Chidambaram Stadium, Chennai",GT,CSK,2,0.4,Shubman Gill,Akeal Hosein,4,0,0,0,0,0,,,
202637,2026,Group Stage,37,"Apr 26, 2026","MA Chidambaram Stadium, Chennai",GT,CSK,2,0.5,Shubman Gill,Akeal Hosein,6,0,0,0,0,0,,,
202637,2026,Group Stage,37,"Apr 26, 2026","MA Chidambaram Stadium, Chennai",GT,CSK,2,0.6,Shubman Gill,Akeal Hosein,0,0,0,0,0,0,,,
202637,2026,Group Stage,37,"Apr 26, 2026","MA Chidambaram Stadium, Chennai",GT,CSK,2,1.1,Sai Sudharsan,Anshul Kamboj,0,0,0,0,0,0,,,
202637,2026,Group Stage,37,"Apr 26, 2026","MA Chidambaram Stadium, Chennai",GT,CSK,2,1.2,Sai Sudharsan,Anshul Kamboj,0,0,0,0,0,0,,,
202637,2026,Group Stage,37,"Apr 26, 2026","MA Chidambaram Stadium, Chennai",GT,CSK,2,1.3,Sai Sudharsan,Anshul Kamboj,1,0,0,0,0,0,,,
202637,2026,Group Stage,37,"Apr 26, 2026","MA Chidambaram Stadium, Chennai",GT,CSK,2,1.4,Shubman Gill,Anshul Kamboj,0,0,0,0,0,0,,,
202637,2026,Group Stage,37,"Apr 26, 2026","MA Chidambaram Stadium, Chennai",GT,CSK,2,1.5,Shubman Gill,Anshul Kamboj,0,0,0,0,0,0,,,
202637,2026,Group Stage,37,"Apr 26, 2026","MA Chidambaram Stadium, Chennai",GT,CSK,2,1.6,Shubman Gill,Anshul Kamboj,1,0,0,0,0,0,,,
202637,2026,Group Stage,37,"Apr 26, 2026","MA Chidambaram Stadium, Chennai",GT,CSK,2,2.1,Shubman Gill,Jamie Overton,2,0,0,0,0,0,,,
202637,2026,Group Stage,37,"Apr 26, 2026","MA Chidambaram Stadium, Chennai",GT,CSK,2,2.2,Shubman Gill,Jamie Overton,6,0,0,0,0,0,,,
202637,2026,Group Stage,37,"Apr 26, 2026","MA Chidambaram Stadium, Chennai",GT,CSK,2,2.3,Shubman Gill,Jamie Overton,1,0,0,0,0,0,,,
202637,2026,Group Stage,37,"Apr 26, 2026","MA Chidambaram Stadium, Chennai",GT,CSK,2,2.4,Sai Sudharsan,Jamie Overton,6,0,0,0,0,0,,,
202637,2026,Group Stage,37,"Apr 26, 2026","MA Chidambaram Stadium, Chennai",GT,CSK,2,2.5,Sai Sudharsan,Jamie Overton,1,0,0,0,0,0,,,
202637,2026,Group Stage,37,"Apr 26, 2026","MA Chidambaram Stadium, Chennai",GT,CSK,2,2.6,Shubman Gill,Jamie Overton,1,0,0,0,0,0,,,
202637,2026,Group Stage,37,"Apr 26, 2026","MA Chidambaram Stadium, Chennai",GT,CSK,2,3.1,Shubman Gill,Anshul Kamboj,0,0,0,0,0,0,,,
202637,2026,Group Stage,37,"Apr 26, 2026","MA Chidambaram Stadium, Chennai",GT,CSK,2,3.2,Shubman Gill,Anshul Kamboj,0,0,0,0,0,0,,,
202637,2026,Group Stage,37,"Apr 26, 2026","MA Chidambaram Stadium, Chennai",GT,CSK,2,3.3,Shubman Gill,Anshul Kamboj,1,0,0,0,0,0,,,
202637,2026,Group Stage,37,"Apr 26, 2026","MA Chidambaram Stadium, Chennai",GT,CSK,2,3.4,Sai Sudharsan,Anshul Kamboj,0,0,0,0,0,0,,,
202637,2026,Group Stage,37,"Apr 26, 2026","MA Chidambaram Stadium, Chennai",GT,CSK,2,3.5,Sai Sudharsan,Anshul Kamboj,0,0,0,0,0,0,,,
202637,2026,Group Stage,37,"Apr 26, 2026","MA Chidambaram Stadium, Chennai",GT,CSK,2,3.6,Sai Sudharsan,Anshul Kamboj,0,0,0,0,0,0,,,
202637,2026,Group Stage,37,"Apr 26, 2026","MA Chidambaram Stadium, Chennai",GT,CSK,2,4.1,Shubman Gill,Gurjapneet Singh,1,0,0,0,0,0,,,
202637,2026,Group Stage,37,"Apr 26, 2026","MA Chidambaram Stadium, Chennai",GT,CSK,2,4.2,Sai Sudharsan,Gurjapneet Singh,1,0,0,0,0,0,,,
202637,2026,Group Stage,37,"Apr 26, 2026","MA Chidambaram Stadium, Chennai",GT,CSK,2,4.3,Shubman Gill,Gurjapneet Singh,0,0,0,0,0,0,,,
202637,2026,Group Stage,37,"Apr 26, 2026","MA Chidambaram Stadium, Chennai",GT,CSK,2,4.4,Shubman Gill,Gurjapneet Singh,1,0,0,0,0,0,,,
202637,2026,Group Stage,37,"Apr 26, 2026","MA Chidambaram Stadium, Chennai",GT,CSK,2,4.5,Sai Sudharsan,Gurjapneet Singh,4,0,0,0,0,0,,,
202637,2026,Group Stage,37,"Apr 26, 2026","MA Chidambaram Stadium, Chennai",GT,CSK,2,4.6,Sai Sudharsan,Gurjapneet Singh,4,0,0,0,0,0,,,
202637,2026,Group Stage,37,"Apr 26, 2026","MA Chidambaram Stadium, Chennai",GT,CSK,2,5.1,Shubman Gill,Anshul Kamboj,6,0,0,0,0,0,,,
202637,2026,Group Stage,37,"Apr 26, 2026","MA Chidambaram Stadium, Chennai",GT,CSK,2,5.2,Shubman Gill,Anshul Kamboj,1,0,0,0,0,0,,,
202637,2026,Group Stage,37,"Apr 26, 2026","MA Chidambaram Stadium, Chennai",GT,CSK,2,5.3,Sai Sudharsan,Anshul Kamboj,4,0,0,0,0,0,,,
202637,2026,Group Stage,37,"Apr 26, 2026","MA Chidambaram Stadium, Chennai",GT,CSK,2,5.4,Sai Sudharsan,Anshul Kamboj,1,0,0,0,0,0,,,
202637,2026,Group Stage,37,"Apr 26, 2026","MA Chidambaram Stadium, Chennai",GT,CSK,2,5.5,Shubman Gill,Anshul Kamboj,0,0,0,0,0,0,,,
202637,2026,Group Stage,37,"Apr 26, 2026","MA Chidambaram Stadium, Chennai",GT,CSK,2,5.6,Shubman Gill,Anshul Kamboj,1,0,0,0,0,0,,,
202637,2026,Group Stage,37,"Apr 26, 2026","MA Chidambaram Stadium, Chennai",GT,CSK,2,6.1,Shubman Gill,Noor Ahmad,1,0,0,0,0,0,,,
202637,2026,Group Stage,37,"Apr 26, 2026","MA Chidambaram Stadium, Chennai",GT,CSK,2,6.2,Sai Sudharsan,Noor Ahmad,1,0,0,0,0,0,,,
202637,2026,Group Stage,37,"Apr 26, 2026","MA Chidambaram Stadium, Chennai",GT,CSK,2,6.3,Shubman Gill,Noor Ahmad,0,1,1,0,0,0,,,
202637,2026,Group Stage,37,"Apr 26, 2026","MA Chidambaram Stadium, Chennai",GT,CSK,2,6.3,Jos Buttler,Noor Ahmad,1,0,0,0,0,0,,,
202637,2026,Group Stage,37,"Apr 26, 2026","MA Chidambaram Stadium, Chennai",GT,CSK,2,6.4,Sai Sudharsan,Noor Ahmad,0,0,0,0,0,0,,,
202637,2026,Group Stage,37,"Apr 26, 2026","MA Chidambaram Stadium, Chennai",GT,CSK,2,6.5,Sai Sudharsan,Noor Ahmad,1,0,0,0,0,0,,,
202637,2026,Group Stage,37,"Apr 26, 2026","MA Chidambaram Stadium, Chennai",GT,CSK,2,6.6,Jos Buttler,Noor Ahmad,0,0,0,0,0,0,,,
202637,2026,Group Stage,37,"Apr 26, 2026","MA Chidambaram Stadium, Chennai",GT,CSK,2,7.1,Sai Sudharsan,Gurjapneet Singh,1,0,0,0,0,0,,,
202637,2026,Group Stage,37,"Apr 26, 2026","MA Chidambaram Stadium, Chennai",GT,CSK,2,7.2,Jos Buttler,Gurjapneet Singh,1,0,0,0,0,0,,,
202637,2026,Group Stage,37,"Apr 26, 2026","MA Chidambaram Stadium, Chennai",GT,CSK,2,7.3,Sai Sudharsan,Gurjapneet Singh,1,0,0,0,0,0,,,
202637,2026,Group Stage,37,"Apr 26, 2026","MA Chidambaram Stadium, Chennai",GT,CSK,2,7.4,Jos Buttler,Gurjapneet Singh,1,0,0,0,0,0,,,
202637,2026,Group Stage,37,"Apr 26, 2026","MA Chidambaram Stadium, Chennai",GT,CSK,2,7.5,Sai Sudharsan,Gurjapneet Singh,4,0,0,0,0,0,,,
202637,2026,Group Stage,37,"Apr 26, 2026","MA Chidambaram Stadium, Chennai",GT,CSK,2,7.6,Sai Sudharsan,Gurjapneet Singh,1,0,0,0,0,0,,,
202637,2026,Group Stage,37,"Apr 26, 2026","MA Chidambaram Stadium, Chennai",GT,CSK,2,8.1,Sai Sudharsan,Noor Ahmad,0,0,0,0,0,0,,,
202637,2026,Group Stage,37,"Apr 26, 2026","MA Chidambaram Stadium, Chennai",GT,CSK,2,8.2,Sai Sudharsan,Noor Ahmad,1,0,0,0,0,0,,,
202637,2026,Group Stage,37,"Apr 26, 2026","MA Chidambaram Stadium, Chennai",GT,CSK,2,8.3,Jos Buttler,Noor Ahmad,1,0,0,0,0,0,,,
202637,2026,Group Stage,37,"Apr 26, 2026","MA Chidambaram Stadium, Chennai",GT,CSK,2,8.4,Sai Sudharsan,Noor Ahmad,2,0,0,0,0,0,,,
202637,2026,Group Stage,37,"Apr 26, 2026","MA Chidambaram Stadium, Chennai",GT,CSK,2,8.5,Sai Sudharsan,Noor Ahmad,1,0,0,0,0,0,,,
202637,2026,Group Stage,37,"Apr 26, 2026","MA Chidambaram Stadium, Chennai",GT,CSK,2,8.6,Sai Sudharsan,Noor Ahmad,1,0,0,0,0,0,,,
202637,2026,Group Stage,37,"Apr 26, 2026","MA Chidambaram Stadium, Chennai",GT,CSK,2,9.1,Sai Sudharsan,Shivam Dube,1,0,0,0,0,0,,,
202637,2026,Group Stage,37,"Apr 26, 2026","MA Chidambaram Stadium, Chennai",GT,CSK,2,9.2,Jos Buttler,Shivam Dube,0,0,0,0,0,0,,,
202637,2026,Group Stage,37,"Apr 26, 2026","MA Chidambaram Stadium, Chennai",GT,CSK,2,9.3,Jos Buttler,Shivam Dube,1,0,0,0,0,0,,,
202637,2026,Group Stage,37,"Apr 26, 2026","MA Chidambaram Stadium, Chennai",GT,CSK,2,9.4,Sai Sudharsan,Shivam Dube,1,0,0,0,0,0,,,
202637,2026,Group Stage,37,"Apr 26, 2026","MA Chidambaram Stadium, Chennai",GT,CSK,2,9.5,Jos Buttler,Shivam Dube,0,0,0,0,0,0,,,
202637,2026,Group Stage,37,"Apr 26, 2026","MA Chidambaram Stadium, Chennai",GT,CSK,2,9.6,Jos Buttler,Shivam Dube,4,0,0,0,0,0,,,
202637,2026,Group Stage,37,"Apr 26, 2026","MA Chidambaram Stadium, Chennai",GT,CSK,2,10.1,Sai Sudharsan,Akeal Hosein,1,0,0,0,0,0,,,
202637,2026,Group Stage,37,"Apr 26, 2026","MA Chidambaram Stadium, Chennai",GT,CSK,2,10.2,Jos Buttler,Akeal Hosein,0,0,0,0,0,0,,,
202637,2026,Group Stage,37,"Apr 26, 2026","MA Chidambaram Stadium, Chennai",GT,CSK,2,10.3,Jos Buttler,Akeal Hosein,1,0,0,0,0,0,,,
202637,2026,Group Stage,37,"Apr 26, 2026","MA Chidambaram Stadium, Chennai",GT,CSK,2,10.4,Sai Sudharsan,Akeal Hosein,6,0,0,0,0,0,,,
202637,2026,Group Stage,37,"Apr 26, 2026","MA Chidambaram Stadium, Chennai",GT,CSK,2,10.5,Sai Sudharsan,Akeal Hosein,2,0,0,0,0,0,,,
202637,2026,Group Stage,37,"Apr 26, 2026","MA Chidambaram Stadium, Chennai",GT,CSK,2,10.6,Sai Sudharsan,Akeal Hosein,1,0,0,0,0,0,,,
202637,2026,Group Stage,37,"Apr 26, 2026","MA Chidambaram Stadium, Chennai",GT,CSK,2,11.1,Sai Sudharsan,Noor Ahmad,1,0,0,0,0,0,,,
202637,2026,Group Stage,37,"Apr 26, 2026","MA Chidambaram Stadium, Chennai",GT,CSK,2,11.2,Jos Buttler,Noor Ahmad,4,0,0,0,0,0,,,
202637,2026,Group Stage,37,"Apr 26, 2026","MA Chidambaram Stadium, Chennai",GT,CSK,2,11.3,Jos Buttler,Noor Ahmad,0,0,0,0,0,0,,,
202637,2026,Group Stage,37,"Apr 26, 2026","MA Chidambaram Stadium, Chennai",GT,CSK,2,11.4,Jos Buttler,Noor Ahmad,2,0,0,0,0,0,,,
202637,2026,Group Stage,37,"Apr 26, 2026","MA Chidambaram Stadium, Chennai",GT,CSK,2,11.5,Jos Buttler,Noor Ahmad,1,0,0,0,0,0,,,
202637,2026,Group Stage,37,"Apr 26, 2026","MA Chidambaram Stadium, Chennai",GT,CSK,2,11.6,Sai Sudharsan,Noor Ahmad,1,0,0,0,0,0,,,
202637,2026,Group Stage,37,"Apr 26, 2026","MA Chidambaram Stadium, Chennai",GT,CSK,2,12.1,Sai Sudharsan,Akeal Hosein,6,0,0,0,0,0,,,
202637,2026,Group Stage,37,"Apr 26, 2026","MA Chidambaram Stadium, Chennai",GT,CSK,2,12.2,Sai Sudharsan,Akeal Hosein,1,0,0,0,0,0,,,
202637,2026,Group Stage,37,"Apr 26, 2026","MA Chidambaram Stadium, Chennai",GT,CSK,2,12.3,Jos Buttler,Akeal Hosein,0,0,0,0,0,0,,,
202637,2026,Group Stage,37,"Apr 26, 2026","MA Chidambaram Stadium, Chennai",GT,CSK,2,12.4,Jos Buttler,Akeal Hosein,2,0,0,0,0,0,,,
202637,2026,Group Stage,37,"Apr 26, 2026","MA Chidambaram Stadium, Chennai",GT,CSK,2,12.5,Jos Buttler,Akeal Hosein,1,0,0,0,0,0,,,
202637,2026,Group Stage,37,"Apr 26, 2026","MA Chidambaram Stadium, Chennai",GT,CSK,2,12.6,Sai Sudharsan,Akeal Hosein,6,0,0,0,0,0,,,
202637,2026,Group Stage,37,"Apr 26, 2026","MA Chidambaram Stadium, Chennai",GT,CSK,2,13.1,Jos Buttler,Jamie Overton,0,0,0,0,0,0,,,
202637,2026,Group Stage,37,"Apr 26, 2026","MA Chidambaram Stadium, Chennai",GT,CSK,2,13.2,Jos Buttler,Jamie Overton,1,0,0,0,0,0,,,
202637,2026,Group Stage,37,"Apr 26, 2026","MA Chidambaram Stadium, Chennai",GT,CSK,2,13.3,Sai Sudharsan,Jamie Overton,1,0,0,0,0,0,,,
202637,2026,Group Stage,37,"Apr 26, 2026","MA Chidambaram Stadium, Chennai",GT,CSK,2,13.4,Jos Buttler,Jamie Overton,0,0,0,0,0,0,,,
202637,2026,Group Stage,37,"Apr 26, 2026","MA Chidambaram Stadium, Chennai",GT,CSK,2,13.4,Jos Buttler,Jamie Overton,0,1,1,0,0,0,,,
202637,2026,Group Stage,37,"Apr 26, 2026","MA Chidambaram Stadium, Chennai",GT,CSK,2,13.5,Jos Buttler,Jamie Overton,4,0,0,0,0,0,,,
202637,2026,Group Stage,37,"Apr 26, 2026","MA Chidambaram Stadium, Chennai",GT,CSK,2,13.6,Jos Buttler,Jamie Overton,4,0,0,0,0,0,,,
202637,2026,Group Stage,37,"Apr 26, 2026","MA Chidambaram Stadium, Chennai",GT,CSK,2,14.1,Sai Sudharsan,Noor Ahmad,6,0,0,0,0,0,,,
202637,2026,Group Stage,37,"Apr 26, 2026","MA Chidambaram Stadium, Chennai",GT,CSK,2,14.2,Sai Sudharsan,Noor Ahmad,1,0,0,0,0,0,,,
202637,2026,Group Stage,37,"Apr 26, 2026","MA Chidambaram Stadium, Chennai",GT,CSK,2,14.3,Jos Buttler,Noor Ahmad,0,0,0,0,0,0,,,
202637,2026,Group Stage,37,"Apr 26, 2026","MA Chidambaram Stadium, Chennai",GT,CSK,2,14.4,Jos Buttler,Noor Ahmad,0,0,0,0,0,0,,,
202637,2026,Group Stage,37,"Apr 26, 2026","MA Chidambaram Stadium, Chennai",GT,CSK,2,14.5,Jos Buttler,Noor Ahmad,1,0,0,0,0,0,,,
202637,2026,Group Stage,37,"Apr 26, 2026","MA Chidambaram Stadium, Chennai",GT,CSK,2,14.6,Sai Sudharsan,Noor Ahmad,1,0,0,0,0,0,,,
202637,2026,Group Stage,37,"Apr 26, 2026","MA Chidambaram Stadium, Chennai",GT,CSK,2,15.1,Sai Sudharsan,Gurjapneet Singh,6,0,0,0,0,0,,,
202637,2026,Group Stage,37,"Apr 26, 2026","MA Chidambaram Stadium, Chennai",GT,CSK,2,15.2,Sai Sudharsan,Gurjapneet Singh,1,0,0,0,0,0,,,
202637,2026,Group Stage,37,"Apr 26, 2026","MA Chidambaram Stadium, Chennai",GT,CSK,2,15.3,Jos Buttler,Gurjapneet Singh,1,0,0,0,0,0,,,
202637,2026,Group Stage,37,"Apr 26, 2026","MA Chidambaram Stadium, Chennai",GT,CSK,2,15.4,Sai Sudharsan,Gurjapneet Singh,1,0,0,0,0,0,,,
202637,2026,Group Stage,37,"Apr 26, 2026","MA Chidambaram Stadium, Chennai",GT,CSK,2,15.5,Jos Buttler,Gurjapneet Singh,1,0,0,0,0,0,,,
202637,2026,Group Stage,37,"Apr 26, 2026","MA Chidambaram Stadium, Chennai",GT,CSK,2,15.6,Sai Sudharsan,Gurjapneet Singh,6,0,0,0,0,0,,,
202637,2026,Group Stage,37,"Apr 26, 2026","MA Chidambaram Stadium, Chennai",GT,CSK,2,16.1,Jos Buttler,Akeal Hosein,1,0,0,0,0,0,,,
202637,2026,Group Stage,37,"Apr 26, 2026","MA Chidambaram Stadium, Chennai",GT,CSK,2,16.2,Sai Sudharsan,Akeal Hosein,0,0,0,0,0,0,caught,Sai Sudharsan,Dewald Brevis
202637,2026,Group Stage,37,"Apr 26, 2026","MA Chidambaram Stadium, Chennai",GT,CSK,2,16.3,Washington Sundar,Akeal Hosein,1,0,0,0,0,0,,,
202637,2026,Group Stage,37,"Apr 26, 2026","MA Chidambaram Stadium, Chennai",GT,CSK,2,16.4,Jos Buttler,Akeal Hosein,6,0,0,0,0,0,,,
202644,2026,Group Stage,44,"May 2, 2026","MA Chidambaram Stadium, Chennai",MI,CSK,1,0.1,Will Jacks,Mukesh Choudhary,0,0,0,0,0,0,,,
202644,2026,Group Stage,44,"May 2, 2026","MA Chidambaram Stadium, Chennai",MI,CSK,1,0.2,Will Jacks,Mukesh Choudhary,0,0,0,0,0,0,,,
202644,2026,Group Stage,44,"May 2, 2026","MA Chidambaram Stadium, Chennai",MI,CSK,1,0.3,Will Jacks,Mukesh Choudhary,1,0,0,0,0,0,,,
202644,2026,Group Stage,44,"May 2, 2026","MA Chidambaram Stadium, Chennai",MI,CSK,1,0.4,Ryan Rickelton,Mukesh Choudhary,0,0,0,0,0,0,,,
202644,2026,Group Stage,44,"May 2, 2026","MA Chidambaram Stadium, Chennai",MI,CSK,1,0.5,Ryan Rickelton,Mukesh Choudhary,0,0,0,0,0,0,,,
202644,2026,Group Stage,44,"May 2, 2026","MA Chidambaram Stadium, Chennai",MI,CSK,1,0.6,Ryan Rickelton,Mukesh Choudhary,0,0,0,0,0,0,,,
202644,2026,Group Stage,44,"May 2, 2026","MA Chidambaram Stadium, Chennai",MI,CSK,1,1.1,Will Jacks,Anshul Kamboj,0,0,0,0,0,0,,,
202644,2026,Group Stage,44,"May 2, 2026","MA Chidambaram Stadium, Chennai",MI,CSK,1,1.2,Will Jacks,Anshul Kamboj,0,0,0,0,0,0,caught,Will Jacks,Ramakrishna Ghosh
202644,2026,Group Stage,44,"May 2, 2026","MA Chidambaram Stadium, Chennai",MI,CSK,1,1.3,Naman Dhir,Anshul Kamboj,0,0,0,0,0,0,,,
202644,2026,Group Stage,44,"May 2, 2026","MA Chidambaram Stadium, Chennai",MI,CSK,1,1.4,Naman Dhir,Anshul Kamboj,4,0,0,0,0,0,,,
202644,2026,Group Stage,44,"May 2, 2026","MA Chidambaram Stadium, Chennai",MI,CSK,1,1.5,Naman Dhir,Anshul Kamboj,0,0,0,0,0,0,,,
202644,2026,Group Stage,44,"May 2, 2026","MA Chidambaram Stadium, Chennai",MI,CSK,1,1.6,Naman Dhir,Anshul Kamboj,0,0,0,0,0,0,,,
202644,2026,Group Stage,44,"May 2, 2026","MA Chidambaram Stadium, Chennai",MI,CSK,1,2.1,Ryan Rickelton,Mukesh Choudhary,0,0,0,0,0,0,,,
202644,2026,Group Stage,44,"May 2, 2026","MA Chidambaram Stadium, Chennai",MI,CSK,1,2.2,Ryan Rickelton,Mukesh Choudhary,6,0,0,0,0,0,,,
202644,2026,Group Stage,44,"May 2, 2026","MA Chidambaram Stadium, Chennai",MI,CSK,1,2.3,Ryan Rickelton,Mukesh Choudhary,6,0,0,0,0,0,,,
202644,2026,Group Stage,44,"May 2, 2026","MA Chidambaram Stadium, Chennai",MI,CSK,1,2.4,Ryan Rickelton,Mukesh Choudhary,0,0,0,0,0,0,,,
202644,2026,Group Stage,44,"May 2, 2026","MA Chidambaram Stadium, Chennai",MI,CSK,1,2.5,Ryan Rickelton,Mukesh Choudhary,1,0,0,0,0,0,,,
202644,2026,Group Stage,44,"May 2, 2026","MA Chidambaram Stadium, Chennai",MI,CSK,1,2.6,Naman Dhir,Mukesh Choudhary,2,0,0,0,0,0,,,
202644,2026,Group Stage,44,"May 2, 2026","MA Chidambaram Stadium, Chennai",MI,CSK,1,3.1,Ryan Rickelton,Anshul Kamboj,1,0,0,0,0,0,,,
202644,2026,Group Stage,44,"May 2, 2026","MA Chidambaram Stadium, Chennai",MI,CSK,1,3.2,Naman Dhir,Anshul Kamboj,6,0,0,0,0,0,,,
202644,2026,Group Stage,44,"May 2, 2026","MA Chidambaram Stadium, Chennai",MI,CSK,1,3.3,Naman Dhir,Anshul Kamboj,1,0,0,0,0,0,,,
202644,2026,Group Stage,44,"May 2, 2026","MA Chidambaram Stadium, Chennai",MI,CSK,1,3.4,Ryan Rickelton,Anshul Kamboj,0,0,0,0,0,0,,,
202644,2026,Group Stage,44,"May 2, 2026","MA Chidambaram Stadium, Chennai",MI,CSK,1,3.5,Ryan Rickelton,Anshul Kamboj,0,0,0,0,0,0,,,
202644,2026,Group Stage,44,"May 2, 2026","MA Chidambaram Stadium, Chennai",MI,CSK,1,3.6,Ryan Rickelton,Anshul Kamboj,1,0,0,0,0,0,,,
202644,2026,Group Stage,44,"May 2, 2026","MA Chidambaram Stadium, Chennai",MI,CSK,1,4.1,Ryan Rickelton,Prashant Veer,0,0,0,0,0,0,,,
202644,2026,Group Stage,44,"May 2, 2026","MA Chidambaram Stadium, Chennai",MI,CSK,1,4.2,Ryan Rickelton,Prashant Veer,0,0,0,0,0,0,,,
202644,2026,Group Stage,44,"May 2, 2026","MA Chidambaram Stadium, Chennai",MI,CSK,1,4.3,Ryan Rickelton,Prashant Veer,6,0,0,0,0,0,,,
202644,2026,Group Stage,44,"May 2, 2026","MA Chidambaram Stadium, Chennai",MI,CSK,1,4.4,Ryan Rickelton,Prashant Veer,0,0,0,0,0,0,,,
202644,2026,Group Stage,44,"May 2, 2026","MA Chidambaram Stadium, Chennai",MI,CSK,1,4.5,Ryan Rickelton,Prashant Veer,6,0,0,0,0,0,,,
202644,2026,Group Stage,44,"May 2, 2026","MA Chidambaram Stadium, Chennai",MI,CSK,1,4.6,Ryan Rickelton,Prashant Veer,6,0,0,0,0,0,,,
202644,2026,Group Stage,44,"May 2, 2026","MA Chidambaram Stadium, Chennai",MI,CSK,1,5.1,Naman Dhir,Mukesh Choudhary,0,0,0,0,0,0,,,
202644,2026,Group Stage,44,"May 2, 2026","MA Chidambaram Stadium, Chennai",MI,CSK,1,5.2,Naman Dhir,Mukesh Choudhary,6,0,0,0,0,0,,,
202644,2026,Group Stage,44,"May 2, 2026","MA Chidambaram Stadium, Chennai",MI,CSK,1,5.3,Naman Dhir,Mukesh Choudhary,0,1,0,1,0,0,,,
202644,2026,Group Stage,44,"May 2, 2026","MA Chidambaram Stadium, Chennai",MI,CSK,1,5.4,Ryan Rickelton,Mukesh Choudhary,2,0,0,0,0,0,,,
202644,2026,Group Stage,44,"May 2, 2026","MA Chidambaram Stadium, Chennai",MI,CSK,1,5.5,Ryan Rickelton,Mukesh Choudhary,0,0,0,0,0,0,,,
202644,2026,Group Stage,44,"May 2, 2026","MA Chidambaram Stadium, Chennai",MI,CSK,1,5.6,Ryan Rickelton,Mukesh Choudhary,1,0,0,0,0,0,,,
202644,2026,Group Stage,44,"May 2, 2026","MA Chidambaram Stadium, Chennai",MI,CSK,1,6.1,Ryan Rickelton,Noor Ahmad,1,0,0,0,0,0,,,
202644,2026,Group Stage,44,"May 2, 2026","MA Chidambaram Stadium, Chennai",MI,CSK,1,6.2,Naman Dhir,Noor Ahmad,1,0,0,0,0,0,,,
202644,2026,Group Stage,44,"May 2, 2026","MA Chidambaram Stadium, Chennai",MI,CSK,1,6.3,Ryan Rickelton,Noor Ahmad,0,0,0,0,0,0,,,
202644,2026,Group Stage,44,"May 2, 2026","MA Chidambaram Stadium, Chennai",MI,CSK,1,6.4,Ryan Rickelton,Noor Ahmad,0,0,0,0,0,0,caught,Ryan Rickelton,Urvil Patel
202644,2026,Group Stage,44,"May 2, 2026","MA Chidambaram Stadium, Chennai",MI,CSK,1,6.5,Suryakumar Yadav,Noor Ahmad,4,0,0,0,0,0,,,
202644,2026,Group Stage,44,"May 2, 2026","MA Chidambaram Stadium, Chennai",MI,CSK,1,6.6,Suryakumar Yadav,Noor Ahmad,0,0,0,0,0,0,,,
202644,2026,Group Stage,44,"May 2, 2026","MA Chidambaram Stadium, Chennai",MI,CSK,1,7.1,Naman Dhir,Prashant Veer,0,0,0,0,0,0,,,
202644,2026,Group Stage,44,"May 2, 2026","MA Chidambaram Stadium, Chennai",MI,CSK,1,7.2,Naman Dhir,Prashant Veer,4,0,0,0,0,0,,,
202644,2026,Group Stage,44,"May 2, 2026","MA Chidambaram Stadium, Chennai",MI,CSK,1,7.3,Naman Dhir,Prashant Veer,1,0,0,0,0,0,,,
202644,2026,Group Stage,44,"May 2, 2026","MA Chidambaram Stadium, Chennai",MI,CSK,1,7.4,Suryakumar Yadav,Prashant Veer,0,0,0,0,0,0,,,
202644,2026,Group Stage,44,"May 2, 2026","MA Chidambaram Stadium, Chennai",MI,CSK,1,7.5,Suryakumar Yadav,Prashant Veer,1,0,0,0,0,0,,,
202644,2026,Group Stage,44,"May 2, 2026","MA Chidambaram Stadium, Chennai",MI,CSK,1,7.6,Naman Dhir,Prashant Veer,1,0,0,0,0,0,,,
202644,2026,Group Stage,44,"May 2, 2026","MA Chidambaram Stadium, Chennai",MI,CSK,1,8.1,Naman Dhir,Ramakrishna Ghosh,1,0,0,0,0,0,,,
202644,2026,Group Stage,44,"May 2, 2026","MA Chidambaram Stadium, Chennai",MI,CSK,1,8.2,Suryakumar Yadav,Ramakrishna Ghosh,0,0,0,0,0,0,,,
202644,2026,Group Stage,44,"May 2, 2026","MA Chidambaram Stadium, Chennai",MI,CSK,1,8.3,Suryakumar Yadav,Ramakrishna Ghosh,4,0,0,0,0,0,,,
202644,2026,Group Stage,44,"May 2, 2026","MA Chidambaram Stadium, Chennai",MI,CSK,1,8.4,Suryakumar Yadav,Ramakrishna Ghosh,0,0,0,0,0,0,,,
202644,2026,Group Stage,44,"May 2, 2026","MA Chidambaram Stadium, Chennai",MI,CSK,1,8.5,Suryakumar Yadav,Ramakrishna Ghosh,1,0,0,0,0,0,,,
202644,2026,Group Stage,44,"May 2, 2026","MA Chidambaram Stadium, Chennai",MI,CSK,1,8.6,Naman Dhir,Ramakrishna Ghosh,1,0,0,0,0,0,,,
202644,2026,Group Stage,44,"May 2, 2026","MA Chidambaram Stadium, Chennai",MI,CSK,1,9.1,Naman Dhir,Noor Ahmad,1,0,0,0,0,0,,,
202644,2026,Group Stage,44,"May 2, 2026","MA Chidambaram Stadium, Chennai",MI,CSK,1,9.2,Suryakumar Yadav,Noor Ahmad,4,0,0,0,0,0,,,
202644,2026,Group Stage,44,"May 2, 2026","MA Chidambaram Stadium, Chennai",MI,CSK,1,9.3,Suryakumar Yadav,Noor Ahmad,6,0,0,0,0,0,,,
202644,2026,Group Stage,44,"May 2, 2026","MA Chidambaram Stadium, Chennai",MI,CSK,1,9.4,Suryakumar Yadav,Noor Ahmad,1,0,0,0,0,0,,,
202644,2026,Group Stage,44,"May 2, 2026","MA Chidambaram Stadium, Chennai",MI,CSK,1,9.5,Naman Dhir,Noor Ahmad,0,0,0,0,0,0,,,
202644,2026,Group Stage,44,"May 2, 2026","MA Chidambaram Stadium, Chennai",MI,CSK,1,9.6,Naman Dhir,Noor Ahmad,1,0,0,0,0,0,,,
202644,2026,Group Stage,44,"May 2, 2026","MA Chidambaram Stadium, Chennai",MI,CSK,1,10.1,Naman Dhir,Ramakrishna Ghosh,4,0,0,0,0,0,,,
202644,2026,Group Stage,44,"May 2, 2026","MA Chidambaram Stadium, Chennai",MI,CSK,1,10.2,Naman Dhir,Ramakrishna Ghosh,4,0,0,0,0,0,,,
202644,2026,Group Stage,44,"May 2, 2026","MA Chidambaram Stadium, Chennai",MI,CSK,1,10.3,Naman Dhir,Ramakrishna Ghosh,1,0,0,0,0,0,,,
202644,2026,Group Stage,44,"May 2, 2026","MA Chidambaram Stadium, Chennai",MI,CSK,1,10.4,Suryakumar Yadav,Ramakrishna Ghosh,0,0,0,0,0,0,caught,Suryakumar Yadav,Dewald Brevis
202644,2026,Group Stage,44,"May 2, 2026","MA Chidambaram Stadium, Chennai",MI,CSK,1,10.5,Tilak Varma,Ramakrishna Ghosh,1,0,0,0,0,0,,,
202644,2026,Group Stage,44,"May 2, 2026","MA Chidambaram Stadium, Chennai",MI,CSK,1,10.6,Naman Dhir,Ramakrishna Ghosh,0,0,0,0,0,0,,,
202644,2026,Group Stage,44,"May 2, 2026","MA Chidambaram Stadium, Chennai",MI,CSK,1,11.1,Tilak Varma,Jamie Overton,0,0,0,0,0,0,,,
202644,2026,Group Stage,44,"May 2, 2026","MA Chidambaram Stadium, Chennai",MI,CSK,1,11.2,Tilak Varma,Jamie Overton,1,0,0,0,0,0,,,
202644,2026,Group Stage,44,"May 2, 2026","MA Chidambaram Stadium, Chennai",MI,CSK,1,11.3,Naman Dhir,Jamie Overton,3,0,0,0,0,0,,,
202644,2026,Group Stage,44,"May 2, 2026","MA Chidambaram Stadium, Chennai",MI,CSK,1,11.4,Tilak Varma,Jamie Overton,0,0,0,0,0,0,,,
202644,2026,Group Stage,44,"May 2, 2026","MA Chidambaram Stadium, Chennai",MI,CSK,1,11.5,Tilak Varma,Jamie Overton,2,0,0,0,0,0,,,
202644,2026,Group Stage,44,"May 2, 2026","MA Chidambaram Stadium, Chennai",MI,CSK,1,11.6,Tilak Varma,Jamie Overton,0,0,0,0,0,0,,,
202644,2026,Group Stage,44,"May 2, 2026","MA Chidambaram Stadium, Chennai",MI,CSK,1,12.1,Naman Dhir,Noor Ahmad,0,0,0,0,0,0,,,
202644,2026,Group Stage,44,"May 2, 2026","MA Chidambaram Stadium, Chennai",MI,CSK,1,12.2,Naman Dhir,Noor Ahmad,1,0,0,0,0,0,,,
202644,2026,Group Stage,44,"May 2, 2026","MA Chidambaram Stadium, Chennai",MI,CSK,1,12.3,Tilak Varma,Noor Ahmad,1,0,0,0,0,0,,,
202644,2026,Group Stage,44,"May 2, 2026","MA Chidambaram Stadium, Chennai",MI,CSK,1,12.4,Naman Dhir,Noor Ahmad,1,0,0,0,0,0,,,
202644,2026,Group Stage,44,"May 2, 2026","MA Chidambaram Stadium, Chennai",MI,CSK,1,12.5,Tilak Varma,Noor Ahmad,0,0,0,0,0,0,caught,Tilak Varma,Ruturaj Gaikwad
202644,2026,Group Stage,44,"May 2, 2026","MA Chidambaram Stadium, Chennai",MI,CSK,1,12.6,Hardik Pandya,Noor Ahmad,1,0,0,0,0,0,,,
202644,2026,Group Stage,44,"May 2, 2026","MA Chidambaram Stadium, Chennai",MI,CSK,1,13.1,Hardik Pandya,Jamie Overton,0,1,0,0,1,0,,,
202644,2026,Group Stage,44,"May 2, 2026","MA Chidambaram Stadium, Chennai",MI,CSK,1,13.2,Naman Dhir,Jamie Overton,1,0,0,0,0,0,,,
202644,2026,Group Stage,44,"May 2, 2026","MA Chidambaram Stadium, Chennai",MI,CSK,1,13.3,Hardik Pandya,Jamie Overton,0,0,0,0,0,0,,,
202644,2026,Group Stage,44,"May 2, 2026","MA Chidambaram Stadium, Chennai",MI,CSK,1,13.4,Hardik Pandya,Jamie Overton,0,0,0,0,0,0,,,
202644,2026,Group Stage,44,"May 2, 2026","MA Chidambaram Stadium, Chennai",MI,CSK,1,13.5,Hardik Pandya,Jamie Overton,0,0,0,0,0,0,,,
202644,2026,Group Stage,44,"May 2, 2026","MA Chidambaram Stadium, Chennai",MI,CSK,1,13.6,Hardik Pandya,Jamie Overton,1,0,0,0,0,0,,,
202644,2026,Group Stage,44,"May 2, 2026","MA Chidambaram Stadium, Chennai",MI,CSK,1,14.1,Hardik Pandya,Ramakrishna Ghosh,4,0,0,0,0,0,,,
202644,2026,Group Stage,44,"May 2, 2026","MA Chidambaram Stadium, Chennai",MI,CSK,1,14.2,Hardik Pandya,Ramakrishna Ghosh,0,0,0,0,0,0,,,
202644,2026,Group Stage,44,"May 2, 2026","MA Chidambaram Stadium, Chennai",MI,CSK,1,14.3,Hardik Pandya,Ramakrishna Ghosh,1,0,0,0,0,0,,,
202644,2026,Group Stage,44,"May 2, 2026","MA Chidambaram Stadium, Chennai",MI,CSK,1,14.4,Naman Dhir,Ramakrishna Ghosh,0,0,0,0,0,0,,,
202644,2026,Group Stage,44,"May 2, 2026","MA Chidambaram Stadium, Chennai",MI,CSK,1,14.5,Naman Dhir,Ramakrishna Ghosh,1,0,0,0,0,0,,,
202644,2026,Group Stage,44,"May 2, 2026","MA Chidambaram Stadium, Chennai",MI,CSK,1,14.6,Hardik Pandya,Ramakrishna Ghosh,1,0,0,0,0,0,,,
202644,2026,Group Stage,44,"May 2, 2026","MA Chidambaram Stadium, Chennai",MI,CSK,1,15.1,Hardik Pandya,Noor Ahmad,0,1,0,1,0,0,,,
202644,2026,Group Stage,44,"May 2, 2026","MA Chidambaram Stadium, Chennai",MI,CSK,1,15.2,Naman Dhir,Noor Ahmad,1,0,0,0,0,0,,,
202644,2026,Group Stage,44,"May 2, 2026","MA Chidambaram Stadium, Chennai",MI,CSK,1,15.3,Hardik Pandya,Noor Ahmad,0,0,0,0,0,0,,,
202644,2026,Group Stage,44,"May 2, 2026","MA Chidambaram Stadium, Chennai",MI,CSK,1,15.4,Hardik Pandya,Noor Ahmad,1,0,0,0,0,0,,,
202644,2026,Group Stage,44,"May 2, 2026","MA Chidambaram Stadium, Chennai",MI,CSK,1,15.5,Naman Dhir,Noor Ahmad,1,0,0,0,0,0,,,
202644,2026,Group Stage,44,"May 2, 2026","MA Chidambaram Stadium, Chennai",MI,CSK,1,15.6,Hardik Pandya,Noor Ahmad,0,0,0,0,0,0,,,
202644,2026,Group Stage,44,"May 2, 2026","MA Chidambaram Stadium, Chennai",MI,CSK,1,16.1,Naman Dhir,Jamie Overton,2,0,0,0,0,0,,,
202644,2026,Group Stage,44,"May 2, 2026","MA Chidambaram Stadium, Chennai",MI,CSK,1,16.2,Naman Dhir,Jamie Overton,1,0,0,0,0,0,,,
202644,2026,Group Stage,44,"May 2, 2026","MA Chidambaram Stadium, Chennai",MI,CSK,1,16.3,Hardik Pandya,Jamie Overton,1,0,0,0,0,0,,,
202644,2026,Group Stage,44,"May 2, 2026","MA Chidambaram Stadium, Chennai",MI,CSK,1,16.4,Naman Dhir,Jamie Overton,6,0,0,0,0,0,,,
202644,2026,Group Stage,44,"May 2, 2026","MA Chidambaram Stadium, Chennai",MI,CSK,1,16.5,Naman Dhir,Jamie Overton,0,0,0,0,0,0,caught,Naman Dhir,(sub)Sarfaraz Khan
202644,2026,Group Stage,44,"May 2, 2026","MA Chidambaram Stadium, Chennai",MI,CSK,1,16.6,Robin Minz,Jamie Overton,1,0,0,0,0,0,,,
202644,2026,Group Stage,44,"May 2, 2026","MA Chidambaram Stadium, Chennai",MI,CSK,1,17.1,Robin Minz,Anshul Kamboj,4,0,0,0,0,0,,,
202644,2026,Group Stage,44,"May 2, 2026","MA Chidambaram Stadium, Chennai",MI,CSK,1,17.2,Robin Minz,Anshul Kamboj,0,0,0,0,0,0,bowled,Robin Minz,
202644,2026,Group Stage,44,"May 2, 2026","MA Chidambaram Stadium, Chennai",MI,CSK,1,17.3,Krish Bhagat,Anshul Kamboj,0,0,0,0,0,0,,,
202644,2026,Group Stage,44,"May 2, 2026","MA Chidambaram Stadium, Chennai",MI,CSK,1,17.4,Krish Bhagat,Anshul Kamboj,1,0,0,0,0,0,,,
202644,2026,Group Stage,44,"May 2, 2026","MA Chidambaram Stadium, Chennai",MI,CSK,1,17.5,Hardik Pandya,Anshul Kamboj,1,0,0,0,0,0,,,
202644,2026,Group Stage,44,"May 2, 2026","MA Chidambaram Stadium, Chennai",MI,CSK,1,17.6,Krish Bhagat,Anshul Kamboj,1,0,0,0,0,0,,,
202644,2026,Group Stage,44,"May 2, 2026","MA Chidambaram Stadium, Chennai",MI,CSK,1,18.1,Krish Bhagat,Jamie Overton,0,0,0,0,0,0,,,
202644,2026,Group Stage,44,"May 2, 2026","MA Chidambaram Stadium, Chennai",MI,CSK,1,18.2,Krish Bhagat,Jamie Overton,1,0,0,0,0,0,,,
202644,2026,Group Stage,44,"May 2, 2026","MA Chidambaram Stadium, Chennai",MI,CSK,1,18.3,Hardik Pandya,Jamie Overton,0,0,0,0,0,0,,,
202644,2026,Group Stage,44,"May 2, 2026","MA Chidambaram Stadium, Chennai",MI,CSK,1,18.4,Hardik Pandya,Jamie Overton,0,0,0,0,0,0,,,
202644,2026,Group Stage,44,"May 2, 2026","MA Chidambaram Stadium, Chennai",MI,CSK,1,18.5,Hardik Pandya,Jamie Overton,2,0,0,0,0,0,,,
202644,2026,Group Stage,44,"May 2, 2026","MA Chidambaram Stadium, Chennai",MI,CSK,1,18.6,Hardik Pandya,Jamie Overton,1,0,0,0,0,0,,,
202644,2026,Group Stage,44,"May 2, 2026","MA Chidambaram Stadium, Chennai",MI,CSK,1,19.1,Hardik Pandya,Anshul Kamboj,4,0,0,0,0,0,,,
202644,2026,Group Stage,44,"May 2, 2026","MA Chidambaram Stadium, Chennai",MI,CSK,1,19.2,Hardik Pandya,Anshul Kamboj,0,0,0,0,0,0,,,
202644,2026,Group Stage,44,"May 2, 2026","MA Chidambaram Stadium, Chennai",MI,CSK,1,19.2,Hardik Pandya,Anshul Kamboj,0,1,1,0,0,0,,,
202644,2026,Group Stage,44,"May 2, 2026","MA Chidambaram Stadium, Chennai",MI,CSK,1,19.3,Hardik Pandya,Anshul Kamboj,0,0,0,0,0,0,caught,Hardik Pandya,Dewald Brevis
202644,2026,Group Stage,44,"May 2, 2026","MA Chidambaram Stadium, Chennai",MI,CSK,1,19.4,Trent Boult,Anshul Kamboj,6,0,0,0,0,0,,,
202644,2026,Group Stage,44,"May 2, 2026","MA Chidambaram Stadium, Chennai",MI,CSK,1,19.5,Trent Boult,Anshul Kamboj,1,0,0,0,0,0,,,
202644,2026,Group Stage,44,"May 2, 2026","MA Chidambaram Stadium, Chennai",MI,CSK,1,19.6,Krish Bhagat,Anshul Kamboj,0,1,0,0,1,0,,,
202648,2026,Group Stage,48,"May 5, 2026","Arun Jaitley Stadium, Delhi",DC,CSK,1,0.1,Pathum Nissanka,Akeal Hosein,4,0,0,0,0,0,,,
202648,2026,Group Stage,48,"May 5, 2026","Arun Jaitley Stadium, Delhi",DC,CSK,1,0.2,Pathum Nissanka,Akeal Hosein,0,0,0,0,0,0,,,
202648,2026,Group Stage,48,"May 5, 2026","Arun Jaitley Stadium, Delhi",DC,CSK,1,0.3,Pathum Nissanka,Akeal Hosein,0,0,0,0,0,0,,,
202648,2026,Group Stage,48,"May 5, 2026","Arun Jaitley Stadium, Delhi",DC,CSK,1,0.4,Pathum Nissanka,Akeal Hosein,0,0,0,0,0,0,,,
202648,2026,Group Stage,48,"May 5, 2026","Arun Jaitley Stadium, Delhi",DC,CSK,1,0.5,Pathum Nissanka,Akeal Hosein,4,0,0,0,0,0,,,
202648,2026,Group Stage,48,"May 5, 2026","Arun Jaitley Stadium, Delhi",DC,CSK,1,0.6,Pathum Nissanka,Akeal Hosein,0,0,0,0,0,0,,,
202648,2026,Group Stage,48,"May 5, 2026","Arun Jaitley Stadium, Delhi",DC,CSK,1,1.1,Rahul,Mukesh Choudhary,0,0,0,0,0,0,,,
202648,2026,Group Stage,48,"May 5, 2026","Arun Jaitley Stadium, Delhi",DC,CSK,1,1.2,Rahul,Mukesh Choudhary,4,0,0,0,0,0,,,
202648,2026,Group Stage,48,"May 5, 2026","Arun Jaitley Stadium, Delhi",DC,CSK,1,1.3,Rahul,Mukesh Choudhary,0,0,0,0,0,0,,,
202648,2026,Group Stage,48,"May 5, 2026","Arun Jaitley Stadium, Delhi",DC,CSK,1,1.4,Rahul,Mukesh Choudhary,1,0,0,0,0,0,,,
202648,2026,Group Stage,48,"May 5, 2026","Arun Jaitley Stadium, Delhi",DC,CSK,1,1.5,Pathum Nissanka,Mukesh Choudhary,0,0,0,0,0,0,,,
202648,2026,Group Stage,48,"May 5, 2026","Arun Jaitley Stadium, Delhi",DC,CSK,1,1.6,Pathum Nissanka,Mukesh Choudhary,0,0,0,0,0,0,,,
202648,2026,Group Stage,48,"May 5, 2026","Arun Jaitley Stadium, Delhi",DC,CSK,1,2.1,Rahul,Akeal Hosein,1,0,0,0,0,0,,,
202648,2026,Group Stage,48,"May 5, 2026","Arun Jaitley Stadium, Delhi",DC,CSK,1,2.2,Pathum Nissanka,Akeal Hosein,1,0,0,0,0,0,,,
202648,2026,Group Stage,48,"May 5, 2026","Arun Jaitley Stadium, Delhi",DC,CSK,1,2.3,Rahul,Akeal Hosein,0,0,0,0,0,0,,,
202648,2026,Group Stage,48,"May 5, 2026","Arun Jaitley Stadium, Delhi",DC,CSK,1,2.4,Rahul,Akeal Hosein,0,0,0,0,0,0,,,
202648,2026,Group Stage,48,"May 5, 2026","Arun Jaitley Stadium, Delhi",DC,CSK,1,2.5,Rahul,Akeal Hosein,0,0,0,0,0,0,,,
202648,2026,Group Stage,48,"May 5, 2026","Arun Jaitley Stadium, Delhi",DC,CSK,1,2.6,Rahul,Akeal Hosein,4,0,0,0,0,0,,,
202648,2026,Group Stage,48,"May 5, 2026","Arun Jaitley Stadium, Delhi",DC,CSK,1,3.1,Pathum Nissanka,Mukesh Choudhary,0,0,0,0,0,0,,,
202648,2026,Group Stage,48,"May 5, 2026","Arun Jaitley Stadium, Delhi",DC,CSK,1,3.2,Pathum Nissanka,Mukesh Choudhary,0,0,0,0,0,0,,,
202648,2026,Group Stage,48,"May 5, 2026","Arun Jaitley Stadium, Delhi",DC,CSK,1,3.3,Pathum Nissanka,Mukesh Choudhary,4,0,0,0,0,0,,,
202648,2026,Group Stage,48,"May 5, 2026","Arun Jaitley Stadium, Delhi",DC,CSK,1,3.4,Pathum Nissanka,Mukesh Choudhary,6,0,0,0,0,0,,,
202648,2026,Group Stage,48,"May 5, 2026","Arun Jaitley Stadium, Delhi",DC,CSK,1,3.5,Pathum Nissanka,Mukesh Choudhary,0,0,0,0,0,0,,,
202648,2026,Group Stage,48,"May 5, 2026","Arun Jaitley Stadium, Delhi",DC,CSK,1,3.6,Pathum Nissanka,Mukesh Choudhary,0,0,0,0,0,0,caught,Pathum Nissanka,
202648,2026,Group Stage,48,"May 5, 2026","Arun Jaitley Stadium, Delhi",DC,CSK,1,4.1,Rahul,Anshul Kamboj,1,0,0,0,0,0,,,
202648,2026,Group Stage,48,"May 5, 2026","Arun Jaitley Stadium, Delhi",DC,CSK,1,4.2,Nitish Rana,Anshul Kamboj,1,0,0,0,0,0,,,
202648,2026,Group Stage,48,"May 5, 2026","Arun Jaitley Stadium, Delhi",DC,CSK,1,4.3,Rahul,Anshul Kamboj,0,0,0,0,0,0,,,
202648,2026,Group Stage,48,"May 5, 2026","Arun Jaitley Stadium, Delhi",DC,CSK,1,4.4,Rahul,Anshul Kamboj,1,0,0,0,0,0,,,
202648,2026,Group Stage,48,"May 5, 2026","Arun Jaitley Stadium, Delhi",DC,CSK,1,4.5,Nitish Rana,Anshul Kamboj,4,0,0,0,0,0,,,
202648,2026,Group Stage,48,"May 5, 2026","Arun Jaitley Stadium, Delhi",DC,CSK,1,4.6,Nitish Rana,Anshul Kamboj,0,0,0,0,0,0,,,
202648,2026,Group Stage,48,"May 5, 2026","Arun Jaitley Stadium, Delhi",DC,CSK,1,5.1,Rahul,Akeal Hosein,0,0,0,0,0,0,caught,Rahul,Ruturaj Gaikwad
202648,2026,Group Stage,48,"May 5, 2026","Arun Jaitley Stadium, Delhi",DC,CSK,1,5.2,Karun Nair,Akeal Hosein,0,0,0,0,0,0,,,
202648,2026,Group Stage,48,"May 5, 2026","Arun Jaitley Stadium, Delhi",DC,CSK,1,5.3,Karun Nair,Akeal Hosein,0,0,0,0,0,0,,,
202648,2026,Group Stage,48,"May 5, 2026","Arun Jaitley Stadium, Delhi",DC,CSK,1,5.4,Karun Nair,Akeal Hosein,0,0,0,0,0,0,,,
202648,2026,Group Stage,48,"May 5, 2026","Arun Jaitley Stadium, Delhi",DC,CSK,1,5.5,Karun Nair,Akeal Hosein,1,0,0,0,0,0,,,
202648,2026,Group Stage,48,"May 5, 2026","Arun Jaitley Stadium, Delhi",DC,CSK,1,5.6,Nitish Rana,Akeal Hosein,0,0,0,0,0,0,,,
202648,2026,Group Stage,48,"May 5, 2026","Arun Jaitley Stadium, Delhi",DC,CSK,1,6.1,Karun Nair,Anshul Kamboj,0,0,0,0,0,0,,,
202648,2026,Group Stage,48,"May 5, 2026","Arun Jaitley Stadium, Delhi",DC,CSK,1,6.2,Karun Nair,Anshul Kamboj,2,0,0,0,0,0,,,
202648,2026,Group Stage,48,"May 5, 2026","Arun Jaitley Stadium, Delhi",DC,CSK,1,6.3,Karun Nair,Anshul Kamboj,0,0,0,0,0,0,,,
202648,2026,Group Stage,48,"May 5, 2026","Arun Jaitley Stadium, Delhi",DC,CSK,1,6.4,Karun Nair,Anshul Kamboj,1,0,0,0,0,0,,,
202648,2026,Group Stage,48,"May 5, 2026","Arun Jaitley Stadium, Delhi",DC,CSK,1,6.5,Nitish Rana,Anshul Kamboj,1,0,0,0,0,0,,,
202648,2026,Group Stage,48,"May 5, 2026","Arun Jaitley Stadium, Delhi",DC,CSK,1,6.6,Karun Nair,Anshul Kamboj,4,0,0,0,0,0,,,
202648,2026,Group Stage,48,"May 5, 2026","Arun Jaitley Stadium, Delhi",DC,CSK,1,7.1,Nitish Rana,Noor Ahmad,1,0,0,0,0,0,,,
202648,2026,Group Stage,48,"May 5, 2026","Arun Jaitley Stadium, Delhi",DC,CSK,1,7.2,Karun Nair,Noor Ahmad,4,0,0,0,0,0,,,
202648,2026,Group Stage,48,"May 5, 2026","Arun Jaitley Stadium, Delhi",DC,CSK,1,7.3,Karun Nair,Noor Ahmad,0,0,0,0,0,0,,,
202648,2026,Group Stage,48,"May 5, 2026","Arun Jaitley Stadium, Delhi",DC,CSK,1,7.4,Karun Nair,Noor Ahmad,1,0,0,0,0,0,,,
202648,2026,Group Stage,48,"May 5, 2026","Arun Jaitley Stadium, Delhi",DC,CSK,1,7.5,Nitish Rana,Noor Ahmad,1,0,0,0,0,0,,,
202648,2026,Group Stage,48,"May 5, 2026","Arun Jaitley Stadium, Delhi",DC,CSK,1,7.6,Karun Nair,Noor Ahmad,0,0,0,0,0,0,caught,Karun Nair,Gurjapneet Singh
202648,2026,Group Stage,48,"May 5, 2026","Arun Jaitley Stadium, Delhi",DC,CSK,1,8.1,Nitish Rana,Gurjapneet Singh,1,0,0,0,0,0,,,
202648,2026,Group Stage,48,"May 5, 2026","Arun Jaitley Stadium, Delhi",DC,CSK,1,8.2,Axar Patel,Gurjapneet Singh,1,0,0,0,0,0,,,
202648,2026,Group Stage,48,"May 5, 2026","Arun Jaitley Stadium, Delhi",DC,CSK,1,8.3,Nitish Rana,Gurjapneet Singh,1,0,0,0,0,0,,,
202648,2026,Group Stage,48,"May 5, 2026","Arun Jaitley Stadium, Delhi",DC,CSK,1,8.4,Axar Patel,Gurjapneet Singh,1,0,0,0,0,0,,,
202648,2026,Group Stage,48,"May 5, 2026","Arun Jaitley Stadium, Delhi",DC,CSK,1,8.5,Nitish Rana,Gurjapneet Singh,1,0,0,0,0,0,,,
202648,2026,Group Stage,48,"May 5, 2026","Arun Jaitley Stadium, Delhi",DC,CSK,1,8.6,Axar Patel,Gurjapneet Singh,0,0,0,0,0,0,,,
202648,2026,Group Stage,48,"May 5, 2026","Arun Jaitley Stadium, Delhi",DC,CSK,1,9.1,Nitish Rana,Noor Ahmad,0,0,0,0,0,0,,,
202648,2026,Group Stage,48,"May 5, 2026","Arun Jaitley Stadium, Delhi",DC,CSK,1,9.2,Nitish Rana,Noor Ahmad,4,0,0,0,0,0,,,
202648,2026,Group Stage,48,"May 5, 2026","Arun Jaitley Stadium, Delhi",DC,CSK,1,9.3,Nitish Rana,Noor Ahmad,0,0,0,0,0,0,caught,Nitish Rana,Kartik Sharma
202648,2026,Group Stage,48,"May 5, 2026","Arun Jaitley Stadium, Delhi",DC,CSK,1,9.4,Tristan Stubbs,Noor Ahmad,0,0,0,0,0,0,,,
202648,2026,Group Stage,48,"May 5, 2026","Arun Jaitley Stadium, Delhi",DC,CSK,1,9.5,Tristan Stubbs,Noor Ahmad,1,0,0,0,0,0,,,
202648,2026,Group Stage,48,"May 5, 2026","Arun Jaitley Stadium, Delhi",DC,CSK,1,9.6,Axar Patel,Noor Ahmad,0,0,0,0,0,0,,,
202648,2026,Group Stage,48,"May 5, 2026","Arun Jaitley Stadium, Delhi",DC,CSK,1,10.1,Tristan Stubbs,Gurjapneet Singh,0,0,0,0,0,0,,,
202648,2026,Group Stage,48,"May 5, 2026","Arun Jaitley Stadium, Delhi",DC,CSK,1,10.2,Tristan Stubbs,Gurjapneet Singh,6,0,0,0,0,0,,,
202648,2026,Group Stage,48,"May 5, 2026","Arun Jaitley Stadium, Delhi",DC,CSK,1,10.3,Tristan Stubbs,Gurjapneet Singh,0,0,0,0,0,0,,,
202648,2026,Group Stage,48,"May 5, 2026","Arun Jaitley Stadium, Delhi",DC,CSK,1,10.4,Tristan Stubbs,Gurjapneet Singh,1,0,0,0,0,0,,,
202648,2026,Group Stage,48,"May 5, 2026","Arun Jaitley Stadium, Delhi",DC,CSK,1,10.5,Axar Patel,Gurjapneet Singh,0,0,0,0,0,0,,,
202648,2026,Group Stage,48,"May 5, 2026","Arun Jaitley Stadium, Delhi",DC,CSK,1,10.6,Axar Patel,Gurjapneet Singh,0,0,0,0,0,0,bowled,Axar Patel,
202648,2026,Group Stage,48,"May 5, 2026","Arun Jaitley Stadium, Delhi",DC,CSK,1,11.1,Tristan Stubbs,Akeal Hosein,1,0,0,0,0,0,,,
202648,2026,Group Stage,48,"May 5, 2026","Arun Jaitley Stadium, Delhi",DC,CSK,1,11.2,Sameer Rizvi,Akeal Hosein,1,0,0,0,0,0,,,
202648,2026,Group Stage,48,"May 5, 2026","Arun Jaitley Stadium, Delhi",DC,CSK,1,11.3,Tristan Stubbs,Akeal Hosein,0,0,0,0,0,0,,,
202648,2026,Group Stage,48,"May 5, 2026","Arun Jaitley Stadium, Delhi",DC,CSK,1,11.4,Tristan Stubbs,Akeal Hosein,1,0,0,0,0,0,,,
202648,2026,Group Stage,48,"May 5, 2026","Arun Jaitley Stadium, Delhi",DC,CSK,1,11.5,Sameer Rizvi,Akeal Hosein,1,0,0,0,0,0,,,
202648,2026,Group Stage,48,"May 5, 2026","Arun Jaitley Stadium, Delhi",DC,CSK,1,11.6,Tristan Stubbs,Akeal Hosein,0,0,0,0,0,0,,,
202648,2026,Group Stage,48,"May 5, 2026","Arun Jaitley Stadium, Delhi",DC,CSK,1,12.1,Sameer Rizvi,Mukesh Choudhary,1,0,0,0,0,0,,,
202648,2026,Group Stage,48,"May 5, 2026","Arun Jaitley Stadium, Delhi",DC,CSK,1,12.2,Tristan Stubbs,Mukesh Choudhary,1,0,0,0,0,0,,,
202648,2026,Group Stage,48,"May 5, 2026","Arun Jaitley Stadium, Delhi",DC,CSK,1,12.3,Sameer Rizvi,Mukesh Choudhary,0,0,0,0,0,0,,,
202648,2026,Group Stage,48,"May 5, 2026","Arun Jaitley Stadium, Delhi",DC,CSK,1,12.4,Sameer Rizvi,Mukesh Choudhary,0,0,0,0,0,0,,,
202648,2026,Group Stage,48,"May 5, 2026","Arun Jaitley Stadium, Delhi",DC,CSK,1,12.5,Sameer Rizvi,Mukesh Choudhary,1,0,0,0,0,0,,,
202648,2026,Group Stage,48,"May 5, 2026","Arun Jaitley Stadium, Delhi",DC,CSK,1,12.6,Tristan Stubbs,Mukesh Choudhary,1,0,0,0,0,0,,,
202648,2026,Group Stage,48,"May 5, 2026","Arun Jaitley Stadium, Delhi",DC,CSK,1,13.1,Tristan Stubbs,Gurjapneet Singh,0,0,0,0,0,0,,,
202648,2026,Group Stage,48,"May 5, 2026","Arun Jaitley Stadium, Delhi",DC,CSK,1,13.2,Tristan Stubbs,Gurjapneet Singh,1,0,0,0,0,0,,,
202648,2026,Group Stage,48,"May 5, 2026","Arun Jaitley Stadium, Delhi",DC,CSK,1,13.3,Sameer Rizvi,Gurjapneet Singh,1,0,0,0,0,0,,,
202648,2026,Group Stage,48,"May 5, 2026","Arun Jaitley Stadium, Delhi",DC,CSK,1,13.4,Tristan Stubbs,Gurjapneet Singh,6,0,0,0,0,0,,,
202648,2026,Group Stage,48,"May 5, 2026","Arun Jaitley Stadium, Delhi",DC,CSK,1,13.5,Tristan Stubbs,Gurjapneet Singh,1,0,0,0,0,0,,,
202648,2026,Group Stage,48,"May 5, 2026","Arun Jaitley Stadium, Delhi",DC,CSK,1,13.6,Sameer Rizvi,Gurjapneet Singh,1,0,0,0,0,0,,,
202648,2026,Group Stage,48,"May 5, 2026","Arun Jaitley Stadium, Delhi",DC,CSK,1,14.1,Sameer Rizvi,Noor Ahmad,1,0,0,0,0,0,,,
202648,2026,Group Stage,48,"May 5, 2026","Arun Jaitley Stadium, Delhi",DC,CSK,1,14.2,Tristan Stubbs,Noor Ahmad,2,0,0,0,0,0,,,
202648,2026,Group Stage,48,"May 5, 2026","Arun Jaitley Stadium, Delhi",DC,CSK,1,14.3,Tristan Stubbs,Noor Ahmad,4,0,0,0,0,0,,,
202648,2026,Group Stage,48,"May 5, 2026","Arun Jaitley Stadium, Delhi",DC,CSK,1,14.4,Tristan Stubbs,Noor Ahmad,1,0,0,0,0,0,,,
202648,2026,Group Stage,48,"May 5, 2026","Arun Jaitley Stadium, Delhi",DC,CSK,1,14.5,Sameer Rizvi,Noor Ahmad,1,0,0,0,0,0,,,
202648,2026,Group Stage,48,"May 5, 2026","Arun Jaitley Stadium, Delhi",DC,CSK,1,14.6,Tristan Stubbs,Noor Ahmad,1,0,0,0,0,0,,,
202648,2026,Group Stage,48,"May 5, 2026","Arun Jaitley Stadium, Delhi",DC,CSK,1,15.1,Tristan Stubbs,Mukesh Choudhary,0,1,1,0,0,0,,,
202648,2026,Group Stage,48,"May 5, 2026","Arun Jaitley Stadium, Delhi",DC,CSK,1,15.1,Tristan Stubbs,Mukesh Choudhary,1,0,0,0,0,0,,,
202648,2026,Group Stage,48,"May 5, 2026","Arun Jaitley Stadium, Delhi",DC,CSK,1,15.2,Sameer Rizvi,Mukesh Choudhary,1,0,0,0,0,0,,,
202648,2026,Group Stage,48,"May 5, 2026","Arun Jaitley Stadium, Delhi",DC,CSK,1,15.3,Tristan Stubbs,Mukesh Choudhary,1,0,0,0,0,0,,,
202648,2026,Group Stage,48,"May 5, 2026","Arun Jaitley Stadium, Delhi",DC,CSK,1,15.4,Sameer Rizvi,Mukesh Choudhary,6,0,0,0,0,0,,,
202648,2026,Group Stage,48,"May 5, 2026","Arun Jaitley Stadium, Delhi",DC,CSK,1,15.5,Sameer Rizvi,Mukesh Choudhary,1,0,0,0,0,0,,,
202648,2026,Group Stage,48,"May 5, 2026","Arun Jaitley Stadium, Delhi",DC,CSK,1,15.6,Tristan Stubbs,Mukesh Choudhary,1,0,0,0,0,0,,,
202648,2026,Group Stage,48,"May 5, 2026","Arun Jaitley Stadium, Delhi",DC,CSK,1,16.1,Tristan Stubbs,Gurjapneet Singh,2,0,0,0,0,0,,,
202648,2026,Group Stage,48,"May 5, 2026","Arun Jaitley Stadium, Delhi",DC,CSK,1,16.2,Tristan Stubbs,Gurjapneet Singh,0,1,1,0,0,0,,,
202648,2026,Group Stage,48,"May 5, 2026","Arun Jaitley Stadium, Delhi",DC,CSK,1,16.2,Tristan Stubbs,Gurjapneet Singh,1,0,0,0,0,0,,,
202648,2026,Group Stage,48,"May 5, 2026","Arun Jaitley Stadium, Delhi",DC,CSK,1,16.3,Sameer Rizvi,Gurjapneet Singh,1,0,0,0,0,0,,,
202648,2026,Group Stage,48,"May 5, 2026","Arun Jaitley Stadium, Delhi",DC,CSK,1,16.4,Tristan Stubbs,Gurjapneet Singh,0,0,0,0,0,0,,,
202648,2026,Group Stage,48,"May 5, 2026","Arun Jaitley Stadium, Delhi",DC,CSK,1,16.5,Tristan Stubbs,Gurjapneet Singh,1,0,0,0,0,0,,,
202648,2026,Group Stage,48,"May 5, 2026","Arun Jaitley Stadium, Delhi",DC,CSK,1,16.6,Sameer Rizvi,Gurjapneet Singh,1,0,0,0,0,0,,,
202648,2026,Group Stage,48,"May 5, 2026","Arun Jaitley Stadium, Delhi",DC,CSK,1,17.1,Sameer Rizvi,Anshul Kamboj,0,0,0,0,0,0,,,
202648,2026,Group Stage,48,"May 5, 2026","Arun Jaitley Stadium, Delhi",DC,CSK,1,17.2,Sameer Rizvi,Anshul Kamboj,0,0,0,0,0,0,,,
202648,2026,Group Stage,48,"May 5, 2026","Arun Jaitley Stadium, Delhi",DC,CSK,1,17.3,Sameer Rizvi,Anshul Kamboj,6,0,0,0,0,0,,,
202648,2026,Group Stage,48,"May 5, 2026","Arun Jaitley Stadium, Delhi",DC,CSK,1,17.4,Sameer Rizvi,Anshul Kamboj,1,0,0,0,0,0,,,
202648,2026,Group Stage,48,"May 5, 2026","Arun Jaitley Stadium, Delhi",DC,CSK,1,17.5,Tristan Stubbs,Anshul Kamboj,1,0,0,0,0,0,,,
202648,2026,Group Stage,48,"May 5, 2026","Arun Jaitley Stadium, Delhi",DC,CSK,1,17.6,Sameer Rizvi,Anshul Kamboj,6,0,0,0,0,0,,,
202648,2026,Group Stage,48,"May 5, 2026","Arun Jaitley Stadium, Delhi",DC,CSK,1,18.1,Tristan Stubbs,Jamie Overton,1,0,0,0,0,0,,,
202648,2026,Group Stage,48,"May 5, 2026","Arun Jaitley Stadium, Delhi",DC,CSK,1,18.2,Sameer Rizvi,Jamie Overton,1,0,0,0,0,0,,,
202648,2026,Group Stage,48,"May 5, 2026","Arun Jaitley Stadium, Delhi",DC,CSK,1,18.3,Tristan Stubbs,Jamie Overton,1,0,0,0,0,0,,,
202648,2026,Group Stage,48,"May 5, 2026","Arun Jaitley Stadium, Delhi",DC,CSK,1,18.4,Sameer Rizvi,Jamie Overton,1,0,0,0,0,0,,,
202648,2026,Group Stage,48,"May 5, 2026","Arun Jaitley Stadium, Delhi",DC,CSK,1,18.5,Tristan Stubbs,Jamie Overton,0,0,0,0,0,0,caught,Tristan Stubbs,Mukesh Choudhary
202648,2026,Group Stage,48,"May 5, 2026","Arun Jaitley Stadium, Delhi",DC,CSK,1,18.6,Ashutosh Sharma,Jamie Overton,1,0,0,0,0,0,,,
202648,2026,Group Stage,48,"May 5, 2026","Arun Jaitley Stadium, Delhi",DC,CSK,1,19.1,Ashutosh Sharma,Anshul Kamboj,6,0,0,0,0,0,,,
202648,2026,Group Stage,48,"May 5, 2026","Arun Jaitley Stadium, Delhi",DC,CSK,1,19.2,Ashutosh Sharma,Anshul Kamboj,1,0,0,0,0,0,,,
202648,2026,Group Stage,48,"May 5, 2026","Arun Jaitley Stadium, Delhi",DC,CSK,1,19.3,Sameer Rizvi,Anshul Kamboj,1,0,0,0,0,0,,,
202648,2026,Group Stage,48,"May 5, 2026","Arun Jaitley Stadium, Delhi",DC,CSK,1,19.4,Ashutosh Sharma,Anshul Kamboj,6,0,0,0,0,0,,,
202648,2026,Group Stage,48,"May 5, 2026","Arun Jaitley Stadium, Delhi",DC,CSK,1,19.5,Ashutosh Sharma,Anshul Kamboj,0,0,0,0,0,0,runout,Ashutosh Sharma,Ruturaj Gaikwad
202648,2026,Group Stage,48,"May 5, 2026","Arun Jaitley Stadium, Delhi",DC,CSK,1,19.6,Sameer Rizvi,Anshul Kamboj,6,0,0,0,0,0,,,
202653,2026,Group Stage,53,"May 10, 2026","MA Chidambaram Stadium, Chennai",LSG,CSK,1,0.1,Josh Inglis,Akeal Hosein,1,0,0,0,0,0,,,
202653,2026,Group Stage,53,"May 10, 2026","MA Chidambaram Stadium, Chennai",LSG,CSK,1,0.2,Mitchell Marsh,Akeal Hosein,0,0,0,0,0,0,,,
202653,2026,Group Stage,53,"May 10, 2026","MA Chidambaram Stadium, Chennai",LSG,CSK,1,0.3,Mitchell Marsh,Akeal Hosein,1,0,0,0,0,0,,,
202653,2026,Group Stage,53,"May 10, 2026","MA Chidambaram Stadium, Chennai",LSG,CSK,1,0.4,Josh Inglis,Akeal Hosein,6,0,0,0,0,0,,,
202653,2026,Group Stage,53,"May 10, 2026","MA Chidambaram Stadium, Chennai",LSG,CSK,1,0.5,Josh Inglis,Akeal Hosein,4,0,0,0,0,0,,,
202653,2026,Group Stage,53,"May 10, 2026","MA Chidambaram Stadium, Chennai",LSG,CSK,1,0.6,Josh Inglis,Akeal Hosein,4,0,0,0,0,0,,,
202653,2026,Group Stage,53,"May 10, 2026","MA Chidambaram Stadium, Chennai",LSG,CSK,1,1.1,Mitchell Marsh,Mukesh Choudhary,0,0,0,0,0,0,,,
202653,2026,Group Stage,53,"May 10, 2026","MA Chidambaram Stadium, Chennai",LSG,CSK,1,1.1,Mitchell Marsh,Mukesh Choudhary,0,1,1,0,0,0,,,
202653,2026,Group Stage,53,"May 10, 2026","MA Chidambaram Stadium, Chennai",LSG,CSK,1,1.2,Mitchell Marsh,Mukesh Choudhary,0,0,0,0,0,0,,,
202653,2026,Group Stage,53,"May 10, 2026","MA Chidambaram Stadium, Chennai",LSG,CSK,1,1.3,Mitchell Marsh,Mukesh Choudhary,0,0,0,0,0,0,,,
202653,2026,Group Stage,53,"May 10, 2026","MA Chidambaram Stadium, Chennai",LSG,CSK,1,1.4,Mitchell Marsh,Mukesh Choudhary,1,0,0,0,0,0,,,
202653,2026,Group Stage,53,"May 10, 2026","MA Chidambaram Stadium, Chennai",LSG,CSK,1,1.5,Josh Inglis,Mukesh Choudhary,6,0,0,0,0,0,,,
202653,2026,Group Stage,53,"May 10, 2026","MA Chidambaram Stadium, Chennai",LSG,CSK,1,1.6,Josh Inglis,Mukesh Choudhary,0,0,0,0,0,0,,,
202653,2026,Group Stage,53,"May 10, 2026","MA Chidambaram Stadium, Chennai",LSG,CSK,1,2.1,Mitchell Marsh,Anshul Kamboj,6,0,0,0,0,0,,,
202653,2026,Group Stage,53,"May 10, 2026","MA Chidambaram Stadium, Chennai",LSG,CSK,1,2.2,Mitchell Marsh,Anshul Kamboj,1,0,0,0,0,0,,,
202653,2026,Group Stage,53,"May 10, 2026","MA Chidambaram Stadium, Chennai",LSG,CSK,1,2.3,Josh Inglis,Anshul Kamboj,0,0,0,0,0,0,,,
202653,2026,Group Stage,53,"May 10, 2026","MA Chidambaram Stadium, Chennai",LSG,CSK,1,2.4,Josh Inglis,Anshul Kamboj,2,0,0,0,0,0,,,
202653,2026,Group Stage,53,"May 10, 2026","MA Chidambaram Stadium, Chennai",LSG,CSK,1,2.5,Josh Inglis,Anshul Kamboj,6,0,0,0,0,0,,,
202653,2026,Group Stage,53,"May 10, 2026","MA Chidambaram Stadium, Chennai",LSG,CSK,1,2.6,Josh Inglis,Anshul Kamboj,1,0,0,0,0,0,,,
202653,2026,Group Stage,53,"May 10, 2026","MA Chidambaram Stadium, Chennai",LSG,CSK,1,3.1,Josh Inglis,Mukesh Choudhary,4,0,0,0,0,0,,,
202653,2026,Group Stage,53,"May 10, 2026","MA Chidambaram Stadium, Chennai",LSG,CSK,1,3.2,Josh Inglis,Mukesh Choudhary,4,0,0,0,0,0,,,
202653,2026,Group Stage,53,"May 10, 2026","MA Chidambaram Stadium, Chennai",LSG,CSK,1,3.3,Josh Inglis,Mukesh Choudhary,0,0,0,0,0,0,,,
202653,2026,Group Stage,53,"May 10, 2026","MA Chidambaram Stadium, Chennai",LSG,CSK,1,3.4,Josh Inglis,Mukesh Choudhary,6,0,0,0,0,0,,,
202653,2026,Group Stage,53,"May 10, 2026","MA Chidambaram Stadium, Chennai",LSG,CSK,1,3.5,Josh Inglis,Mukesh Choudhary,0,0,0,0,0,0,,,
202653,2026,Group Stage,53,"May 10, 2026","MA Chidambaram Stadium, Chennai",LSG,CSK,1,3.6,Josh Inglis,Mukesh Choudhary,4,0,0,0,0,0,,,
202653,2026,Group Stage,53,"May 10, 2026","MA Chidambaram Stadium, Chennai",LSG,CSK,1,4.1,Mitchell Marsh,Akeal Hosein,1,0,0,0,0,0,,,
202653,2026,Group Stage,53,"May 10, 2026","MA Chidambaram Stadium, Chennai",LSG,CSK,1,4.2,Josh Inglis,Akeal Hosein,4,0,0,0,0,0,,,
202653,2026,Group Stage,53,"May 10, 2026","MA Chidambaram Stadium, Chennai",LSG,CSK,1,4.3,Josh Inglis,Akeal Hosein,4,0,0,0,0,0,,,
202653,2026,Group Stage,53,"May 10, 2026","MA Chidambaram Stadium, Chennai",LSG,CSK,1,4.4,Josh Inglis,Akeal Hosein,6,0,0,0,0,0,,,
202653,2026,Group Stage,53,"May 10, 2026","MA Chidambaram Stadium, Chennai",LSG,CSK,1,4.5,Josh Inglis,Akeal Hosein,4,0,0,0,0,0,,,
202653,2026,Group Stage,53,"May 10, 2026","MA Chidambaram Stadium, Chennai",LSG,CSK,1,4.6,Josh Inglis,Akeal Hosein,0,0,0,0,0,0,,,
202653,2026,Group Stage,53,"May 10, 2026","MA Chidambaram Stadium, Chennai",LSG,CSK,1,5.1,Mitchell Marsh,Anshul Kamboj,0,0,0,0,0,0,caught,Mitchell Marsh,Dewald Brevis
202653,2026,Group Stage,53,"May 10, 2026","MA Chidambaram Stadium, Chennai",LSG,CSK,1,5.2,Nicholas Pooran,Anshul Kamboj,1,0,0,0,0,0,,,
202653,2026,Group Stage,53,"May 10, 2026","MA Chidambaram Stadium, Chennai",LSG,CSK,1,5.3,Josh Inglis,Anshul Kamboj,0,0,0,0,0,0,,,
202653,2026,Group Stage,53,"May 10, 2026","MA Chidambaram Stadium, Chennai",LSG,CSK,1,5.4,Josh Inglis,Anshul Kamboj,0,1,0,0,0,1,,,
202653,2026,Group Stage,53,"May 10, 2026","MA Chidambaram Stadium, Chennai",LSG,CSK,1,5.4,Josh Inglis,Anshul Kamboj,6,0,0,0,0,0,,,
202653,2026,Group Stage,53,"May 10, 2026","MA Chidambaram Stadium, Chennai",LSG,CSK,1,5.5,Josh Inglis,Anshul Kamboj,0,1,1,0,0,0,,,
202653,2026,Group Stage,53,"May 10, 2026","MA Chidambaram Stadium, Chennai",LSG,CSK,1,5.5,Josh Inglis,Anshul Kamboj,1,0,0,0,0,0,,,
202653,2026,Group Stage,53,"May 10, 2026","MA Chidambaram Stadium, Chennai",LSG,CSK,1,5.6,Nicholas Pooran,Anshul Kamboj,0,0,0,0,0,0,,,
202653,2026,Group Stage,53,"May 10, 2026","MA Chidambaram Stadium, Chennai",LSG,CSK,1,6.1,Josh Inglis,Noor Ahmad,1,0,0,0,0,0,,,
202653,2026,Group Stage,53,"May 10, 2026","MA Chidambaram Stadium, Chennai",LSG,CSK,1,6.2,Nicholas Pooran,Noor Ahmad,0,0,0,0,0,0,caught,Nicholas Pooran,(sub)Sarfaraz Khan
202653,2026,Group Stage,53,"May 10, 2026","MA Chidambaram Stadium, Chennai",LSG,CSK,1,6.3,Rishabh Pant,Noor Ahmad,2,0,0,0,0,0,,,
202653,2026,Group Stage,53,"May 10, 2026","MA Chidambaram Stadium, Chennai",LSG,CSK,1,6.4,Rishabh Pant,Noor Ahmad,0,0,0,0,0,0,,,
202653,2026,Group Stage,53,"May 10, 2026","MA Chidambaram Stadium, Chennai",LSG,CSK,1,6.5,Rishabh Pant,Noor Ahmad,0,0,0,0,0,0,,,
202653,2026,Group Stage,53,"May 10, 2026","MA Chidambaram Stadium, Chennai",LSG,CSK,1,6.6,Rishabh Pant,Noor Ahmad,0,0,0,0,0,0,,,
202653,2026,Group Stage,53,"May 10, 2026","MA Chidambaram Stadium, Chennai",LSG,CSK,1,7.1,Josh Inglis,Jamie Overton,1,0,0,0,0,0,,,
202653,2026,Group Stage,53,"May 10, 2026","MA Chidambaram Stadium, Chennai",LSG,CSK,1,7.2,Rishabh Pant,Jamie Overton,1,0,0,0,0,0,,,
202653,2026,Group Stage,53,"May 10, 2026","MA Chidambaram Stadium, Chennai",LSG,CSK,1,7.3,Josh Inglis,Jamie Overton,1,0,0,0,0,0,,,
202653,2026,Group Stage,53,"May 10, 2026","MA Chidambaram Stadium, Chennai",LSG,CSK,1,7.4,Rishabh Pant,Jamie Overton,4,0,0,0,0,0,,,
202653,2026,Group Stage,53,"May 10, 2026","MA Chidambaram Stadium, Chennai",LSG,CSK,1,7.5,Rishabh Pant,Jamie Overton,0,0,0,0,0,0,,,
202653,2026,Group Stage,53,"May 10, 2026","MA Chidambaram Stadium, Chennai",LSG,CSK,1,7.6,Rishabh Pant,Jamie Overton,0,0,0,0,0,0,,,
202653,2026,Group Stage,53,"May 10, 2026","MA Chidambaram Stadium, Chennai",LSG,CSK,1,8.1,Josh Inglis,Noor Ahmad,4,0,0,0,0,0,,,
202653,2026,Group Stage,53,"May 10, 2026","MA Chidambaram Stadium, Chennai",LSG,CSK,1,8.2,Josh Inglis,Noor Ahmad,0,0,0,0,0,0,,,
202653,2026,Group Stage,53,"May 10, 2026","MA Chidambaram Stadium, Chennai",LSG,CSK,1,8.3,Josh Inglis,Noor Ahmad,0,0,0,0,0,0,,,
202653,2026,Group Stage,53,"May 10, 2026","MA Chidambaram Stadium, Chennai",LSG,CSK,1,8.4,Josh Inglis,Noor Ahmad,1,0,0,0,0,0,,,
202653,2026,Group Stage,53,"May 10, 2026","MA Chidambaram Stadium, Chennai",LSG,CSK,1,8.5,Rishabh Pant,Noor Ahmad,2,0,0,0,0,0,,,
202653,2026,Group Stage,53,"May 10, 2026","MA Chidambaram Stadium, Chennai",LSG,CSK,1,8.6,Rishabh Pant,Noor Ahmad,4,0,0,0,0,0,,,
202653,2026,Group Stage,53,"May 10, 2026","MA Chidambaram Stadium, Chennai",LSG,CSK,1,9.1,Josh Inglis,Jamie Overton,0,0,0,0,0,0,caught,Josh Inglis,Sanju Samson
202653,2026,Group Stage,53,"May 10, 2026","MA Chidambaram Stadium, Chennai",LSG,CSK,1,9.2,Aiden Markram,Jamie Overton,1,0,0,0,0,0,,,
202653,2026,Group Stage,53,"May 10, 2026","MA Chidambaram Stadium, Chennai",LSG,CSK,1,9.3,Rishabh Pant,Jamie Overton,2,0,0,0,0,0,,,
202653,2026,Group Stage,53,"May 10, 2026","MA Chidambaram Stadium, Chennai",LSG,CSK,1,9.4,Rishabh Pant,Jamie Overton,0,0,0,0,0,0,bowled,Rishabh Pant,
202653,2026,Group Stage,53,"May 10, 2026","MA Chidambaram Stadium, Chennai",LSG,CSK,1,9.5,Akshat Raghuwanshi,Jamie Overton,0,1,1,0,0,0,,,
202653,2026,Group Stage,53,"May 10, 2026","MA Chidambaram Stadium, Chennai",LSG,CSK,1,9.5,Akshat Raghuwanshi,Jamie Overton,1,0,0,0,0,0,,,
202653,2026,Group Stage,53,"May 10, 2026","MA Chidambaram Stadium, Chennai",LSG,CSK,1,9.6,Aiden Markram,Jamie Overton,0,0,0,0,0,0,,,
202653,2026,Group Stage,53,"May 10, 2026","MA Chidambaram Stadium, Chennai",LSG,CSK,1,10.1,Akshat Raghuwanshi,Akeal Hosein,1,0,0,0,0,0,,,
202653,2026,Group Stage,53,"May 10, 2026","MA Chidambaram Stadium, Chennai",LSG,CSK,1,10.2,Aiden Markram,Akeal Hosein,1,0,0,0,0,0,,,
202653,2026,Group Stage,53,"May 10, 2026","MA Chidambaram Stadium, Chennai",LSG,CSK,1,10.3,Akshat Raghuwanshi,Akeal Hosein,2,0,0,0,0,0,,,
202653,2026,Group Stage,53,"May 10, 2026","MA Chidambaram Stadium, Chennai",LSG,CSK,1,10.4,Akshat Raghuwanshi,Akeal Hosein,1,0,0,0,0,0,,,
202653,2026,Group Stage,53,"May 10, 2026","MA Chidambaram Stadium, Chennai",LSG,CSK,1,10.5,Aiden Markram,Akeal Hosein,1,0,0,0,0,0,,,
202653,2026,Group Stage,53,"May 10, 2026","MA Chidambaram Stadium, Chennai",LSG,CSK,1,10.6,Akshat Raghuwanshi,Akeal Hosein,0,0,0,0,0,0,,,
202653,2026,Group Stage,53,"May 10, 2026","MA Chidambaram Stadium, Chennai",LSG,CSK,1,11.1,Aiden Markram,Noor Ahmad,1,0,0,0,0,0,,,
202653,2026,Group Stage,53,"May 10, 2026","MA Chidambaram Stadium, Chennai",LSG,CSK,1,11.2,Akshat Raghuwanshi,Noor Ahmad,1,0,0,0,0,0,,,
202653,2026,Group Stage,53,"May 10, 2026","MA Chidambaram Stadium, Chennai",LSG,CSK,1,11.3,Aiden Markram,Noor Ahmad,1,0,0,0,0,0,,,
202653,2026,Group Stage,53,"May 10, 2026","MA Chidambaram Stadium, Chennai",LSG,CSK,1,11.4,Akshat Raghuwanshi,Noor Ahmad,0,1,0,1,0,0,,,
202653,2026,Group Stage,53,"May 10, 2026","MA Chidambaram Stadium, Chennai",LSG,CSK,1,11.5,Aiden Markram,Noor Ahmad,1,0,0,0,0,0,,,
202653,2026,Group Stage,53,"May 10, 2026","MA Chidambaram Stadium, Chennai",LSG,CSK,1,11.6,Akshat Raghuwanshi,Noor Ahmad,1,0,0,0,0,0,,,
202653,2026,Group Stage,53,"May 10, 2026","MA Chidambaram Stadium, Chennai",LSG,CSK,1,12.1,Akshat Raghuwanshi,Akeal Hosein,1,0,0,0,0,0,runout,Aiden Markram,Dewald Brevis
202653,2026,Group Stage,53,"May 10, 2026","MA Chidambaram Stadium, Chennai",LSG,CSK,1,12.2,Akshat Raghuwanshi,Akeal Hosein,0,0,0,0,0,0,,,
202653,2026,Group Stage,53,"May 10, 2026","MA Chidambaram Stadium, Chennai",LSG,CSK,1,12.3,Akshat Raghuwanshi,Akeal Hosein,1,0,0,0,0,0,,,
202653,2026,Group Stage,53,"May 10, 2026","MA Chidambaram Stadium, Chennai",LSG,CSK,1,12.4,Shahbaz Ahmed,Akeal Hosein,1,0,0,0,0,0,,,
202653,2026,Group Stage,53,"May 10, 2026","MA Chidambaram Stadium, Chennai",LSG,CSK,1,12.5,Akshat Raghuwanshi,Akeal Hosein,1,0,0,0,0,0,,,
202653,2026,Group Stage,53,"May 10, 2026","MA Chidambaram Stadium, Chennai",LSG,CSK,1,12.6,Shahbaz Ahmed,Akeal Hosein,4,0,0,0,0,0,,,
202653,2026,Group Stage,53,"May 10, 2026","MA Chidambaram Stadium, Chennai",LSG,CSK,1,13.1,Akshat Raghuwanshi,Mukesh Choudhary,1,0,0,0,0,0,,,
202653,2026,Group Stage,53,"May 10, 2026","MA Chidambaram Stadium, Chennai",LSG,CSK,1,13.2,Shahbaz Ahmed,Mukesh Choudhary,1,0,0,0,0,0,,,
202653,2026,Group Stage,53,"May 10, 2026","MA Chidambaram Stadium, Chennai",LSG,CSK,1,13.3,Akshat Raghuwanshi,Mukesh Choudhary,2,0,0,0,0,0,,,
202653,2026,Group Stage,53,"May 10, 2026","MA Chidambaram Stadium, Chennai",LSG,CSK,1,13.4,Akshat Raghuwanshi,Mukesh Choudhary,4,0,0,0,0,0,,,
202653,2026,Group Stage,53,"May 10, 2026","MA Chidambaram Stadium, Chennai",LSG,CSK,1,13.5,Akshat Raghuwanshi,Mukesh Choudhary,1,0,0,0,0,0,,,
202653,2026,Group Stage,53,"May 10, 2026","MA Chidambaram Stadium, Chennai",LSG,CSK,1,13.6,Shahbaz Ahmed,Mukesh Choudhary,0,0,0,0,0,0,,,
202653,2026,Group Stage,53,"May 10, 2026","MA Chidambaram Stadium, Chennai",LSG,CSK,1,14.1,Akshat Raghuwanshi,Jamie Overton,0,0,0,0,0,0,,,
202653,2026,Group Stage,53,"May 10, 2026","MA Chidambaram Stadium, Chennai",LSG,CSK,1,14.2,Akshat Raghuwanshi,Jamie Overton,0,0,0,0,0,0,bowled,Akshat Raghuwanshi,
202653,2026,Group Stage,53,"May 10, 2026","MA Chidambaram Stadium, Chennai",LSG,CSK,1,14.2,Akshat Raghuwanshi,Jamie Overton,0,1,1,0,0,0,,,
202653,2026,Group Stage,53,"May 10, 2026","MA Chidambaram Stadium, Chennai",LSG,CSK,1,14.3,Himmat Singh,Jamie Overton,0,0,0,0,0,0,,,
202653,2026,Group Stage,53,"May 10, 2026","MA Chidambaram Stadium, Chennai",LSG,CSK,1,14.4,Himmat Singh,Jamie Overton,6,0,0,0,0,0,,,
202653,2026,Group Stage,53,"May 10, 2026","MA Chidambaram Stadium, Chennai",LSG,CSK,1,14.5,Himmat Singh,Jamie Overton,0,1,0,1,0,0,,,
202653,2026,Group Stage,53,"May 10, 2026","MA Chidambaram Stadium, Chennai",LSG,CSK,1,14.6,Shahbaz Ahmed,Jamie Overton,0,0,0,0,0,0,,,
202653,2026,Group Stage,53,"May 10, 2026","MA Chidambaram Stadium, Chennai",LSG,CSK,1,15.1,Himmat Singh,Noor Ahmad,0,0,0,0,0,0,,,
202653,2026,Group Stage,53,"May 10, 2026","MA Chidambaram Stadium, Chennai",LSG,CSK,1,15.2,Himmat Singh,Noor Ahmad,3,0,0,0,0,0,,,
202653,2026,Group Stage,53,"May 10, 2026","MA Chidambaram Stadium, Chennai",LSG,CSK,1,15.3,Shahbaz Ahmed,Noor Ahmad,1,0,0,0,0,0,,,
202653,2026,Group Stage,53,"May 10, 2026","MA Chidambaram Stadium, Chennai",LSG,CSK,1,15.4,Himmat Singh,Noor Ahmad,0,0,0,0,0,0,,,
202653,2026,Group Stage,53,"May 10, 2026","MA Chidambaram Stadium, Chennai",LSG,CSK,1,15.5,Himmat Singh,Noor Ahmad,1,0,0,0,0,0,,,
202653,2026,Group Stage,53,"May 10, 2026","MA Chidambaram Stadium, Chennai",LSG,CSK,1,15.6,Shahbaz Ahmed,Noor Ahmad,0,0,0,0,0,0,,,
202653,2026,Group Stage,53,"May 10, 2026","MA Chidambaram Stadium, Chennai",LSG,CSK,1,16.1,Himmat Singh,Anshul Kamboj,1,0,0,0,0,0,,,
202653,2026,Group Stage,53,"May 10, 2026","MA Chidambaram Stadium, Chennai",LSG,CSK,1,16.2,Shahbaz Ahmed,Anshul Kamboj,0,0,0,0,0,0,,,
202653,2026,Group Stage,53,"May 10, 2026","MA Chidambaram Stadium, Chennai",LSG,CSK,1,16.3,Shahbaz Ahmed,Anshul Kamboj,1,0,0,0,0,0,,,
202653,2026,Group Stage,53,"May 10, 2026","MA Chidambaram Stadium, Chennai",LSG,CSK,1,16.4,Himmat Singh,Anshul Kamboj,1,0,0,0,0,0,,,
202653,2026,Group Stage,53,"May 10, 2026","MA Chidambaram Stadium, Chennai",LSG,CSK,1,16.5,Shahbaz Ahmed,Anshul Kamboj,1,0,0,0,0,0,,,
202653,2026,Group Stage,53,"May 10, 2026","MA Chidambaram Stadium, Chennai",LSG,CSK,1,16.6,Himmat Singh,Anshul Kamboj,4,0,0,0,0,0,,,
202653,2026,Group Stage,53,"May 10, 2026","MA Chidambaram Stadium, Chennai",LSG,CSK,1,17.1,Shahbaz Ahmed,Mukesh Choudhary,0,0,0,0,0,0,,,
202653,2026,Group Stage,53,"May 10, 2026","MA Chidambaram Stadium, Chennai",LSG,CSK,1,17.2,Shahbaz Ahmed,Mukesh Choudhary,6,0,0,0,0,0,,,
202653,2026,Group Stage,53,"May 10, 2026","MA Chidambaram Stadium, Chennai",LSG,CSK,1,17.3,Shahbaz Ahmed,Mukesh Choudhary,1,0,0,0,0,0,,,
202653,2026,Group Stage,53,"May 10, 2026","MA Chidambaram Stadium, Chennai",LSG,CSK,1,17.4,Himmat Singh,Mukesh Choudhary,0,1,1,0,0,0,,,
202653,2026,Group Stage,53,"May 10, 2026","MA Chidambaram Stadium, Chennai",LSG,CSK,1,17.4,Himmat Singh,Mukesh Choudhary,1,0,0,0,0,0,,,
202653,2026,Group Stage,53,"May 10, 2026","MA Chidambaram Stadium, Chennai",LSG,CSK,1,17.5,Shahbaz Ahmed,Mukesh Choudhary,0,0,0,0,0,0,,,
202653,2026,Group Stage,53,"May 10, 2026","MA Chidambaram Stadium, Chennai",LSG,CSK,1,17.6,Shahbaz Ahmed,Mukesh Choudhary,1,0,0,0,0,0,,,
202653,2026,Group Stage,53,"May 10, 2026","MA Chidambaram Stadium, Chennai",LSG,CSK,1,18.1,Shahbaz Ahmed,Jamie Overton,4,0,0,0,0,0,,,
202653,2026,Group Stage,53,"May 10, 2026","MA Chidambaram Stadium, Chennai",LSG,CSK,1,18.2,Shahbaz Ahmed,Jamie Overton,6,0,0,0,0,0,,,
202653,2026,Group Stage,53,"May 10, 2026","MA Chidambaram Stadium, Chennai",LSG,CSK,1,18.3,Shahbaz Ahmed,Jamie Overton,2,0,0,0,0,0,,,
202653,2026,Group Stage,53,"May 10, 2026","MA Chidambaram Stadium, Chennai",LSG,CSK,1,18.4,Shahbaz Ahmed,Jamie Overton,4,0,0,0,0,0,,,
202653,2026,Group Stage,53,"May 10, 2026","MA Chidambaram Stadium, Chennai",LSG,CSK,1,18.5,Shahbaz Ahmed,Jamie Overton,0,0,0,0,0,0,,,
202653,2026,Group Stage,53,"May 10, 2026","MA Chidambaram Stadium, Chennai",LSG,CSK,1,18.6,Shahbaz Ahmed,Jamie Overton,1,0,0,0,0,0,,,
202653,2026,Group Stage,53,"May 10, 2026","MA Chidambaram Stadium, Chennai",LSG,CSK,1,19.1,Shahbaz Ahmed,Anshul Kamboj,2,0,0,0,0,0,,,
202653,2026,Group Stage,53,"May 10, 2026","MA Chidambaram Stadium, Chennai",LSG,CSK,1,19.2,Shahbaz Ahmed,Anshul Kamboj,0,0,0,0,0,0,,,
202653,2026,Group Stage,53,"May 10, 2026","MA Chidambaram Stadium, Chennai",LSG,CSK,1,19.3,Shahbaz Ahmed,Anshul Kamboj,1,0,0,0,0,0,,,
202653,2026,Group Stage,53,"May 10, 2026","MA Chidambaram Stadium, Chennai",LSG,CSK,1,19.4,Himmat Singh,Anshul Kamboj,0,0,0,0,0,0,bowled,Himmat Singh,
202653,2026,Group Stage,53,"May 10, 2026","MA Chidambaram Stadium, Chennai",LSG,CSK,1,19.5,Mohammed Shami,Anshul Kamboj,0,0,0,0,0,0,runout,Mohammed Shami,Sanju Samson/Anshul Kamboj
202653,2026,Group Stage,53,"May 10, 2026","MA Chidambaram Stadium, Chennai",LSG,CSK,1,19.6,Shahbaz Ahmed,Anshul Kamboj,6,0,0,0,0,0,,,
202659,2026,Group Stage,59,"May 15, 2026","Bharat Ratna Shri Atal Bihari Vajpayee Ekana Cricket Stadium, Lucknow",LSG,CSK,2,0.1,Mitchell Marsh,Mukesh Choudhary,0,0,0,0,0,0,,,
202659,2026,Group Stage,59,"May 15, 2026","Bharat Ratna Shri Atal Bihari Vajpayee Ekana Cricket Stadium, Lucknow",LSG,CSK,2,0.1,Mitchell Marsh,Mukesh Choudhary,0,1,1,0,0,0,,,
202659,2026,Group Stage,59,"May 15, 2026","Bharat Ratna Shri Atal Bihari Vajpayee Ekana Cricket Stadium, Lucknow",LSG,CSK,2,0.2,Mitchell Marsh,Mukesh Choudhary,4,0,0,0,0,0,,,
202659,2026,Group Stage,59,"May 15, 2026","Bharat Ratna Shri Atal Bihari Vajpayee Ekana Cricket Stadium, Lucknow",LSG,CSK,2,0.3,Mitchell Marsh,Mukesh Choudhary,4,0,0,0,0,0,,,
202659,2026,Group Stage,59,"May 15, 2026","Bharat Ratna Shri Atal Bihari Vajpayee Ekana Cricket Stadium, Lucknow",LSG,CSK,2,0.4,Mitchell Marsh,Mukesh Choudhary,1,0,0,0,0,0,,,
202659,2026,Group Stage,59,"May 15, 2026","Bharat Ratna Shri Atal Bihari Vajpayee Ekana Cricket Stadium, Lucknow",LSG,CSK,2,0.5,Josh Inglis,Mukesh Choudhary,0,4,0,1,0,0,,,
202659,2026,Group Stage,59,"May 15, 2026","Bharat Ratna Shri Atal Bihari Vajpayee Ekana Cricket Stadium, Lucknow",LSG,CSK,2,0.6,Josh Inglis,Mukesh Choudhary,0,1,0,1,0,0,,,
202659,2026,Group Stage,59,"May 15, 2026","Bharat Ratna Shri Atal Bihari Vajpayee Ekana Cricket Stadium, Lucknow",LSG,CSK,2,1.1,Josh Inglis,Spencer Johnson,0,0,0,0,0,0,,,
202659,2026,Group Stage,59,"May 15, 2026","Bharat Ratna Shri Atal Bihari Vajpayee Ekana Cricket Stadium, Lucknow",LSG,CSK,2,1.1,Josh Inglis,Spencer Johnson,0,1,1,0,0,0,,,
202659,2026,Group Stage,59,"May 15, 2026","Bharat Ratna Shri Atal Bihari Vajpayee Ekana Cricket Stadium, Lucknow",LSG,CSK,2,1.2,Josh Inglis,Spencer Johnson,2,0,0,0,0,0,,,
202659,2026,Group Stage,59,"May 15, 2026","Bharat Ratna Shri Atal Bihari Vajpayee Ekana Cricket Stadium, Lucknow",LSG,CSK,2,1.3,Josh Inglis,Spencer Johnson,0,1,0,0,1,0,,,
202659,2026,Group Stage,59,"May 15, 2026","Bharat Ratna Shri Atal Bihari Vajpayee Ekana Cricket Stadium, Lucknow",LSG,CSK,2,1.4,Mitchell Marsh,Spencer Johnson,0,0,0,0,0,0,,,
202659,2026,Group Stage,59,"May 15, 2026","Bharat Ratna Shri Atal Bihari Vajpayee Ekana Cricket Stadium, Lucknow",LSG,CSK,2,1.4,Mitchell Marsh,Spencer Johnson,0,1,1,0,0,0,,,
202659,2026,Group Stage,59,"May 15, 2026","Bharat Ratna Shri Atal Bihari Vajpayee Ekana Cricket Stadium, Lucknow",LSG,CSK,2,1.5,Mitchell Marsh,Spencer Johnson,0,0,0,0,0,0,,,
202659,2026,Group Stage,59,"May 15, 2026","Bharat Ratna Shri Atal Bihari Vajpayee Ekana Cricket Stadium, Lucknow",LSG,CSK,2,1.6,Mitchell Marsh,Spencer Johnson,0,0,0,0,0,0,,,
202659,2026,Group Stage,59,"May 15, 2026","Bharat Ratna Shri Atal Bihari Vajpayee Ekana Cricket Stadium, Lucknow",LSG,CSK,2,2.1,Josh Inglis,Anshul Kamboj,4,0,0,0,0,0,,,
202659,2026,Group Stage,59,"May 15, 2026","Bharat Ratna Shri Atal Bihari Vajpayee Ekana Cricket Stadium, Lucknow",LSG,CSK,2,2.2,Josh Inglis,Anshul Kamboj,3,0,0,0,0,0,,,
202659,2026,Group Stage,59,"May 15, 2026","Bharat Ratna Shri Atal Bihari Vajpayee Ekana Cricket Stadium, Lucknow",LSG,CSK,2,2.3,Mitchell Marsh,Anshul Kamboj,4,0,0,0,0,0,,,
202659,2026,Group Stage,59,"May 15, 2026","Bharat Ratna Shri Atal Bihari Vajpayee Ekana Cricket Stadium, Lucknow",LSG,CSK,2,2.4,Mitchell Marsh,Anshul Kamboj,0,0,0,0,0,0,,,
202659,2026,Group Stage,59,"May 15, 2026","Bharat Ratna Shri Atal Bihari Vajpayee Ekana Cricket Stadium, Lucknow",LSG,CSK,2,2.5,Mitchell Marsh,Anshul Kamboj,0,0,0,0,0,0,,,
202659,2026,Group Stage,59,"May 15, 2026","Bharat Ratna Shri Atal Bihari Vajpayee Ekana Cricket Stadium, Lucknow",LSG,CSK,2,2.6,Mitchell Marsh,Anshul Kamboj,0,0,0,0,0,0,,,
202659,2026,Group Stage,59,"May 15, 2026","Bharat Ratna Shri Atal Bihari Vajpayee Ekana Cricket Stadium, Lucknow",LSG,CSK,2,3.1,Josh Inglis,Spencer Johnson,6,0,0,0,0,0,,,
202659,2026,Group Stage,59,"May 15, 2026","Bharat Ratna Shri Atal Bihari Vajpayee Ekana Cricket Stadium, Lucknow",LSG,CSK,2,3.2,Josh Inglis,Spencer Johnson,0,0,0,0,0,0,,,
202659,2026,Group Stage,59,"May 15, 2026","Bharat Ratna Shri Atal Bihari Vajpayee Ekana Cricket Stadium, Lucknow",LSG,CSK,2,3.3,Josh Inglis,Spencer Johnson,0,0,0,0,0,0,,,
202659,2026,Group Stage,59,"May 15, 2026","Bharat Ratna Shri Atal Bihari Vajpayee Ekana Cricket Stadium, Lucknow",LSG,CSK,2,3.4,Josh Inglis,Spencer Johnson,1,0,0,0,0,0,,,
202659,2026,Group Stage,59,"May 15, 2026","Bharat Ratna Shri Atal Bihari Vajpayee Ekana Cricket Stadium, Lucknow",LSG,CSK,2,3.5,Mitchell Marsh,Spencer Johnson,0,0,0,0,0,0,,,
202659,2026,Group Stage,59,"May 15, 2026","Bharat Ratna Shri Atal Bihari Vajpayee Ekana Cricket Stadium, Lucknow",LSG,CSK,2,3.6,Mitchell Marsh,Spencer Johnson,1,0,0,0,0,0,,,
202659,2026,Group Stage,59,"May 15, 2026","Bharat Ratna Shri Atal Bihari Vajpayee Ekana Cricket Stadium, Lucknow",LSG,CSK,2,4.1,Mitchell Marsh,Anshul Kamboj,6,0,0,0,0,0,,,
202659,2026,Group Stage,59,"May 15, 2026","Bharat Ratna Shri Atal Bihari Vajpayee Ekana Cricket Stadium, Lucknow",LSG,CSK,2,4.2,Mitchell Marsh,Anshul Kamboj,6,0,0,0,0,0,,,
202659,2026,Group Stage,59,"May 15, 2026","Bharat Ratna Shri Atal Bihari Vajpayee Ekana Cricket Stadium, Lucknow",LSG,CSK,2,4.3,Mitchell Marsh,Anshul Kamboj,6,0,0,0,0,0,,,
202659,2026,Group Stage,59,"May 15, 2026","Bharat Ratna Shri Atal Bihari Vajpayee Ekana Cricket Stadium, Lucknow",LSG,CSK,2,4.4,Mitchell Marsh,Anshul Kamboj,6,0,0,0,0,0,,,
202659,2026,Group Stage,59,"May 15, 2026","Bharat Ratna Shri Atal Bihari Vajpayee Ekana Cricket Stadium, Lucknow",LSG,CSK,2,4.5,Mitchell Marsh,Anshul Kamboj,0,0,0,0,0,0,,,
202659,2026,Group Stage,59,"May 15, 2026","Bharat Ratna Shri Atal Bihari Vajpayee Ekana Cricket Stadium, Lucknow",LSG,CSK,2,4.6,Mitchell Marsh,Anshul Kamboj,4,0,0,0,0,0,,,
202659,2026,Group Stage,59,"May 15, 2026","Bharat Ratna Shri Atal Bihari Vajpayee Ekana Cricket Stadium, Lucknow",LSG,CSK,2,5.1,Josh Inglis,Spencer Johnson,4,0,0,0,0,0,,,
202659,2026,Group Stage,59,"May 15, 2026","Bharat Ratna Shri Atal Bihari Vajpayee Ekana Cricket Stadium, Lucknow",LSG,CSK,2,5.2,Josh Inglis,Spencer Johnson,0,0,0,0,0,0,,,
202659,2026,Group Stage,59,"May 15, 2026","Bharat Ratna Shri Atal Bihari Vajpayee Ekana Cricket Stadium, Lucknow",LSG,CSK,2,5.3,Josh Inglis,Spencer Johnson,1,0,0,0,0,0,,,
202659,2026,Group Stage,59,"May 15, 2026","Bharat Ratna Shri Atal Bihari Vajpayee Ekana Cricket Stadium, Lucknow",LSG,CSK,2,5.4,Mitchell Marsh,Spencer Johnson,4,0,0,0,0,0,,,
202659,2026,Group Stage,59,"May 15, 2026","Bharat Ratna Shri Atal Bihari Vajpayee Ekana Cricket Stadium, Lucknow",LSG,CSK,2,5.5,Mitchell Marsh,Spencer Johnson,4,0,0,0,0,0,,,
202659,2026,Group Stage,59,"May 15, 2026","Bharat Ratna Shri Atal Bihari Vajpayee Ekana Cricket Stadium, Lucknow",LSG,CSK,2,5.6,Mitchell Marsh,Spencer Johnson,6,0,0,0,0,0,,,
202659,2026,Group Stage,59,"May 15, 2026","Bharat Ratna Shri Atal Bihari Vajpayee Ekana Cricket Stadium, Lucknow",LSG,CSK,2,6.1,Josh Inglis,Noor Ahmad,0,0,0,0,0,0,,,
202659,2026,Group Stage,59,"May 15, 2026","Bharat Ratna Shri Atal Bihari Vajpayee Ekana Cricket Stadium, Lucknow",LSG,CSK,2,6.2,Josh Inglis,Noor Ahmad,1,0,0,0,0,0,,,
202659,2026,Group Stage,59,"May 15, 2026","Bharat Ratna Shri Atal Bihari Vajpayee Ekana Cricket Stadium, Lucknow",LSG,CSK,2,6.3,Mitchell Marsh,Noor Ahmad,0,0,0,0,0,0,,,
202659,2026,Group Stage,59,"May 15, 2026","Bharat Ratna Shri Atal Bihari Vajpayee Ekana Cricket Stadium, Lucknow",LSG,CSK,2,6.4,Mitchell Marsh,Noor Ahmad,6,0,0,0,0,0,,,
202659,2026,Group Stage,59,"May 15, 2026","Bharat Ratna Shri Atal Bihari Vajpayee Ekana Cricket Stadium, Lucknow",LSG,CSK,2,6.5,Mitchell Marsh,Noor Ahmad,1,0,0,0,0,0,,,
202659,2026,Group Stage,59,"May 15, 2026","Bharat Ratna Shri Atal Bihari Vajpayee Ekana Cricket Stadium, Lucknow",LSG,CSK,2,6.6,Josh Inglis,Noor Ahmad,1,0,0,0,0,0,,,
202659,2026,Group Stage,59,"May 15, 2026","Bharat Ratna Shri Atal Bihari Vajpayee Ekana Cricket Stadium, Lucknow",LSG,CSK,2,7.1,Josh Inglis,Gurjapneet Singh,1,0,0,0,0,0,,,
202659,2026,Group Stage,59,"May 15, 2026","Bharat Ratna Shri Atal Bihari Vajpayee Ekana Cricket Stadium, Lucknow",LSG,CSK,2,7.2,Mitchell Marsh,Gurjapneet Singh,4,0,0,0,0,0,,,
202659,2026,Group Stage,59,"May 15, 2026","Bharat Ratna Shri Atal Bihari Vajpayee Ekana Cricket Stadium, Lucknow",LSG,CSK,2,7.3,Mitchell Marsh,Gurjapneet Singh,1,0,0,0,0,0,,,
202659,2026,Group Stage,59,"May 15, 2026","Bharat Ratna Shri Atal Bihari Vajpayee Ekana Cricket Stadium, Lucknow",LSG,CSK,2,7.4,Josh Inglis,Gurjapneet Singh,1,0,0,0,0,0,,,
202659,2026,Group Stage,59,"May 15, 2026","Bharat Ratna Shri Atal Bihari Vajpayee Ekana Cricket Stadium, Lucknow",LSG,CSK,2,7.5,Mitchell Marsh,Gurjapneet Singh,6,0,0,0,0,0,,,
202659,2026,Group Stage,59,"May 15, 2026","Bharat Ratna Shri Atal Bihari Vajpayee Ekana Cricket Stadium, Lucknow",LSG,CSK,2,7.6,Mitchell Marsh,Gurjapneet Singh,1,0,0,0,0,0,,,
202659,2026,Group Stage,59,"May 15, 2026","Bharat Ratna Shri Atal Bihari Vajpayee Ekana Cricket Stadium, Lucknow",LSG,CSK,2,8.1,Mitchell Marsh,Noor Ahmad,1,0,0,0,0,0,,,
202659,2026,Group Stage,59,"May 15, 2026","Bharat Ratna Shri Atal Bihari Vajpayee Ekana Cricket Stadium, Lucknow",LSG,CSK,2,8.2,Josh Inglis,Noor Ahmad,0,0,0,0,0,0,,,
202659,2026,Group Stage,59,"May 15, 2026","Bharat Ratna Shri Atal Bihari Vajpayee Ekana Cricket Stadium, Lucknow",LSG,CSK,2,8.3,Josh Inglis,Noor Ahmad,1,0,0,0,0,0,,,
202659,2026,Group Stage,59,"May 15, 2026","Bharat Ratna Shri Atal Bihari Vajpayee Ekana Cricket Stadium, Lucknow",LSG,CSK,2,8.4,Mitchell Marsh,Noor Ahmad,1,0,0,0,0,0,,,
202659,2026,Group Stage,59,"May 15, 2026","Bharat Ratna Shri Atal Bihari Vajpayee Ekana Cricket Stadium, Lucknow",LSG,CSK,2,8.5,Josh Inglis,Noor Ahmad,1,0,0,0,0,0,,,
202659,2026,Group Stage,59,"May 15, 2026","Bharat Ratna Shri Atal Bihari Vajpayee Ekana Cricket Stadium, Lucknow",LSG,CSK,2,8.6,Mitchell Marsh,Noor Ahmad,1,0,0,0,0,0,,,
202659,2026,Group Stage,59,"May 15, 2026","Bharat Ratna Shri Atal Bihari Vajpayee Ekana Cricket Stadium, Lucknow",LSG,CSK,2,9.1,Mitchell Marsh,Gurjapneet Singh,1,0,0,0,0,0,,,
202659,2026,Group Stage,59,"May 15, 2026","Bharat Ratna Shri Atal Bihari Vajpayee Ekana Cricket Stadium, Lucknow",LSG,CSK,2,9.2,Josh Inglis,Gurjapneet Singh,0,0,0,0,0,0,,,
202659,2026,Group Stage,59,"May 15, 2026","Bharat Ratna Shri Atal Bihari Vajpayee Ekana Cricket Stadium, Lucknow",LSG,CSK,2,9.3,Josh Inglis,Gurjapneet Singh,4,0,0,0,0,0,,,
202659,2026,Group Stage,59,"May 15, 2026","Bharat Ratna Shri Atal Bihari Vajpayee Ekana Cricket Stadium, Lucknow",LSG,CSK,2,9.4,Josh Inglis,Gurjapneet Singh,0,0,0,0,0,0,,,
202659,2026,Group Stage,59,"May 15, 2026","Bharat Ratna Shri Atal Bihari Vajpayee Ekana Cricket Stadium, Lucknow",LSG,CSK,2,9.5,Josh Inglis,Gurjapneet Singh,1,0,0,0,0,0,,,
202659,2026,Group Stage,59,"May 15, 2026","Bharat Ratna Shri Atal Bihari Vajpayee Ekana Cricket Stadium, Lucknow",LSG,CSK,2,9.6,Mitchell Marsh,Gurjapneet Singh,4,0,0,0,0,0,,,
202659,2026,Group Stage,59,"May 15, 2026","Bharat Ratna Shri Atal Bihari Vajpayee Ekana Cricket Stadium, Lucknow",LSG,CSK,2,10.1,Josh Inglis,Noor Ahmad,1,0,0,0,0,0,,,
202659,2026,Group Stage,59,"May 15, 2026","Bharat Ratna Shri Atal Bihari Vajpayee Ekana Cricket Stadium, Lucknow",LSG,CSK,2,10.2,Mitchell Marsh,Noor Ahmad,1,0,0,0,0,0,,,
202659,2026,Group Stage,59,"May 15, 2026","Bharat Ratna Shri Atal Bihari Vajpayee Ekana Cricket Stadium, Lucknow",LSG,CSK,2,10.3,Josh Inglis,Noor Ahmad,0,0,0,0,0,0,,,
202659,2026,Group Stage,59,"May 15, 2026","Bharat Ratna Shri Atal Bihari Vajpayee Ekana Cricket Stadium, Lucknow",LSG,CSK,2,10.4,Josh Inglis,Noor Ahmad,1,0,0,0,0,0,,,
202659,2026,Group Stage,59,"May 15, 2026","Bharat Ratna Shri Atal Bihari Vajpayee Ekana Cricket Stadium, Lucknow",LSG,CSK,2,10.5,Mitchell Marsh,Noor Ahmad,1,0,0,0,0,0,,,
202659,2026,Group Stage,59,"May 15, 2026","Bharat Ratna Shri Atal Bihari Vajpayee Ekana Cricket Stadium, Lucknow",LSG,CSK,2,10.6,Josh Inglis,Noor Ahmad,1,0,0,0,0,0,,,
202659,2026,Group Stage,59,"May 15, 2026","Bharat Ratna Shri Atal Bihari Vajpayee Ekana Cricket Stadium, Lucknow",LSG,CSK,2,11.1,Josh Inglis,Mukesh Choudhary,1,0,0,0,0,0,,,
202659,2026,Group Stage,59,"May 15, 2026","Bharat Ratna Shri Atal Bihari Vajpayee Ekana Cricket Stadium, Lucknow",LSG,CSK,2,11.2,Mitchell Marsh,Mukesh Choudhary,4,0,0,0,0,0,,,
202659,2026,Group Stage,59,"May 15, 2026","Bharat Ratna Shri Atal Bihari Vajpayee Ekana Cricket Stadium, Lucknow",LSG,CSK,2,11.3,Mitchell Marsh,Mukesh Choudhary,1,0,0,0,0,0,,,
202659,2026,Group Stage,59,"May 15, 2026","Bharat Ratna Shri Atal Bihari Vajpayee Ekana Cricket Stadium, Lucknow",LSG,CSK,2,11.4,Josh Inglis,Mukesh Choudhary,0,0,0,0,0,0,caught,Josh Inglis,Urvil Patel
202659,2026,Group Stage,59,"May 15, 2026","Bharat Ratna Shri Atal Bihari Vajpayee Ekana Cricket Stadium, Lucknow",LSG,CSK,2,11.5,Nicholas Pooran,Mukesh Choudhary,0,0,0,0,0,0,runout,Mitchell Marsh,Mukesh Choudhary
202659,2026,Group Stage,59,"May 15, 2026","Bharat Ratna Shri Atal Bihari Vajpayee Ekana Cricket Stadium, Lucknow",LSG,CSK,2,11.6,Nicholas Pooran,Mukesh Choudhary,1,0,0,0,0,0,,,
202659,2026,Group Stage,59,"May 15, 2026","Bharat Ratna Shri Atal Bihari Vajpayee Ekana Cricket Stadium, Lucknow",LSG,CSK,2,12.1,Nicholas Pooran,Noor Ahmad,1,0,0,0,0,0,,,
202659,2026,Group Stage,59,"May 15, 2026","Bharat Ratna Shri Atal Bihari Vajpayee Ekana Cricket Stadium, Lucknow",LSG,CSK,2,12.2,Abdul Samad,Noor Ahmad,1,0,0,0,0,0,,,
202659,2026,Group Stage,59,"May 15, 2026","Bharat Ratna Shri Atal Bihari Vajpayee Ekana Cricket Stadium, Lucknow",LSG,CSK,2,12.3,Nicholas Pooran,Noor Ahmad,0,0,0,0,0,0,,,
202659,2026,Group Stage,59,"May 15, 2026","Bharat Ratna Shri Atal Bihari Vajpayee Ekana Cricket Stadium, Lucknow",LSG,CSK,2,12.4,Nicholas Pooran,Noor Ahmad,0,0,0,0,0,0,,,
202659,2026,Group Stage,59,"May 15, 2026","Bharat Ratna Shri Atal Bihari Vajpayee Ekana Cricket Stadium, Lucknow",LSG,CSK,2,12.5,Nicholas Pooran,Noor Ahmad,0,0,0,0,0,0,,,
202659,2026,Group Stage,59,"May 15, 2026","Bharat Ratna Shri Atal Bihari Vajpayee Ekana Cricket Stadium, Lucknow",LSG,CSK,2,12.6,Nicholas Pooran,Noor Ahmad,0,0,0,0,0,0,,,
202659,2026,Group Stage,59,"May 15, 2026","Bharat Ratna Shri Atal Bihari Vajpayee Ekana Cricket Stadium, Lucknow",LSG,CSK,2,13.1,Abdul Samad,Spencer Johnson,6,0,0,0,0,0,,,
202659,2026,Group Stage,59,"May 15, 2026","Bharat Ratna Shri Atal Bihari Vajpayee Ekana Cricket Stadium, Lucknow",LSG,CSK,2,13.2,Abdul Samad,Spencer Johnson,0,0,0,0,0,0,bowled,Abdul Samad,
202659,2026,Group Stage,59,"May 15, 2026","Bharat Ratna Shri Atal Bihari Vajpayee Ekana Cricket Stadium, Lucknow",LSG,CSK,2,13.3,Mukul Choudhary,Spencer Johnson,1,0,0,0,0,0,,,
202659,2026,Group Stage,59,"May 15, 2026","Bharat Ratna Shri Atal Bihari Vajpayee Ekana Cricket Stadium, Lucknow",LSG,CSK,2,13.4,Nicholas Pooran,Spencer Johnson,0,0,0,0,0,0,,,
202659,2026,Group Stage,59,"May 15, 2026","Bharat Ratna Shri Atal Bihari Vajpayee Ekana Cricket Stadium, Lucknow",LSG,CSK,2,13.5,Nicholas Pooran,Spencer Johnson,0,0,0,0,0,0,,,
202659,2026,Group Stage,59,"May 15, 2026","Bharat Ratna Shri Atal Bihari Vajpayee Ekana Cricket Stadium, Lucknow",LSG,CSK,2,13.6,Nicholas Pooran,Spencer Johnson,1,0,0,0,0,0,,,
202659,2026,Group Stage,59,"May 15, 2026","Bharat Ratna Shri Atal Bihari Vajpayee Ekana Cricket Stadium, Lucknow",LSG,CSK,2,14.1,Nicholas Pooran,Gurjapneet Singh,1,0,0,0,0,0,,,
202659,2026,Group Stage,59,"May 15, 2026","Bharat Ratna Shri Atal Bihari Vajpayee Ekana Cricket Stadium, Lucknow",LSG,CSK,2,14.2,Mukul Choudhary,Gurjapneet Singh,0,0,0,0,0,0,,,
202659,2026,Group Stage,59,"May 15, 2026","Bharat Ratna Shri Atal Bihari Vajpayee Ekana Cricket Stadium, Lucknow",LSG,CSK,2,14.3,Mukul Choudhary,Gurjapneet Singh,0,0,0,0,0,0,,,
202659,2026,Group Stage,59,"May 15, 2026","Bharat Ratna Shri Atal Bihari Vajpayee Ekana Cricket Stadium, Lucknow",LSG,CSK,2,14.4,Mukul Choudhary,Gurjapneet Singh,4,0,0,0,0,0,,,
202659,2026,Group Stage,59,"May 15, 2026","Bharat Ratna Shri Atal Bihari Vajpayee Ekana Cricket Stadium, Lucknow",LSG,CSK,2,14.5,Mukul Choudhary,Gurjapneet Singh,1,0,0,0,0,0,,,
202659,2026,Group Stage,59,"May 15, 2026","Bharat Ratna Shri Atal Bihari Vajpayee Ekana Cricket Stadium, Lucknow",LSG,CSK,2,14.6,Nicholas Pooran,Gurjapneet Singh,4,0,0,0,0,0,,,
202659,2026,Group Stage,59,"May 15, 2026","Bharat Ratna Shri Atal Bihari Vajpayee Ekana Cricket Stadium, Lucknow",LSG,CSK,2,15.1,Mukul Choudhary,Mukesh Choudhary,1,0,0,0,0,0,,,
202659,2026,Group Stage,59,"May 15, 2026","Bharat Ratna Shri Atal Bihari Vajpayee Ekana Cricket Stadium, Lucknow",LSG,CSK,2,15.2,Nicholas Pooran,Mukesh Choudhary,0,1,0,1,0,0,,,
202659,2026,Group Stage,59,"May 15, 2026","Bharat Ratna Shri Atal Bihari Vajpayee Ekana Cricket Stadium, Lucknow",LSG,CSK,2,15.3,Mukul Choudhary,Mukesh Choudhary,4,0,0,0,0,0,,,
202659,2026,Group Stage,59,"May 15, 2026","Bharat Ratna Shri Atal Bihari Vajpayee Ekana Cricket Stadium, Lucknow",LSG,CSK,2,15.4,Mukul Choudhary,Mukesh Choudhary,0,0,0,0,0,0,,,
202659,2026,Group Stage,59,"May 15, 2026","Bharat Ratna Shri Atal Bihari Vajpayee Ekana Cricket Stadium, Lucknow",LSG,CSK,2,15.5,Mukul Choudhary,Mukesh Choudhary,0,0,0,0,0,0,,,
202659,2026,Group Stage,59,"May 15, 2026","Bharat Ratna Shri Atal Bihari Vajpayee Ekana Cricket Stadium, Lucknow",LSG,CSK,2,15.6,Mukul Choudhary,Mukesh Choudhary,2,0,0,0,0,0,,,
202659,2026,Group Stage,59,"May 15, 2026","Bharat Ratna Shri Atal Bihari Vajpayee Ekana Cricket Stadium, Lucknow",LSG,CSK,2,16.1,Nicholas Pooran,Anshul Kamboj,6,0,0,0,0,0,,,
202659,2026,Group Stage,59,"May 15, 2026","Bharat Ratna Shri Atal Bihari Vajpayee Ekana Cricket Stadium, Lucknow",LSG,CSK,2,16.2,Nicholas Pooran,Anshul Kamboj,6,0,0,0,0,0,,,
202659,2026,Group Stage,59,"May 15, 2026","Bharat Ratna Shri Atal Bihari Vajpayee Ekana Cricket Stadium, Lucknow",LSG,CSK,2,16.3,Nicholas Pooran,Anshul Kamboj,6,0,0,0,0,0,,,
202659,2026,Group Stage,59,"May 15, 2026","Bharat Ratna Shri Atal Bihari Vajpayee Ekana Cricket Stadium, Lucknow",LSG,CSK,2,16.4,Nicholas Pooran,Anshul Kamboj,6,0,0,0,0,0,,,
202663,2026,Group Stage,63,"May 18, 2026","MA Chidambaram Stadium, Chennai",SRH,CSK,2,0.1,Abhishek Sharma,Mukesh Choudhary,0,0,0,0,0,0,,,
202663,2026,Group Stage,63,"May 18, 2026","MA Chidambaram Stadium, Chennai",SRH,CSK,2,0.2,Abhishek Sharma,Mukesh Choudhary,4,0,0,0,0,0,,,
202663,2026,Group Stage,63,"May 18, 2026","MA Chidambaram Stadium, Chennai",SRH,CSK,2,0.3,Abhishek Sharma,Mukesh Choudhary,0,0,0,0,0,0,,,
202663,2026,Group Stage,63,"May 18, 2026","MA Chidambaram Stadium, Chennai",SRH,CSK,2,0.4,Abhishek Sharma,Mukesh Choudhary,0,0,0,0,0,0,,,
202663,2026,Group Stage,63,"May 18, 2026","MA Chidambaram Stadium, Chennai",SRH,CSK,2,0.5,Abhishek Sharma,Mukesh Choudhary,4,0,0,0,0,0,,,
202663,2026,Group Stage,63,"May 18, 2026","MA Chidambaram Stadium, Chennai",SRH,CSK,2,0.6,Abhishek Sharma,Mukesh Choudhary,0,1,1,0,0,0,,,
202663,2026,Group Stage,63,"May 18, 2026","MA Chidambaram Stadium, Chennai",SRH,CSK,2,0.6,Abhishek Sharma,Mukesh Choudhary,1,0,0,0,0,0,,,
202663,2026,Group Stage,63,"May 18, 2026","MA Chidambaram Stadium, Chennai",SRH,CSK,2,1.1,Abhishek Sharma,Spencer Johnson,0,0,0,0,0,0,,,
202663,2026,Group Stage,63,"May 18, 2026","MA Chidambaram Stadium, Chennai",SRH,CSK,2,1.2,Abhishek Sharma,Spencer Johnson,1,0,0,0,0,0,,,
202663,2026,Group Stage,63,"May 18, 2026","MA Chidambaram Stadium, Chennai",SRH,CSK,2,1.3,Travis Head,Spencer Johnson,4,0,0,0,0,0,,,
202663,2026,Group Stage,63,"May 18, 2026","MA Chidambaram Stadium, Chennai",SRH,CSK,2,1.4,Travis Head,Spencer Johnson,0,0,0,0,0,0,,,
202663,2026,Group Stage,63,"May 18, 2026","MA Chidambaram Stadium, Chennai",SRH,CSK,2,1.5,Travis Head,Spencer Johnson,0,0,0,0,0,0,,,
202663,2026,Group Stage,63,"May 18, 2026","MA Chidambaram Stadium, Chennai",SRH,CSK,2,1.6,Travis Head,Spencer Johnson,0,0,0,0,0,0,,,
202663,2026,Group Stage,63,"May 18, 2026","MA Chidambaram Stadium, Chennai",SRH,CSK,2,2.1,Abhishek Sharma,Mukesh Choudhary,1,0,0,0,0,0,,,
202663,2026,Group Stage,63,"May 18, 2026","MA Chidambaram Stadium, Chennai",SRH,CSK,2,2.2,Travis Head,Mukesh Choudhary,2,0,0,0,0,0,,,
202663,2026,Group Stage,63,"May 18, 2026","MA Chidambaram Stadium, Chennai",SRH,CSK,2,2.3,Travis Head,Mukesh Choudhary,0,0,0,0,0,0,caught,Travis Head,Mukesh Choudhary
202663,2026,Group Stage,63,"May 18, 2026","MA Chidambaram Stadium, Chennai",SRH,CSK,2,2.4,Ishan Kishan,Mukesh Choudhary,0,0,0,0,0,0,,,
202663,2026,Group Stage,63,"May 18, 2026","MA Chidambaram Stadium, Chennai",SRH,CSK,2,2.5,Ishan Kishan,Mukesh Choudhary,0,0,0,0,0,0,,,
202663,2026,Group Stage,63,"May 18, 2026","MA Chidambaram Stadium, Chennai",SRH,CSK,2,2.6,Ishan Kishan,Mukesh Choudhary,1,0,0,0,0,0,,,
202663,2026,Group Stage,63,"May 18, 2026","MA Chidambaram Stadium, Chennai",SRH,CSK,2,3.1,Ishan Kishan,Spencer Johnson,4,0,0,0,0,0,,,
202663,2026,Group Stage,63,"May 18, 2026","MA Chidambaram Stadium, Chennai",SRH,CSK,2,3.2,Ishan Kishan,Spencer Johnson,0,0,0,0,0,0,,,
202663,2026,Group Stage,63,"May 18, 2026","MA Chidambaram Stadium, Chennai",SRH,CSK,2,3.3,Ishan Kishan,Spencer Johnson,0,0,0,0,0,0,,,
202663,2026,Group Stage,63,"May 18, 2026","MA Chidambaram Stadium, Chennai",SRH,CSK,2,3.4,Ishan Kishan,Spencer Johnson,4,0,0,0,0,0,,,
202663,2026,Group Stage,63,"May 18, 2026","MA Chidambaram Stadium, Chennai",SRH,CSK,2,3.5,Ishan Kishan,Spencer Johnson,0,0,0,0,0,0,,,
202663,2026,Group Stage,63,"May 18, 2026","MA Chidambaram Stadium, Chennai",SRH,CSK,2,3.6,Ishan Kishan,Spencer Johnson,4,0,0,0,0,0,,,
202663,2026,Group Stage,63,"May 18, 2026","MA Chidambaram Stadium, Chennai",SRH,CSK,2,4.1,Abhishek Sharma,Mukesh Choudhary,4,0,0,0,0,0,,,
202663,2026,Group Stage,63,"May 18, 2026","MA Chidambaram Stadium, Chennai",SRH,CSK,2,4.2,Abhishek Sharma,Mukesh Choudhary,1,0,0,0,0,0,,,
202663,2026,Group Stage,63,"May 18, 2026","MA Chidambaram Stadium, Chennai",SRH,CSK,2,4.3,Ishan Kishan,Mukesh Choudhary,0,0,0,0,0,0,,,
202663,2026,Group Stage,63,"May 18, 2026","MA Chidambaram Stadium, Chennai",SRH,CSK,2,4.4,Ishan Kishan,Mukesh Choudhary,0,0,0,0,0,0,,,
202663,2026,Group Stage,63,"May 18, 2026","MA Chidambaram Stadium, Chennai",SRH,CSK,2,4.5,Ishan Kishan,Mukesh Choudhary,1,0,0,0,0,0,,,
202663,2026,Group Stage,63,"May 18, 2026","MA Chidambaram Stadium, Chennai",SRH,CSK,2,4.6,Abhishek Sharma,Mukesh Choudhary,1,0,0,0,0,0,,,
202663,2026,Group Stage,63,"May 18, 2026","MA Chidambaram Stadium, Chennai",SRH,CSK,2,5.1,Abhishek Sharma,Anshul Kamboj,0,0,0,0,0,0,,,
202663,2026,Group Stage,63,"May 18, 2026","MA Chidambaram Stadium, Chennai",SRH,CSK,2,5.2,Abhishek Sharma,Anshul Kamboj,1,0,0,0,0,0,,,
202663,2026,Group Stage,63,"May 18, 2026","MA Chidambaram Stadium, Chennai",SRH,CSK,2,5.3,Ishan Kishan,Anshul Kamboj,1,0,0,0,0,0,,,
202663,2026,Group Stage,63,"May 18, 2026","MA Chidambaram Stadium, Chennai",SRH,CSK,2,5.4,Ishan Kishan,Anshul Kamboj,0,0,0,0,0,0,,,
202663,2026,Group Stage,63,"May 18, 2026","MA Chidambaram Stadium, Chennai",SRH,CSK,2,5.5,Ishan Kishan,Anshul Kamboj,6,0,0,0,0,0,,,
202663,2026,Group Stage,63,"May 18, 2026","MA Chidambaram Stadium, Chennai",SRH,CSK,2,5.6,Ishan Kishan,Anshul Kamboj,0,0,0,0,0,0,,,
202663,2026,Group Stage,63,"May 18, 2026","MA Chidambaram Stadium, Chennai",SRH,CSK,2,6.1,Abhishek Sharma,Noor Ahmad,0,0,0,0,0,0,,,
202663,2026,Group Stage,63,"May 18, 2026","MA Chidambaram Stadium, Chennai",SRH,CSK,2,6.2,Abhishek Sharma,Noor Ahmad,1,0,0,0,0,0,,,
202663,2026,Group Stage,63,"May 18, 2026","MA Chidambaram Stadium, Chennai",SRH,CSK,2,6.3,Ishan Kishan,Noor Ahmad,1,0,0,0,0,0,,,
202663,2026,Group Stage,63,"May 18, 2026","MA Chidambaram Stadium, Chennai",SRH,CSK,2,6.4,Abhishek Sharma,Noor Ahmad,0,0,0,0,0,0,,,
202663,2026,Group Stage,63,"May 18, 2026","MA Chidambaram Stadium, Chennai",SRH,CSK,2,6.5,Abhishek Sharma,Noor Ahmad,0,0,0,0,0,0,,,
202663,2026,Group Stage,63,"May 18, 2026","MA Chidambaram Stadium, Chennai",SRH,CSK,2,6.6,Abhishek Sharma,Noor Ahmad,6,0,0,0,0,0,,,
202663,2026,Group Stage,63,"May 18, 2026","MA Chidambaram Stadium, Chennai",SRH,CSK,2,7.1,Ishan Kishan,Akeal Hosein,1,0,0,0,0,0,,,
202663,2026,Group Stage,63,"May 18, 2026","MA Chidambaram Stadium, Chennai",SRH,CSK,2,7.2,Abhishek Sharma,Akeal Hosein,1,0,0,0,0,0,,,
202663,2026,Group Stage,63,"May 18, 2026","MA Chidambaram Stadium, Chennai",SRH,CSK,2,7.3,Ishan Kishan,Akeal Hosein,1,0,0,0,0,0,,,
202663,2026,Group Stage,63,"May 18, 2026","MA Chidambaram Stadium, Chennai",SRH,CSK,2,7.4,Abhishek Sharma,Akeal Hosein,0,0,0,0,0,0,caught,Abhishek Sharma,Spencer Johnson
202663,2026,Group Stage,63,"May 18, 2026","MA Chidambaram Stadium, Chennai",SRH,CSK,2,7.5,Heinrich Klaasen,Akeal Hosein,0,0,0,0,0,0,,,
202663,2026,Group Stage,63,"May 18, 2026","MA Chidambaram Stadium, Chennai",SRH,CSK,2,7.6,Heinrich Klaasen,Akeal Hosein,1,0,0,0,0,0,,,
202663,2026,Group Stage,63,"May 18, 2026","MA Chidambaram Stadium, Chennai",SRH,CSK,2,8.1,Heinrich Klaasen,Noor Ahmad,1,0,0,0,0,0,,,
202663,2026,Group Stage,63,"May 18, 2026","MA Chidambaram Stadium, Chennai",SRH,CSK,2,8.2,Ishan Kishan,Noor Ahmad,1,0,0,0,0,0,,,
202663,2026,Group Stage,63,"May 18, 2026","MA Chidambaram Stadium, Chennai",SRH,CSK,2,8.3,Heinrich Klaasen,Noor Ahmad,0,0,0,0,0,0,,,
202663,2026,Group Stage,63,"May 18, 2026","MA Chidambaram Stadium, Chennai",SRH,CSK,2,8.4,Heinrich Klaasen,Noor Ahmad,0,0,0,0,0,0,,,
202663,2026,Group Stage,63,"May 18, 2026","MA Chidambaram Stadium, Chennai",SRH,CSK,2,8.5,Heinrich Klaasen,Noor Ahmad,4,0,0,0,0,0,,,
202663,2026,Group Stage,63,"May 18, 2026","MA Chidambaram Stadium, Chennai",SRH,CSK,2,8.6,Heinrich Klaasen,Noor Ahmad,1,0,0,0,0,0,,,
202663,2026,Group Stage,63,"May 18, 2026","MA Chidambaram Stadium, Chennai",SRH,CSK,2,9.1,Heinrich Klaasen,Akeal Hosein,0,0,0,0,0,0,,,
202663,2026,Group Stage,63,"May 18, 2026","MA Chidambaram Stadium, Chennai",SRH,CSK,2,9.2,Heinrich Klaasen,Akeal Hosein,0,0,0,0,0,0,,,
202663,2026,Group Stage,63,"May 18, 2026","MA Chidambaram Stadium, Chennai",SRH,CSK,2,9.3,Heinrich Klaasen,Akeal Hosein,4,0,0,0,0,0,,,
202663,2026,Group Stage,63,"May 18, 2026","MA Chidambaram Stadium, Chennai",SRH,CSK,2,9.4,Heinrich Klaasen,Akeal Hosein,0,0,0,0,0,0,,,
202663,2026,Group Stage,63,"May 18, 2026","MA Chidambaram Stadium, Chennai",SRH,CSK,2,9.5,Heinrich Klaasen,Akeal Hosein,6,0,0,0,0,0,,,
202663,2026,Group Stage,63,"May 18, 2026","MA Chidambaram Stadium, Chennai",SRH,CSK,2,9.6,Heinrich Klaasen,Akeal Hosein,1,0,0,0,0,0,,,
202663,2026,Group Stage,63,"May 18, 2026","MA Chidambaram Stadium, Chennai",SRH,CSK,2,10.1,Heinrich Klaasen,Noor Ahmad,1,0,0,0,0,0,,,
202663,2026,Group Stage,63,"May 18, 2026","MA Chidambaram Stadium, Chennai",SRH,CSK,2,10.2,Ishan Kishan,Noor Ahmad,1,0,0,0,0,0,,,
202663,2026,Group Stage,63,"May 18, 2026","MA Chidambaram Stadium, Chennai",SRH,CSK,2,10.3,Heinrich Klaasen,Noor Ahmad,6,0,0,0,0,0,,,
202663,2026,Group Stage,63,"May 18, 2026","MA Chidambaram Stadium, Chennai",SRH,CSK,2,10.4,Heinrich Klaasen,Noor Ahmad,4,0,0,0,0,0,,,
202663,2026,Group Stage,63,"May 18, 2026","MA Chidambaram Stadium, Chennai",SRH,CSK,2,10.5,Heinrich Klaasen,Noor Ahmad,1,0,0,0,0,0,,,
202663,2026,Group Stage,63,"May 18, 2026","MA Chidambaram Stadium, Chennai",SRH,CSK,2,10.6,Ishan Kishan,Noor Ahmad,1,0,0,0,0,0,,,
202663,2026,Group Stage,63,"May 18, 2026","MA Chidambaram Stadium, Chennai",SRH,CSK,2,11.1,Ishan Kishan,Spencer Johnson,0,0,0,0,0,0,,,
202663,2026,Group Stage,63,"May 18, 2026","MA Chidambaram Stadium, Chennai",SRH,CSK,2,11.2,Ishan Kishan,Spencer Johnson,4,0,0,0,0,0,,,
202663,2026,Group Stage,63,"May 18, 2026","MA Chidambaram Stadium, Chennai",SRH,CSK,2,11.3,Ishan Kishan,Spencer Johnson,1,0,0,0,0,0,,,
202663,2026,Group Stage,63,"May 18, 2026","MA Chidambaram Stadium, Chennai",SRH,CSK,2,11.4,Heinrich Klaasen,Spencer Johnson,2,0,0,0,0,0,,,
202663,2026,Group Stage,63,"May 18, 2026","MA Chidambaram Stadium, Chennai",SRH,CSK,2,11.5,Heinrich Klaasen,Spencer Johnson,1,0,0,0,0,0,,,
202663,2026,Group Stage,63,"May 18, 2026","MA Chidambaram Stadium, Chennai",SRH,CSK,2,11.6,Ishan Kishan,Spencer Johnson,1,0,0,0,0,0,,,
202663,2026,Group Stage,63,"May 18, 2026","MA Chidambaram Stadium, Chennai",SRH,CSK,2,12.1,Ishan Kishan,Anshul Kamboj,2,0,0,0,0,0,,,
202663,2026,Group Stage,63,"May 18, 2026","MA Chidambaram Stadium, Chennai",SRH,CSK,2,12.2,Ishan Kishan,Anshul Kamboj,6,0,0,0,0,0,,,
202663,2026,Group Stage,63,"May 18, 2026","MA Chidambaram Stadium, Chennai",SRH,CSK,2,12.3,Ishan Kishan,Anshul Kamboj,1,0,0,0,0,0,,,
202663,2026,Group Stage,63,"May 18, 2026","MA Chidambaram Stadium, Chennai",SRH,CSK,2,12.4,Heinrich Klaasen,Anshul Kamboj,0,1,1,0,0,0,,,
202663,2026,Group Stage,63,"May 18, 2026","MA Chidambaram Stadium, Chennai",SRH,CSK,2,12.4,Heinrich Klaasen,Anshul Kamboj,1,0,0,0,0,0,,,
202663,2026,Group Stage,63,"May 18, 2026","MA Chidambaram Stadium, Chennai",SRH,CSK,2,12.5,Ishan Kishan,Anshul Kamboj,4,0,0,0,0,0,,,
202663,2026,Group Stage,63,"May 18, 2026","MA Chidambaram Stadium, Chennai",SRH,CSK,2,12.6,Ishan Kishan,Anshul Kamboj,1,0,0,0,0,0,,,
202663,2026,Group Stage,63,"May 18, 2026","MA Chidambaram Stadium, Chennai",SRH,CSK,2,13.1,Ishan Kishan,Shivam Dube,1,0,0,0,0,0,,,
202663,2026,Group Stage,63,"May 18, 2026","MA Chidambaram Stadium, Chennai",SRH,CSK,2,13.2,Heinrich Klaasen,Shivam Dube,4,0,0,0,0,0,,,
202663,2026,Group Stage,63,"May 18, 2026","MA Chidambaram Stadium, Chennai",SRH,CSK,2,13.3,Heinrich Klaasen,Shivam Dube,1,0,0,0,0,0,,,
202663,2026,Group Stage,63,"May 18, 2026","MA Chidambaram Stadium, Chennai",SRH,CSK,2,13.4,Ishan Kishan,Shivam Dube,1,0,0,0,0,0,,,
202663,2026,Group Stage,63,"May 18, 2026","MA Chidambaram Stadium, Chennai",SRH,CSK,2,13.5,Heinrich Klaasen,Shivam Dube,0,1,1,0,0,0,,,
202663,2026,Group Stage,63,"May 18, 2026","MA Chidambaram Stadium, Chennai",SRH,CSK,2,13.5,Heinrich Klaasen,Shivam Dube,4,0,0,0,0,0,,,
202663,2026,Group Stage,63,"May 18, 2026","MA Chidambaram Stadium, Chennai",SRH,CSK,2,13.6,Heinrich Klaasen,Shivam Dube,0,0,0,0,0,0,,,
202663,2026,Group Stage,63,"May 18, 2026","MA Chidambaram Stadium, Chennai",SRH,CSK,2,14.1,Ishan Kishan,Noor Ahmad,1,0,0,0,0,0,,,
202663,2026,Group Stage,63,"May 18, 2026","MA Chidambaram Stadium, Chennai",SRH,CSK,2,14.2,Heinrich Klaasen,Noor Ahmad,4,0,0,0,0,0,,,
202663,2026,Group Stage,63,"May 18, 2026","MA Chidambaram Stadium, Chennai",SRH,CSK,2,14.3,Heinrich Klaasen,Noor Ahmad,0,0,0,0,0,0,stumped,Heinrich Klaasen,Sanju Samson
202663,2026,Group Stage,63,"May 18, 2026","MA Chidambaram Stadium, Chennai",SRH,CSK,2,14.4,Nitish Reddy,Noor Ahmad,2,0,0,0,0,0,,,
202663,2026,Group Stage,63,"May 18, 2026","MA Chidambaram Stadium, Chennai",SRH,CSK,2,14.5,Nitish Reddy,Noor Ahmad,4,0,0,0,0,0,,,
202663,2026,Group Stage,63,"May 18, 2026","MA Chidambaram Stadium, Chennai",SRH,CSK,2,14.6,Nitish Reddy,Noor Ahmad,0,0,0,0,0,0,,,
202663,2026,Group Stage,63,"May 18, 2026","MA Chidambaram Stadium, Chennai",SRH,CSK,2,15.1,Ishan Kishan,Akeal Hosein,0,0,0,0,0,0,,,
202663,2026,Group Stage,63,"May 18, 2026","MA Chidambaram Stadium, Chennai",SRH,CSK,2,15.2,Ishan Kishan,Akeal Hosein,0,0,0,0,0,0,,,
202663,2026,Group Stage,63,"May 18, 2026","MA Chidambaram Stadium, Chennai",SRH,CSK,2,15.3,Ishan Kishan,Akeal Hosein,1,0,0,0,0,0,,,
202663,2026,Group Stage,63,"May 18, 2026","MA Chidambaram Stadium, Chennai",SRH,CSK,2,15.4,Nitish Reddy,Akeal Hosein,0,1,1,0,0,0,,,
202663,2026,Group Stage,63,"May 18, 2026","MA Chidambaram Stadium, Chennai",SRH,CSK,2,15.4,Nitish Reddy,Akeal Hosein,1,0,0,0,0,0,,,
202663,2026,Group Stage,63,"May 18, 2026","MA Chidambaram Stadium, Chennai",SRH,CSK,2,15.5,Ishan Kishan,Akeal Hosein,2,0,0,0,0,0,,,
202663,2026,Group Stage,63,"May 18, 2026","MA Chidambaram Stadium, Chennai",SRH,CSK,2,15.6,Ishan Kishan,Akeal Hosein,1,0,0,0,0,0,,,
202663,2026,Group Stage,63,"May 18, 2026","MA Chidambaram Stadium, Chennai",SRH,CSK,2,16.1,Ishan Kishan,Anshul Kamboj,1,0,0,0,0,0,,,
202663,2026,Group Stage,63,"May 18, 2026","MA Chidambaram Stadium, Chennai",SRH,CSK,2,16.2,Nitish Reddy,Anshul Kamboj,1,0,0,0,0,0,,,
202663,2026,Group Stage,63,"May 18, 2026","MA Chidambaram Stadium, Chennai",SRH,CSK,2,16.3,Ishan Kishan,Anshul Kamboj,1,0,0,0,0,0,,,
202663,2026,Group Stage,63,"May 18, 2026","MA Chidambaram Stadium, Chennai",SRH,CSK,2,16.4,Nitish Reddy,Anshul Kamboj,3,0,0,0,0,0,,,
202663,2026,Group Stage,63,"May 18, 2026","MA Chidambaram Stadium, Chennai",SRH,CSK,2,16.5,Ishan Kishan,Anshul Kamboj,4,0,0,0,0,0,,,
202663,2026,Group Stage,63,"May 18, 2026","MA Chidambaram Stadium, Chennai",SRH,CSK,2,16.6,Ishan Kishan,Anshul Kamboj,0,0,0,0,0,0,,,
202663,2026,Group Stage,63,"May 18, 2026","MA Chidambaram Stadium, Chennai",SRH,CSK,2,17.1,Nitish Reddy,Mukesh Choudhary,0,0,0,0,0,0,caught,Nitish Reddy,Urvil Patel
202663,2026,Group Stage,63,"May 18, 2026","MA Chidambaram Stadium, Chennai",SRH,CSK,2,17.2,Salil Arora,Mukesh Choudhary,0,1,1,0,0,0,,,
202663,2026,Group Stage,63,"May 18, 2026","MA Chidambaram Stadium, Chennai",SRH,CSK,2,17.2,Salil Arora,Mukesh Choudhary,1,0,0,0,0,0,,,
202663,2026,Group Stage,63,"May 18, 2026","MA Chidambaram Stadium, Chennai",SRH,CSK,2,17.3,Ishan Kishan,Mukesh Choudhary,1,0,0,0,0,0,,,
202663,2026,Group Stage,63,"May 18, 2026","MA Chidambaram Stadium, Chennai",SRH,CSK,2,17.4,Salil Arora,Mukesh Choudhary,1,0,0,0,0,0,,,
202663,2026,Group Stage,63,"May 18, 2026","MA Chidambaram Stadium, Chennai",SRH,CSK,2,17.5,Ishan Kishan,Mukesh Choudhary,4,0,0,0,0,0,,,
202663,2026,Group Stage,63,"May 18, 2026","MA Chidambaram Stadium, Chennai",SRH,CSK,2,17.6,Ishan Kishan,Mukesh Choudhary,6,0,0,0,0,0,,,
202663,2026,Group Stage,63,"May 18, 2026","MA Chidambaram Stadium, Chennai",SRH,CSK,2,18.1,Salil Arora,Anshul Kamboj,6,0,0,0,0,0,,,
202663,2026,Group Stage,63,"May 18, 2026","MA Chidambaram Stadium, Chennai",SRH,CSK,2,18.2,Salil Arora,Anshul Kamboj,1,0,0,0,0,0,,,
202663,2026,Group Stage,63,"May 18, 2026","MA Chidambaram Stadium, Chennai",SRH,CSK,2,18.3,Ishan Kishan,Anshul Kamboj,0,0,0,0,0,0,caught,Ishan Kishan,Urvil Patel
202663,2026,Group Stage,63,"May 18, 2026","MA Chidambaram Stadium, Chennai",SRH,CSK,2,18.4,Smaran Ravichandran,Anshul Kamboj,1,0,0,0,0,0,,,
202663,2026,Group Stage,63,"May 18, 2026","MA Chidambaram Stadium, Chennai",SRH,CSK,2,18.5,Salil Arora,Anshul Kamboj,1,0,0,0,0,0,,,
202663,2026,Group Stage,63,"May 18, 2026","MA Chidambaram Stadium, Chennai",SRH,CSK,2,18.6,Smaran Ravichandran,Anshul Kamboj,4,0,0,0,0,0,,,
202666,2026,Group Stage,66,"May 21, 2026","Narendra Modi Stadium, Ahmedabad",GT,CSK,1,0.1,Sai Sudharsan,Mukesh Choudhary,1,0,0,0,0,0,,,
202666,2026,Group Stage,66,"May 21, 2026","Narendra Modi Stadium, Ahmedabad",GT,CSK,1,0.2,Shubman Gill,Mukesh Choudhary,0,0,0,0,0,0,,,
202666,2026,Group Stage,66,"May 21, 2026","Narendra Modi Stadium, Ahmedabad",GT,CSK,1,0.3,Shubman Gill,Mukesh Choudhary,0,0,0,0,0,0,,,
202666,2026,Group Stage,66,"May 21, 2026","Narendra Modi Stadium, Ahmedabad",GT,CSK,1,0.4,Shubman Gill,Mukesh Choudhary,4,0,0,0,0,0,,,
202666,2026,Group Stage,66,"May 21, 2026","Narendra Modi Stadium, Ahmedabad",GT,CSK,1,0.5,Shubman Gill,Mukesh Choudhary,0,0,0,0,0,0,,,
202666,2026,Group Stage,66,"May 21, 2026","Narendra Modi Stadium, Ahmedabad",GT,CSK,1,0.6,Shubman Gill,Mukesh Choudhary,3,0,0,0,0,0,,,
202666,2026,Group Stage,66,"May 21, 2026","Narendra Modi Stadium, Ahmedabad",GT,CSK,1,1.1,Shubman Gill,Spencer Johnson,4,0,0,0,0,0,,,
202666,2026,Group Stage,66,"May 21, 2026","Narendra Modi Stadium, Ahmedabad",GT,CSK,1,1.2,Shubman Gill,Spencer Johnson,1,0,0,0,0,0,,,
202666,2026,Group Stage,66,"May 21, 2026","Narendra Modi Stadium, Ahmedabad",GT,CSK,1,1.3,Sai Sudharsan,Spencer Johnson,0,5,1,0,0,0,,,
202666,2026,Group Stage,66,"May 21, 2026","Narendra Modi Stadium, Ahmedabad",GT,CSK,1,1.3,Sai Sudharsan,Spencer Johnson,1,0,0,0,0,0,,,
202666,2026,Group Stage,66,"May 21, 2026","Narendra Modi Stadium, Ahmedabad",GT,CSK,1,1.4,Shubman Gill,Spencer Johnson,4,0,0,0,0,0,,,
202666,2026,Group Stage,66,"May 21, 2026","Narendra Modi Stadium, Ahmedabad",GT,CSK,1,1.5,Shubman Gill,Spencer Johnson,0,0,0,0,0,0,,,
202666,2026,Group Stage,66,"May 21, 2026","Narendra Modi Stadium, Ahmedabad",GT,CSK,1,1.6,Shubman Gill,Spencer Johnson,0,0,0,0,0,0,,,
202666,2026,Group Stage,66,"May 21, 2026","Narendra Modi Stadium, Ahmedabad",GT,CSK,1,2.1,Sai Sudharsan,Mukesh Choudhary,1,0,0,0,0,0,,,
202666,2026,Group Stage,66,"May 21, 2026","Narendra Modi Stadium, Ahmedabad",GT,CSK,1,2.2,Shubman Gill,Mukesh Choudhary,1,0,0,0,0,0,,,
202666,2026,Group Stage,66,"May 21, 2026","Narendra Modi Stadium, Ahmedabad",GT,CSK,1,2.3,Sai Sudharsan,Mukesh Choudhary,4,0,0,0,0,0,,,
202666,2026,Group Stage,66,"May 21, 2026","Narendra Modi Stadium, Ahmedabad",GT,CSK,1,2.4,Sai Sudharsan,Mukesh Choudhary,0,0,0,0,0,0,,,
202666,2026,Group Stage,66,"May 21, 2026","Narendra Modi Stadium, Ahmedabad",GT,CSK,1,2.5,Sai Sudharsan,Mukesh Choudhary,0,0,0,0,0,0,,,
202666,2026,Group Stage,66,"May 21, 2026","Narendra Modi Stadium, Ahmedabad",GT,CSK,1,2.6,Sai Sudharsan,Mukesh Choudhary,1,0,0,0,0,0,,,
202666,2026,Group Stage,66,"May 21, 2026","Narendra Modi Stadium, Ahmedabad",GT,CSK,1,3.1,Sai Sudharsan,Spencer Johnson,4,0,0,0,0,0,,,
202666,2026,Group Stage,66,"May 21, 2026","Narendra Modi Stadium, Ahmedabad",GT,CSK,1,3.2,Sai Sudharsan,Spencer Johnson,1,0,0,0,0,0,,,
202666,2026,Group Stage,66,"May 21, 2026","Narendra Modi Stadium, Ahmedabad",GT,CSK,1,3.3,Shubman Gill,Spencer Johnson,1,0,0,0,0,0,,,
202666,2026,Group Stage,66,"May 21, 2026","Narendra Modi Stadium, Ahmedabad",GT,CSK,1,3.4,Sai Sudharsan,Spencer Johnson,1,0,0,0,0,0,,,
202666,2026,Group Stage,66,"May 21, 2026","Narendra Modi Stadium, Ahmedabad",GT,CSK,1,3.5,Shubman Gill,Spencer Johnson,4,0,0,0,0,0,,,
202666,2026,Group Stage,66,"May 21, 2026","Narendra Modi Stadium, Ahmedabad",GT,CSK,1,3.6,Shubman Gill,Spencer Johnson,4,0,0,0,0,0,,,
202666,2026,Group Stage,66,"May 21, 2026","Narendra Modi Stadium, Ahmedabad",GT,CSK,1,4.1,Sai Sudharsan,Gurjapneet Singh,0,0,0,0,0,0,,,
202666,2026,Group Stage,66,"May 21, 2026","Narendra Modi Stadium, Ahmedabad",GT,CSK,1,4.2,Sai Sudharsan,Gurjapneet Singh,0,0,0,0,0,0,,,
202666,2026,Group Stage,66,"May 21, 2026","Narendra Modi Stadium, Ahmedabad",GT,CSK,1,4.3,Sai Sudharsan,Gurjapneet Singh,0,0,0,0,0,0,,,
202666,2026,Group Stage,66,"May 21, 2026","Narendra Modi Stadium, Ahmedabad",GT,CSK,1,4.4,Sai Sudharsan,Gurjapneet Singh,1,0,0,0,0,0,,,
202666,2026,Group Stage,66,"May 21, 2026","Narendra Modi Stadium, Ahmedabad",GT,CSK,1,4.5,Shubman Gill,Gurjapneet Singh,1,0,0,0,0,0,,,
202666,2026,Group Stage,66,"May 21, 2026","Narendra Modi Stadium, Ahmedabad",GT,CSK,1,4.6,Sai Sudharsan,Gurjapneet Singh,1,0,0,0,0,0,,,
202666,2026,Group Stage,66,"May 21, 2026","Narendra Modi Stadium, Ahmedabad",GT,CSK,1,5.1,Sai Sudharsan,Anshul Kamboj,4,0,0,0,0,0,,,
202666,2026,Group Stage,66,"May 21, 2026","Narendra Modi Stadium, Ahmedabad",GT,CSK,1,5.2,Sai Sudharsan,Anshul Kamboj,1,0,0,0,0,0,,,
202666,2026,Group Stage,66,"May 21, 2026","Narendra Modi Stadium, Ahmedabad",GT,CSK,1,5.3,Shubman Gill,Anshul Kamboj,6,0,0,0,0,0,,,
202666,2026,Group Stage,66,"May 21, 2026","Narendra Modi Stadium, Ahmedabad",GT,CSK,1,5.4,Shubman Gill,Anshul Kamboj,1,0,0,0,0,0,,,
202666,2026,Group Stage,66,"May 21, 2026","Narendra Modi Stadium, Ahmedabad",GT,CSK,1,5.5,Sai Sudharsan,Anshul Kamboj,0,1,0,1,0,0,,,
202666,2026,Group Stage,66,"May 21, 2026","Narendra Modi Stadium, Ahmedabad",GT,CSK,1,5.6,Shubman Gill,Anshul Kamboj,1,0,0,0,0,0,,,
202666,2026,Group Stage,66,"May 21, 2026","Narendra Modi Stadium, Ahmedabad",GT,CSK,1,6.1,Shubman Gill,Noor Ahmad,6,0,0,0,0,0,,,
202666,2026,Group Stage,66,"May 21, 2026","Narendra Modi Stadium, Ahmedabad",GT,CSK,1,6.2,Shubman Gill,Noor Ahmad,2,0,0,0,0,0,,,
202666,2026,Group Stage,66,"May 21, 2026","Narendra Modi Stadium, Ahmedabad",GT,CSK,1,6.3,Shubman Gill,Noor Ahmad,1,0,0,0,0,0,,,
202666,2026,Group Stage,66,"May 21, 2026","Narendra Modi Stadium, Ahmedabad",GT,CSK,1,6.4,Sai Sudharsan,Noor Ahmad,1,0,0,0,0,0,,,
202666,2026,Group Stage,66,"May 21, 2026","Narendra Modi Stadium, Ahmedabad",GT,CSK,1,6.5,Shubman Gill,Noor Ahmad,0,0,0,0,0,0,,,
202666,2026,Group Stage,66,"May 21, 2026","Narendra Modi Stadium, Ahmedabad",GT,CSK,1,6.6,Shubman Gill,Noor Ahmad,6,0,0,0,0,0,,,
202666,2026,Group Stage,66,"May 21, 2026","Narendra Modi Stadium, Ahmedabad",GT,CSK,1,7.1,Sai Sudharsan,Gurjapneet Singh,1,0,0,0,0,0,,,
202666,2026,Group Stage,66,"May 21, 2026","Narendra Modi Stadium, Ahmedabad",GT,CSK,1,7.2,Shubman Gill,Gurjapneet Singh,0,0,0,0,0,0,,,
202666,2026,Group Stage,66,"May 21, 2026","Narendra Modi Stadium, Ahmedabad",GT,CSK,1,7.3,Shubman Gill,Gurjapneet Singh,1,0,0,0,0,0,,,
202666,2026,Group Stage,66,"May 21, 2026","Narendra Modi Stadium, Ahmedabad",GT,CSK,1,7.4,Sai Sudharsan,Gurjapneet Singh,0,0,0,0,0,0,,,
202666,2026,Group Stage,66,"May 21, 2026","Narendra Modi Stadium, Ahmedabad",GT,CSK,1,7.5,Sai Sudharsan,Gurjapneet Singh,1,0,0,0,0,0,,,
202666,2026,Group Stage,66,"May 21, 2026","Narendra Modi Stadium, Ahmedabad",GT,CSK,1,7.6,Shubman Gill,Gurjapneet Singh,0,0,0,0,0,0,,,
202666,2026,Group Stage,66,"May 21, 2026","Narendra Modi Stadium, Ahmedabad",GT,CSK,1,8.1,Sai Sudharsan,Anshul Kamboj,1,0,0,0,0,0,,,
202666,2026,Group Stage,66,"May 21, 2026","Narendra Modi Stadium, Ahmedabad",GT,CSK,1,8.2,Shubman Gill,Anshul Kamboj,1,0,0,0,0,0,,,
202666,2026,Group Stage,66,"May 21, 2026","Narendra Modi Stadium, Ahmedabad",GT,CSK,1,8.3,Sai Sudharsan,Anshul Kamboj,6,0,0,0,0,0,,,
202666,2026,Group Stage,66,"May 21, 2026","Narendra Modi Stadium, Ahmedabad",GT,CSK,1,8.4,Sai Sudharsan,Anshul Kamboj,2,0,0,0,0,0,,,
202666,2026,Group Stage,66,"May 21, 2026","Narendra Modi Stadium, Ahmedabad",GT,CSK,1,8.5,Sai Sudharsan,Anshul Kamboj,4,0,0,0,0,0,,,
202666,2026,Group Stage,66,"May 21, 2026","Narendra Modi Stadium, Ahmedabad",GT,CSK,1,8.6,Sai Sudharsan,Anshul Kamboj,1,0,0,0,0,0,,,
202666,2026,Group Stage,66,"May 21, 2026","Narendra Modi Stadium, Ahmedabad",GT,CSK,1,9.1,Sai Sudharsan,Shivam Dube,4,0,0,0,0,0,,,
202666,2026,Group Stage,66,"May 21, 2026","Narendra Modi Stadium, Ahmedabad",GT,CSK,1,9.2,Sai Sudharsan,Shivam Dube,0,0,0,0,0,0,,,
202666,2026,Group Stage,66,"May 21, 2026","Narendra Modi Stadium, Ahmedabad",GT,CSK,1,9.3,Sai Sudharsan,Shivam Dube,1,0,0,0,0,0,,,
202666,2026,Group Stage,66,"May 21, 2026","Narendra Modi Stadium, Ahmedabad",GT,CSK,1,9.4,Shubman Gill,Shivam Dube,2,0,0,0,0,0,,,
202666,2026,Group Stage,66,"May 21, 2026","Narendra Modi Stadium, Ahmedabad",GT,CSK,1,9.5,Shubman Gill,Shivam Dube,4,0,0,0,0,0,,,
202666,2026,Group Stage,66,"May 21, 2026","Narendra Modi Stadium, Ahmedabad",GT,CSK,1,9.6,Shubman Gill,Shivam Dube,4,0,0,0,0,0,,,
202666,2026,Group Stage,66,"May 21, 2026","Narendra Modi Stadium, Ahmedabad",GT,CSK,1,10.1,Sai Sudharsan,Gurjapneet Singh,2,0,0,0,0,0,,,
202666,2026,Group Stage,66,"May 21, 2026","Narendra Modi Stadium, Ahmedabad",GT,CSK,1,10.2,Sai Sudharsan,Gurjapneet Singh,1,0,0,0,0,0,,,
202666,2026,Group Stage,66,"May 21, 2026","Narendra Modi Stadium, Ahmedabad",GT,CSK,1,10.3,Shubman Gill,Gurjapneet Singh,0,0,0,0,0,0,,,
202666,2026,Group Stage,66,"May 21, 2026","Narendra Modi Stadium, Ahmedabad",GT,CSK,1,10.3,Shubman Gill,Gurjapneet Singh,0,1,1,0,0,0,,,
202666,2026,Group Stage,66,"May 21, 2026","Narendra Modi Stadium, Ahmedabad",GT,CSK,1,10.4,Shubman Gill,Gurjapneet Singh,1,0,0,0,0,0,,,
202666,2026,Group Stage,66,"May 21, 2026","Narendra Modi Stadium, Ahmedabad",GT,CSK,1,10.5,Sai Sudharsan,Gurjapneet Singh,2,0,0,0,0,0,,,
202666,2026,Group Stage,66,"May 21, 2026","Narendra Modi Stadium, Ahmedabad",GT,CSK,1,10.6,Sai Sudharsan,Gurjapneet Singh,0,1,1,0,0,0,,,
202666,2026,Group Stage,66,"May 21, 2026","Narendra Modi Stadium, Ahmedabad",GT,CSK,1,10.6,Sai Sudharsan,Gurjapneet Singh,1,0,0,0,0,0,,,
202666,2026,Group Stage,66,"May 21, 2026","Narendra Modi Stadium, Ahmedabad",GT,CSK,1,11.1,Sai Sudharsan,Noor Ahmad,1,0,0,0,0,0,,,
202666,2026,Group Stage,66,"May 21, 2026","Narendra Modi Stadium, Ahmedabad",GT,CSK,1,11.2,Shubman Gill,Noor Ahmad,0,0,0,0,0,0,,,
202666,2026,Group Stage,66,"May 21, 2026","Narendra Modi Stadium, Ahmedabad",GT,CSK,1,11.3,Shubman Gill,Noor Ahmad,0,0,0,0,0,0,,,
202666,2026,Group Stage,66,"May 21, 2026","Narendra Modi Stadium, Ahmedabad",GT,CSK,1,11.4,Shubman Gill,Noor Ahmad,0,0,0,0,0,0,,,
202666,2026,Group Stage,66,"May 21, 2026","Narendra Modi Stadium, Ahmedabad",GT,CSK,1,11.5,Shubman Gill,Noor Ahmad,1,0,0,0,0,0,,,
202666,2026,Group Stage,66,"May 21, 2026","Narendra Modi Stadium, Ahmedabad",GT,CSK,1,11.6,Sai Sudharsan,Noor Ahmad,1,0,0,0,0,0,,,
202666,2026,Group Stage,66,"May 21, 2026","Narendra Modi Stadium, Ahmedabad",GT,CSK,1,12.1,Sai Sudharsan,Spencer Johnson,0,1,0,1,0,0,,,
202666,2026,Group Stage,66,"May 21, 2026","Narendra Modi Stadium, Ahmedabad",GT,CSK,1,12.2,Shubman Gill,Spencer Johnson,0,0,0,0,0,0,caught,Shubman Gill,Shivam Dube
202666,2026,Group Stage,66,"May 21, 2026","Narendra Modi Stadium, Ahmedabad",GT,CSK,1,12.3,Jos Buttler,Spencer Johnson,4,0,0,0,0,0,,,
202666,2026,Group Stage,66,"May 21, 2026","Narendra Modi Stadium, Ahmedabad",GT,CSK,1,12.4,Jos Buttler,Spencer Johnson,0,0,0,0,0,0,,,
202666,2026,Group Stage,66,"May 21, 2026","Narendra Modi Stadium, Ahmedabad",GT,CSK,1,12.5,Jos Buttler,Spencer Johnson,0,0,0,0,0,0,,,
202666,2026,Group Stage,66,"May 21, 2026","Narendra Modi Stadium, Ahmedabad",GT,CSK,1,12.6,Jos Buttler,Spencer Johnson,0,0,0,0,0,0,,,
202666,2026,Group Stage,66,"May 21, 2026","Narendra Modi Stadium, Ahmedabad",GT,CSK,1,13.1,Sai Sudharsan,Noor Ahmad,4,0,0,0,0,0,,,
202666,2026,Group Stage,66,"May 21, 2026","Narendra Modi Stadium, Ahmedabad",GT,CSK,1,13.2,Sai Sudharsan,Noor Ahmad,1,0,0,0,0,0,,,
202666,2026,Group Stage,66,"May 21, 2026","Narendra Modi Stadium, Ahmedabad",GT,CSK,1,13.3,Jos Buttler,Noor Ahmad,6,0,0,0,0,0,,,
202666,2026,Group Stage,66,"May 21, 2026","Narendra Modi Stadium, Ahmedabad",GT,CSK,1,13.4,Jos Buttler,Noor Ahmad,2,0,0,0,0,0,,,
202666,2026,Group Stage,66,"May 21, 2026","Narendra Modi Stadium, Ahmedabad",GT,CSK,1,13.5,Jos Buttler,Noor Ahmad,1,0,0,0,0,0,,,
202666,2026,Group Stage,66,"May 21, 2026","Narendra Modi Stadium, Ahmedabad",GT,CSK,1,13.6,Sai Sudharsan,Noor Ahmad,0,2,1,0,0,0,,,
202666,2026,Group Stage,66,"May 21, 2026","Narendra Modi Stadium, Ahmedabad",GT,CSK,1,13.6,Jos Buttler,Noor Ahmad,6,0,0,0,0,0,,,
202666,2026,Group Stage,66,"May 21, 2026","Narendra Modi Stadium, Ahmedabad",GT,CSK,1,14.1,Sai Sudharsan,Mukesh Choudhary,0,0,0,0,0,0,,,
202666,2026,Group Stage,66,"May 21, 2026","Narendra Modi Stadium, Ahmedabad",GT,CSK,1,14.2,Sai Sudharsan,Mukesh Choudhary,1,0,0,0,0,0,,,
202666,2026,Group Stage,66,"May 21, 2026","Narendra Modi Stadium, Ahmedabad",GT,CSK,1,14.3,Jos Buttler,Mukesh Choudhary,6,0,0,0,0,0,,,
202666,2026,Group Stage,66,"May 21, 2026","Narendra Modi Stadium, Ahmedabad",GT,CSK,1,14.4,Jos Buttler,Mukesh Choudhary,0,0,0,0,0,0,,,
202666,2026,Group Stage,66,"May 21, 2026","Narendra Modi Stadium, Ahmedabad",GT,CSK,1,14.5,Jos Buttler,Mukesh Choudhary,1,0,0,0,0,0,,,
202666,2026,Group Stage,66,"May 21, 2026","Narendra Modi Stadium, Ahmedabad",GT,CSK,1,14.6,Sai Sudharsan,Mukesh Choudhary,0,0,0,0,0,0,,,
202666,2026,Group Stage,66,"May 21, 2026","Narendra Modi Stadium, Ahmedabad",GT,CSK,1,15.1,Jos Buttler,Anshul Kamboj,1,0,0,0,0,0,,,
202666,2026,Group Stage,66,"May 21, 2026","Narendra Modi Stadium, Ahmedabad",GT,CSK,1,15.2,Sai Sudharsan,Anshul Kamboj,4,0,0,0,0,0,,,
202666,2026,Group Stage,66,"May 21, 2026","Narendra Modi Stadium, Ahmedabad",GT,CSK,1,15.3,Sai Sudharsan,Anshul Kamboj,0,1,1,0,0,0,,,
202666,2026,Group Stage,66,"May 21, 2026","Narendra Modi Stadium, Ahmedabad",GT,CSK,1,15.3,Sai Sudharsan,Anshul Kamboj,1,0,0,0,0,0,,,
202666,2026,Group Stage,66,"May 21, 2026","Narendra Modi Stadium, Ahmedabad",GT,CSK,1,15.4,Jos Buttler,Anshul Kamboj,1,0,0,0,0,0,,,
202666,2026,Group Stage,66,"May 21, 2026","Narendra Modi Stadium, Ahmedabad",GT,CSK,1,15.5,Sai Sudharsan,Anshul Kamboj,6,0,0,0,0,0,,,
202666,2026,Group Stage,66,"May 21, 2026","Narendra Modi Stadium, Ahmedabad",GT,CSK,1,15.6,Sai Sudharsan,Anshul Kamboj,0,0,0,0,0,0,,,
202666,2026,Group Stage,66,"May 21, 2026","Narendra Modi Stadium, Ahmedabad",GT,CSK,1,16.1,Jos Buttler,Spencer Johnson,6,0,0,0,0,0,,,
202666,2026,Group Stage,66,"May 21, 2026","Narendra Modi Stadium, Ahmedabad",GT,CSK,1,16.2,Jos Buttler,Spencer Johnson,0,0,0,0,0,0,,,
202666,2026,Group Stage,66,"May 21, 2026","Narendra Modi Stadium, Ahmedabad",GT,CSK,1,16.2,Jos Buttler,Spencer Johnson,0,1,1,0,0,0,,,
202666,2026,Group Stage,66,"May 21, 2026","Narendra Modi Stadium, Ahmedabad",GT,CSK,1,16.3,Jos Buttler,Spencer Johnson,1,0,0,0,0,0,,,
202666,2026,Group Stage,66,"May 21, 2026","Narendra Modi Stadium, Ahmedabad",GT,CSK,1,16.4,Sai Sudharsan,Spencer Johnson,1,0,0,0,0,0,,,
202666,2026,Group Stage,66,"May 21, 2026","Narendra Modi Stadium, Ahmedabad",GT,CSK,1,16.5,Jos Buttler,Spencer Johnson,1,0,0,0,0,0,,,
202666,2026,Group Stage,66,"May 21, 2026","Narendra Modi Stadium, Ahmedabad",GT,CSK,1,16.6,Jos Buttler,Spencer Johnson,1,0,0,0,0,0,,,
202666,2026,Group Stage,66,"May 21, 2026","Narendra Modi Stadium, Ahmedabad",GT,CSK,1,16.6,Sai Sudharsan,Spencer Johnson,1,1,0,0,0,1,,,
202666,2026,Group Stage,66,"May 21, 2026","Narendra Modi Stadium, Ahmedabad",GT,CSK,1,17.1,Jos Buttler,Gurjapneet Singh,0,1,1,0,0,0,,,
202666,2026,Group Stage,66,"May 21, 2026","Narendra Modi Stadium, Ahmedabad",GT,CSK,1,17.1,Jos Buttler,Gurjapneet Singh,1,0,0,0,0,0,,,
202666,2026,Group Stage,66,"May 21, 2026","Narendra Modi Stadium, Ahmedabad",GT,CSK,1,17.2,Sai Sudharsan,Gurjapneet Singh,1,0,0,0,0,0,,,
202666,2026,Group Stage,66,"May 21, 2026","Narendra Modi Stadium, Ahmedabad",GT,CSK,1,17.3,Jos Buttler,Gurjapneet Singh,1,0,0,0,0,0,,,
202666,2026,Group Stage,66,"May 21, 2026","Narendra Modi Stadium, Ahmedabad",GT,CSK,1,17.4,Sai Sudharsan,Gurjapneet Singh,6,0,0,0,0,0,,,
202666,2026,Group Stage,66,"May 21, 2026","Narendra Modi Stadium, Ahmedabad",GT,CSK,1,17.5,Sai Sudharsan,Gurjapneet Singh,1,0,0,0,0,0,,,
202666,2026,Group Stage,66,"May 21, 2026","Narendra Modi Stadium, Ahmedabad",GT,CSK,1,17.6,Jos Buttler,Gurjapneet Singh,4,0,0,0,0,0,,,
202666,2026,Group Stage,66,"May 21, 2026","Narendra Modi Stadium, Ahmedabad",GT,CSK,1,18.1,Sai Sudharsan,Anshul Kamboj,6,0,0,0,0,0,,,
202666,2026,Group Stage,66,"May 21, 2026","Narendra Modi Stadium, Ahmedabad",GT,CSK,1,18.2,Sai Sudharsan,Anshul Kamboj,0,0,0,0,0,0,caught,Sai Sudharsan,Matthew Short
202666,2026,Group Stage,66,"May 21, 2026","Narendra Modi Stadium, Ahmedabad",GT,CSK,1,18.3,Rahul Tewatia,Anshul Kamboj,0,0,0,0,0,0,runout,Rahul Tewatia,Ruturaj Gaikwad
202666,2026,Group Stage,66,"May 21, 2026","Narendra Modi Stadium, Ahmedabad",GT,CSK,1,18.4,Jos Buttler,Anshul Kamboj,4,0,0,0,0,0,,,
202666,2026,Group Stage,66,"May 21, 2026","Narendra Modi Stadium, Ahmedabad",GT,CSK,1,18.5,Jos Buttler,Anshul Kamboj,4,0,0,0,0,0,,,
202666,2026,Group Stage,66,"May 21, 2026","Narendra Modi Stadium, Ahmedabad",GT,CSK,1,18.6,Jos Buttler,Anshul Kamboj,0,1,0,1,0,0,,,
202666,2026,Group Stage,66,"May 21, 2026","Narendra Modi Stadium, Ahmedabad",GT,CSK,1,19.1,Jos Buttler,Mukesh Choudhary,4,0,0,0,0,0,,,
202666,2026,Group Stage,66,"May 21, 2026","Narendra Modi Stadium, Ahmedabad",GT,CSK,1,19.2,Jos Buttler,Mukesh Choudhary,1,0,0,0,0,0,,,
202666,2026,Group Stage,66,"May 21, 2026","Narendra Modi Stadium, Ahmedabad",GT,CSK,1,19.3,Washington Sundar,Mukesh Choudhary,6,0,0,0,0,0,,,
202666,2026,Group Stage,66,"May 21, 2026","Narendra Modi Stadium, Ahmedabad",GT,CSK,1,19.4,Washington Sundar,Mukesh Choudhary,1,0,0,0,0,0,,,
202666,2026,Group Stage,66,"May 21, 2026","Narendra Modi Stadium, Ahmedabad",GT,CSK,1,19.5,Jos Buttler,Mukesh Choudhary,1,0,0,0,0,0,,,
202666,2026,Group Stage,66,"May 21, 2026","Narendra Modi Stadium, Ahmedabad",GT,CSK,1,19.6,Washington Sundar,Mukesh Choudhary,0,0,0,0,0,0,caught,Washington Sundar,Urvil Patel
